{"type":"FeatureCollection","features":[{"type":"Feature","properties":{"mode":"bus","n":8,"arr":["B7","C11A","C11B","C11C","C11D","C11E","C11F","R18"],"lines":"7, 11A, 11B, 11C, 11D, 11E, 11F, 18"},"geometry":{"type":"LineString","coordinates":[[-99.135187,19.448629],[-99.135078,19.448719],[-99.134951,19.448785],[-99.134811,19.448823],[-99.134667,19.448833],[-99.134422,19.448779]]}},{"type":"Feature","properties":{"mode":"bus","n":8,"arr":["B7","C11A","C11B","C11C","C11D","C11E","C11F","R18"],"lines":"7, 11A, 11B, 11C, 11D, 11E, 11F, 18"},"geometry":{"type":"LineString","coordinates":[[-99.135361,19.448263],[-99.135354,19.448088],[-99.135325,19.447995],[-99.135323,19.447963],[-99.135339,19.447934],[-99.135595,19.447664],[-99.138818,19.444731],[-99.138984,19.444644],[-99.139372,19.444517],[-99.139533,19.44442],[-99.139808,19.444158]]}},{"type":"Feature","properties":{"mode":"bus","n":5,"arr":["B7","C11A","C11B","C11C","C11E"],"lines":"7, 11A, 11B, 11C, 11E"},"geometry":{"type":"LineString","coordinates":[[-99.135361,19.448263],[-99.135306,19.448459],[-99.135187,19.448629]]}},{"type":"Feature","properties":{"mode":"bus","n":6,"arr":["C2B","C2C","C2E","R17-E","R134-C","R134-D"],"lines":"2B, 2C, 2E, 17-E, 134-C, 134-D"},"geometry":{"type":"LineString","coordinates":[[-99.159489,19.303687],[-99.1627,19.307],[-99.163667,19.307939],[-99.163753,19.307967],[-99.164092,19.308282]]}},{"type":"Feature","properties":{"mode":"bus","n":6,"arr":["C2B","C2C","C2E","R17-E","R134-C","R134-D"],"lines":"2B, 2C, 2E, 17-E, 134-C, 134-D"},"geometry":{"type":"LineString","coordinates":[[-99.157946,19.302432],[-99.158623,19.303085],[-99.158966,19.30332],[-99.159516,19.303827],[-99.160387,19.304746],[-99.162217,19.306608],[-99.163484,19.307859],[-99.163651,19.308125],[-99.164092,19.308282],[-99.16835,19.31074],[-99.168593,19.310901],[-99.168848,19.311188],[-99.169223,19.31174],[-99.169525,19.311976],[-99.169869,19.312137],[-99.171099,19.312488]]}},{"type":"Feature","properties":{"mode":"bus","n":6,"arr":["C2B","C2C","C2E","R17-E","R134-C","R134-D"],"lines":"2B, 2C, 2E, 17-E, 134-C, 134-D"},"geometry":{"type":"LineString","coordinates":[[-99.170538,19.312047],[-99.169723,19.311823],[-99.169172,19.31142],[-99.169104,19.311327],[-99.169086,19.311261],[-99.169037,19.310848]]}},{"type":"Feature","properties":{"mode":"bus","n":6,"arr":["C2B","C2C","C2E","R17-E","R134-C","R134-D"],"lines":"2B, 2C, 2E, 17-E, 134-C, 134-D"},"geometry":{"type":"LineString","coordinates":[[-99.168601,19.310425],[-99.167201,19.31008]]}},{"type":"Feature","properties":{"mode":"bus","n":6,"arr":["C2B","C2C","C2E","R17-E","R134-C","R134-D"],"lines":"2B, 2C, 2E, 17-E, 134-C, 134-D"},"geometry":{"type":"LineString","coordinates":[[-99.158949,19.30317],[-99.159234,19.30342]]}},{"type":"Feature","properties":{"mode":"bus","n":5,"arr":["C8D","C23A","C23B","C23C","C23D"],"lines":"8D, 23A, 23B, 23C, 23D"},"geometry":{"type":"LineString","coordinates":[[-99.226725,19.43105],[-99.226986,19.430638],[-99.227351,19.430297],[-99.227593,19.430028],[-99.228235,19.429123],[-99.228721,19.428499],[-99.228734,19.428487],[-99.22875,19.42848],[-99.228768,19.42848],[-99.228823,19.428488],[-99.228907,19.428471]]}},{"type":"Feature","properties":{"mode":"bus","n":5,"arr":["C8D","C23A","C23B","C23C","C23D"],"lines":"8D, 23A, 23B, 23C, 23D"},"geometry":{"type":"LineString","coordinates":[[-99.229044,19.428314],[-99.229049,19.428263]]}},{"type":"Feature","properties":{"mode":"bus","n":6,"arr":["C10A","C10B","C10C","C10D","C10E","R18"],"lines":"10A, 10B, 10C, 10D, 10E, 18"},"geometry":{"type":"LineString","coordinates":[[-99.098397,19.442678],[-99.098345,19.442608],[-99.098201,19.442504]]}},{"type":"Feature","properties":{"mode":"bus","n":6,"arr":["C10A","C10B","C10C","C10D","C10E","R18"],"lines":"10A, 10B, 10C, 10D, 10E, 18"},"geometry":{"type":"LineString","coordinates":[[-99.098129,19.442477],[-99.098036,19.442459],[-99.097849,19.442479],[-99.097747,19.442524],[-99.097649,19.442601],[-99.097576,19.4427]]}},{"type":"Feature","properties":{"mode":"bus","n":5,"arr":["C10A","C10B","C10C","C10D","C10E"],"lines":"10A, 10B, 10C, 10D, 10E"},"geometry":{"type":"LineString","coordinates":[[-99.098201,19.442504],[-99.098129,19.442477]]}},{"type":"Feature","properties":{"mode":"bus","n":5,"arr":["C10A","C10B","C10C","C10D","C10E"],"lines":"10A, 10B, 10C, 10D, 10E"},"geometry":{"type":"LineString","coordinates":[[-99.115769,19.450037],[-99.111617,19.449102],[-99.102436,19.447134],[-99.099172,19.446386],[-99.096836,19.445887],[-99.095727,19.44563],[-99.093636,19.444917]]}},{"type":"Feature","properties":{"mode":"bus","n":5,"arr":["C10A","C10B","C10C","C10D","C10E"],"lines":"10A, 10B, 10C, 10D, 10E"},"geometry":{"type":"LineString","coordinates":[[-99.124085,19.451843],[-99.122478,19.451495],[-99.122462,19.451494],[-99.12245,19.451498],[-99.122443,19.451508],[-99.12244,19.451523],[-99.122439,19.451593],[-99.122436,19.451608],[-99.122429,19.451618],[-99.122417,19.451622],[-99.122401,19.451621],[-99.122006,19.451537],[-99.121971,19.451505],[-99.121945,19.451415],[-99.121935,19.451395],[-99.12192,19.45138],[-99.121898,19.451372],[-99.117932,19.450492],[-99.115953,19.450078]]}},{"type":"Feature","properties":{"mode":"bus","n":5,"arr":["C10A","C10B","C10C","C10D","C10E"],"lines":"10A, 10B, 10C, 10D, 10E"},"geometry":{"type":"LineString","coordinates":[[-99.093563,19.444895],[-99.092493,19.444536]]}},{"type":"Feature","properties":{"mode":"bus","n":5,"arr":["C10A","C10B","C10C","C10D","C10E"],"lines":"10A, 10B, 10C, 10D, 10E"},"geometry":{"type":"LineString","coordinates":[[-99.136062,19.45439],[-99.134684,19.454055],[-99.134371,19.454002],[-99.132513,19.453568],[-99.131517,19.453364],[-99.131346,19.453184],[-99.131102,19.453154]]}},{"type":"Feature","properties":{"mode":"bus","n":5,"arr":["C10A","C10B","C10C","C10D","C10E"],"lines":"10A, 10B, 10C, 10D, 10E"},"geometry":{"type":"LineString","coordinates":[[-99.170337,19.460841],[-99.167424,19.460372],[-99.166189,19.46015],[-99.163543,19.459753],[-99.152429,19.457963],[-99.149788,19.45748],[-99.148568,19.45713],[-99.147145,19.456767]]}},{"type":"Feature","properties":{"mode":"bus","n":5,"arr":["C10A","C10B","C10C","C10D","C10E"],"lines":"10A, 10B, 10C, 10D, 10E"},"geometry":{"type":"LineString","coordinates":[[-99.1383,19.454901],[-99.136997,19.45462]]}},{"type":"Feature","properties":{"mode":"bus","n":5,"arr":["C10A","C10B","C10C","C10D","C10E"],"lines":"10A, 10B, 10C, 10D, 10E"},"geometry":{"type":"LineString","coordinates":[[-99.14665,19.456824],[-99.142635,19.455885],[-99.138446,19.454935]]}},{"type":"Feature","properties":{"mode":"bus","n":5,"arr":["C10A","C10B","C10C","C10D","C10E"],"lines":"10A, 10B, 10C, 10D, 10E"},"geometry":{"type":"LineString","coordinates":[[-99.170675,19.460798],[-99.170524,19.460548]]}},{"type":"Feature","properties":{"mode":"bus","n":8,"arr":["C12A","C12B","C12C","C12D","C23A","C23B","C23C","C23D"],"lines":"12A, 12B, 12C, 12D, 23A, 23B, 23C, 23D"},"geometry":{"type":"LineString","coordinates":[[-99.210782,19.445036],[-99.210984,19.444946],[-99.211207,19.444792],[-99.21132,19.444665],[-99.211382,19.444538]]}},{"type":"Feature","properties":{"mode":"bus","n":5,"arr":["C25C","C25D","C25E","R81-A","R143"],"lines":"25C, 25D, 25E, 81-A, 143"},"geometry":{"type":"LineString","coordinates":[[-99.062182,19.253546],[-99.061052,19.252604],[-99.060296,19.252067],[-99.059442,19.251332],[-99.059183,19.250979],[-99.058681,19.250185],[-99.057838,19.249161],[-99.057684,19.249076],[-99.057488,19.249095],[-99.056895,19.249216],[-99.05688,19.249217],[-99.05687,19.249213],[-99.056864,19.249205],[-99.056861,19.249192],[-99.056861,19.249163],[-99.056857,19.249145],[-99.056847,19.249131],[-99.056831,19.249121],[-99.0568,19.249108],[-99.056777,19.249104],[-99.056754,19.249112],[-99.056736,19.249123],[-99.05672,19.24914],[-99.056715,19.249162],[-99.056716,19.249226]]}},{"type":"Feature","properties":{"mode":"bus","n":5,"arr":["C25C","C25D","C25E","R81-A","R143"],"lines":"25C, 25D, 25E, 81-A, 143"},"geometry":{"type":"LineString","coordinates":[[-99.065882,19.255252],[-99.065459,19.25527],[-99.065072,19.255184],[-99.06485,19.25511],[-99.064594,19.254974],[-99.063759,19.254452],[-99.063692,19.254345]]}},{"type":"Feature","properties":{"mode":"bus","n":5,"arr":["R34-A","R34-B","R115","R118","R300-B"],"lines":"34-A, 34-B, 115, 118, 300-B"},"geometry":{"type":"LineString","coordinates":[[-99.264979,19.363174],[-99.265445,19.362822],[-99.266469,19.361919],[-99.266843,19.361753],[-99.266877,19.361746],[-99.266911,19.361755],[-99.2671,19.361849],[-99.267214,19.361851],[-99.267286,19.36183],[-99.267417,19.361722],[-99.267463,19.361585]]}},{"type":"Feature","properties":{"mode":"bus","n":5,"arr":["R34-A","R34-B","R115","R118","R300-B"],"lines":"34-A, 34-B, 115, 118, 300-B"},"geometry":{"type":"LineString","coordinates":[[-99.265005,19.362703],[-99.265118,19.362736],[-99.265293,19.362735],[-99.265462,19.362662],[-99.266449,19.361786],[-99.266827,19.361605],[-99.266853,19.361584],[-99.266864,19.361555],[-99.266871,19.361491],[-99.266941,19.361375],[-99.267007,19.361325],[-99.267145,19.361286],[-99.267241,19.361295],[-99.267336,19.361337],[-99.267412,19.361411]]}},{"type":"Feature","properties":{"mode":"bus","n":7,"arr":["B1","C22A","R1-D","R120","R121-A","R200","T13"],"lines":"1, 22A, 1-D, 120, 121-A, 200, 13"},"geometry":{"type":"LineString","coordinates":[[-99.18071,19.368113],[-99.180741,19.36813]]}},{"type":"Feature","properties":{"mode":"bus","n":6,"arr":["C22A","R1-D","R120","R121-A","R200","T13"],"lines":"22A, 1-D, 120, 121-A, 200, 13"},"geometry":{"type":"LineString","coordinates":[[-99.180741,19.36813],[-99.180835,19.368159],[-99.180935,19.368146],[-99.181038,19.368163],[-99.182248,19.369075],[-99.183505,19.36991],[-99.18372,19.369992],[-99.186162,19.371572]]}},{"type":"Feature","properties":{"mode":"bus","n":6,"arr":["C22A","R1-D","R120","R121-A","R200","T13"],"lines":"22A, 1-D, 120, 121-A, 200, 13"},"geometry":{"type":"LineString","coordinates":[[-99.180588,19.367922],[-99.180595,19.367956]]}},{"type":"Feature","properties":{"mode":"bus","n":6,"arr":["C22A","R1-D","R120","R121-A","R200","T13"],"lines":"22A, 1-D, 120, 121-A, 200, 13"},"geometry":{"type":"LineString","coordinates":[[-99.180653,19.368063],[-99.18071,19.368113]]}},{"type":"Feature","properties":{"mode":"bus","n":5,"arr":["B2","CZ2I","CZ2J","R112","R119"],"lines":"2, Z2I, Z2J, 112, 119"},"geometry":{"type":"LineString","coordinates":[[-99.187332,19.402073],[-99.187181,19.402282]]}},{"type":"Feature","properties":{"mode":"bus","n":14,"arr":["B2","C9A","C9C","C9E","C9F","CZ2I","CZ2J","R110","R110-B","R110-C","R112","R113-B","R119","RL1"],"lines":"2, 9A, 9C, 9E, 9F, Z2I, Z2J, 110, 110-B, 110-C, 112, 113-B, 119, L1"},"geometry":{"type":"LineString","coordinates":[[-99.18659,19.403555],[-99.18684,19.403125],[-99.186924,19.402938],[-99.187017,19.402598],[-99.187181,19.402282]]}},{"type":"Feature","properties":{"mode":"bus","n":6,"arr":["B2","CZ2I","CZ2J","R112","R119","RL1"],"lines":"2, Z2I, Z2J, 112, 119, L1"},"geometry":{"type":"LineString","coordinates":[[-99.186347,19.403958],[-99.18659,19.403555]]}},{"type":"Feature","properties":{"mode":"bus","n":7,"arr":["B2","BSL1","CZ2I","CZ2J","R112","R119","RL1"],"lines":"2, SL01, Z2I, Z2J, 112, 119, L1"},"geometry":{"type":"LineString","coordinates":[[-99.185605,19.405292],[-99.186347,19.403958]]}},{"type":"Feature","properties":{"mode":"bus","n":5,"arr":["B2","C4A","C4B","C4C","R47-A"],"lines":"2, 4A, 4B, 4C, 47-A"},"geometry":{"type":"LineString","coordinates":[[-99.060941,19.382539],[-99.06095,19.382725]]}},{"type":"Feature","properties":{"mode":"bus","n":6,"arr":["B2","C4A","C4B","C4C","R47-A","T9"],"lines":"2, 4A, 4B, 4C, 47-A, 9"},"geometry":{"type":"LineString","coordinates":[[-99.059594,19.390036],[-99.060338,19.385633],[-99.060741,19.3831],[-99.060778,19.382614]]}},{"type":"Feature","properties":{"mode":"bus","n":6,"arr":["B2","C4A","C4B","C4C","R47-A","T9"],"lines":"2, 4A, 4B, 4C, 47-A, 9"},"geometry":{"type":"LineString","coordinates":[[-99.06095,19.382725],[-99.060628,19.384835],[-99.059823,19.389666]]}},{"type":"Feature","properties":{"mode":"bus","n":7,"arr":["B2","C4A","C4B","C4C","C14A","R47-A","T9"],"lines":"2, 4A, 4B, 4C, 14A, 47-A, 9"},"geometry":{"type":"LineString","coordinates":[[-99.058668,19.395092],[-99.058977,19.393764],[-99.059594,19.390036]]}},{"type":"Feature","properties":{"mode":"bus","n":6,"arr":["B2","C9A","C9B","C9C","C9E","T9"],"lines":"2, 9A, 9B, 9C, 9E, 9"},"geometry":{"type":"LineString","coordinates":[[-99.048756,19.39048],[-99.048437,19.39101]]}},{"type":"Feature","properties":{"mode":"bus","n":6,"arr":["B2","C9A","C9B","C9C","C9E","T9"],"lines":"2, 9A, 9B, 9C, 9E, 9"},"geometry":{"type":"LineString","coordinates":[[-99.059823,19.389666],[-99.059553,19.389813],[-99.059382,19.389832],[-99.05926,19.389809]]}},{"type":"Feature","properties":{"mode":"bus","n":5,"arr":["B2","C9A","C9C","C9E","C9F"],"lines":"2, 9A, 9C, 9E, 9F"},"geometry":{"type":"LineString","coordinates":[[-99.178075,19.405918],[-99.184037,19.407848]]}},{"type":"Feature","properties":{"mode":"bus","n":5,"arr":["B2","C9A","C9C","C9E","C9F"],"lines":"2, 9A, 9C, 9E, 9F"},"geometry":{"type":"LineString","coordinates":[[-99.184208,19.407898],[-99.184336,19.407929]]}},{"type":"Feature","properties":{"mode":"bus","n":5,"arr":["B2","C9A","C9C","C9E","C9F"],"lines":"2, 9A, 9C, 9E, 9F"},"geometry":{"type":"LineString","coordinates":[[-99.189698,19.407784],[-99.188648,19.405622],[-99.188354,19.40509],[-99.187949,19.404174],[-99.187781,19.403852]]}},{"type":"Feature","properties":{"mode":"bus","n":7,"arr":["B2","BSL1","C9A","C9C","C9E","C9F","RL1"],"lines":"2, SL01, 9A, 9C, 9E, 9F, L1"},"geometry":{"type":"LineString","coordinates":[[-99.184037,19.407848],[-99.184208,19.407898]]}},{"type":"Feature","properties":{"mode":"bus","n":6,"arr":["B2","C9A","C9C","C9E","C9F","C19G"],"lines":"2, 9A, 9C, 9E, 9F, 19G"},"geometry":{"type":"LineString","coordinates":[[-99.184336,19.407929],[-99.184559,19.407955],[-99.186017,19.407892],[-99.189698,19.407784]]}},{"type":"Feature","properties":{"mode":"bus","n":8,"arr":["B3","C19B","C19C","C19D","C19E","C19G","C19H","C19I"],"lines":"3, 19B, 19C, 19D, 19E, 19G, 19H, 19I"},"geometry":{"type":"LineString","coordinates":[[-99.148936,19.427207],[-99.148985,19.42719]]}},{"type":"Feature","properties":{"mode":"bus","n":6,"arr":["C11A","C11B","C11C","C11D","C11E","C11F"],"lines":"11A, 11B, 11C, 11D, 11E, 11F"},"geometry":{"type":"LineString","coordinates":[[-99.121494,19.441386],[-99.120182,19.439968],[-99.118889,19.438481],[-99.118701,19.438338],[-99.118522,19.438282],[-99.118228,19.438238],[-99.114369,19.437926]]}},{"type":"Feature","properties":{"mode":"bus","n":6,"arr":["C11A","C11B","C11C","C11D","C11E","C11F"],"lines":"11A, 11B, 11C, 11D, 11E, 11F"},"geometry":{"type":"LineString","coordinates":[[-99.167169,19.450343],[-99.166728,19.450262]]}},{"type":"Feature","properties":{"mode":"bus","n":6,"arr":["C11A","C11B","C11C","C11D","C11E","C11F"],"lines":"11A, 11B, 11C, 11D, 11E, 11F"},"geometry":{"type":"LineString","coordinates":[[-99.120425,19.440117],[-99.118918,19.438406],[-99.118738,19.43827],[-99.11857,19.438222],[-99.118308,19.438183],[-99.116114,19.438015],[-99.114382,19.437856]]}},{"type":"Feature","properties":{"mode":"bus","n":6,"arr":["C11A","C11B","C11C","C11D","C11E","C11F"],"lines":"11A, 11B, 11C, 11D, 11E, 11F"},"geometry":{"type":"LineString","coordinates":[[-99.114198,19.437826],[-99.111858,19.437526],[-99.110628,19.437474]]}},{"type":"Feature","properties":{"mode":"bus","n":6,"arr":["C11A","C11B","C11C","C11D","C11E","C11F"],"lines":"11A, 11B, 11C, 11D, 11E, 11F"},"geometry":{"type":"LineString","coordinates":[[-99.110083,19.437436],[-99.109968,19.437394],[-99.109512,19.437357],[-99.109285,19.437314],[-99.109072,19.437204],[-99.108879,19.437],[-99.108776,19.436747],[-99.108632,19.43565],[-99.108498,19.435212],[-99.108226,19.434666],[-99.108037,19.434375],[-99.10792,19.434244],[-99.107651,19.43404],[-99.107341,19.433895],[-99.105377,19.433265],[-99.096108,19.428638]]}},{"type":"Feature","properties":{"mode":"bus","n":6,"arr":["C11A","C11B","C11C","C11D","C11E","C11F"],"lines":"11A, 11B, 11C, 11D, 11E, 11F"},"geometry":{"type":"LineString","coordinates":[[-99.110605,19.437603],[-99.112068,19.437688],[-99.114174,19.437961]]}},{"type":"Feature","properties":{"mode":"bus","n":6,"arr":["C11A","C11B","C11C","C11D","C11E","C11F"],"lines":"11A, 11B, 11C, 11D, 11E, 11F"},"geometry":{"type":"LineString","coordinates":[[-99.09457,19.427897],[-99.093166,19.427207],[-99.091926,19.42643],[-99.091509,19.426216],[-99.088483,19.424423],[-99.081783,19.420562],[-99.081426,19.420299],[-99.081177,19.420048],[-99.080874,19.419614],[-99.080454,19.41893],[-99.08024,19.418688],[-99.078303,19.417311]]}},{"type":"Feature","properties":{"mode":"bus","n":6,"arr":["C11A","C11B","C11C","C11D","C11E","C11F"],"lines":"11A, 11B, 11C, 11D, 11E, 11F"},"geometry":{"type":"LineString","coordinates":[[-99.07557,19.415949],[-99.076629,19.416532],[-99.07822,19.417491]]}},{"type":"Feature","properties":{"mode":"bus","n":6,"arr":["C11A","C11B","C11C","C11D","C11E","C11F"],"lines":"11A, 11B, 11C, 11D, 11E, 11F"},"geometry":{"type":"LineString","coordinates":[[-99.167184,19.450562],[-99.166833,19.450499],[-99.166733,19.45044]]}},{"type":"Feature","properties":{"mode":"bus","n":7,"arr":["C11A","C11B","C11C","C11D","C11E","C11F","R18"],"lines":"11A, 11B, 11C, 11D, 11E, 11F, 18"},"geometry":{"type":"LineString","coordinates":[[-99.122549,19.442384],[-99.122381,19.442268],[-99.121856,19.441792],[-99.121494,19.441386]]}},{"type":"Feature","properties":{"mode":"bus","n":8,"arr":["C5A","C11A","C11B","C11C","C11D","C11E","C11F","R18"],"lines":"5A, 11A, 11B, 11C, 11D, 11E, 11F, 18"},"geometry":{"type":"LineString","coordinates":[[-99.122795,19.442546],[-99.122549,19.442384]]}},{"type":"Feature","properties":{"mode":"bus","n":9,"arr":["C5A","C11A","C11B","C11C","C11D","C11E","C11F","R18","R33"],"lines":"5A, 11A, 11B, 11C, 11D, 11E, 11F, 18, 33"},"geometry":{"type":"LineString","coordinates":[[-99.123103,19.44268],[-99.122795,19.442546]]}},{"type":"Feature","properties":{"mode":"bus","n":5,"arr":["B5","C11B","C11E","CZ4F","CZ4G"],"lines":"5, 11B, 11E, Z4F, Z4G"},"geometry":{"type":"LineString","coordinates":[[-99.114174,19.437961],[-99.114183,19.437908]]}},{"type":"Feature","properties":{"mode":"bus","n":7,"arr":["B4","C11A","C11B","C11C","C11D","C11E","C11F"],"lines":"4, 11A, 11B, 11C, 11D, 11E, 11F"},"geometry":{"type":"LineString","coordinates":[[-99.110628,19.437474],[-99.110083,19.437436]]}},{"type":"Feature","properties":{"mode":"bus","n":7,"arr":["B4","C11A","C11B","C11C","C11D","C11E","C11F"],"lines":"4, 11A, 11B, 11C, 11D, 11E, 11F"},"geometry":{"type":"LineString","coordinates":[[-99.07822,19.417491],[-99.079252,19.418159],[-99.079976,19.418655],[-99.080193,19.418828],[-99.080456,19.419153],[-99.080762,19.41968],[-99.0811,19.420164],[-99.081344,19.420415],[-99.081579,19.420589],[-99.082572,19.421179],[-99.088643,19.424668],[-99.093122,19.427354],[-99.094423,19.428],[-99.096036,19.428764],[-99.105394,19.433425],[-99.107179,19.433989],[-99.107406,19.434081],[-99.107584,19.434182],[-99.107763,19.43432],[-99.107955,19.434559],[-99.10814,19.434857],[-99.108422,19.435437],[-99.108463,19.435607],[-99.108483,19.435942],[-99.108602,19.436758],[-99.108701,19.437026],[-99.108825,19.437192],[-99.10903,19.437369],[-99.109339,19.437494],[-99.109555,19.437527],[-99.110605,19.437603]]}},{"type":"Feature","properties":{"mode":"bus","n":9,"arr":["B4","C11A","C11C","C11D","C11F","C19A","C19B","C19F","C19I"],"lines":"4, 11A, 11C, 11D, 11F, 19A, 19B, 19F, 19I"},"geometry":{"type":"LineString","coordinates":[[-99.078303,19.417311],[-99.07822,19.417491],[-99.07767,19.418339]]}},{"type":"Feature","properties":{"mode":"bus","n":8,"arr":["B4","C11A","C11C","C11D","C19A","C19B","C19F","C19I"],"lines":"4, 11A, 11C, 11D, 19A, 19B, 19F, 19I"},"geometry":{"type":"LineString","coordinates":[[-99.07767,19.418339],[-99.075227,19.416919],[-99.075094,19.416891],[-99.074946,19.416941]]}},{"type":"Feature","properties":{"mode":"bus","n":5,"arr":["B4","C19A","C19B","C19F","C19I"],"lines":"4, 19A, 19B, 19F, 19I"},"geometry":{"type":"LineString","coordinates":[[-99.074946,19.416941],[-99.074791,19.417049],[-99.074697,19.417166]]}},{"type":"Feature","properties":{"mode":"bus","n":5,"arr":["B4","C19A","C19B","C19I","R168"],"lines":"4, 19A, 19B, 19I, 168"},"geometry":{"type":"LineString","coordinates":[[-99.072428,19.417507],[-99.072311,19.417493],[-99.071682,19.417534],[-99.071532,19.417579]]}},{"type":"Feature","properties":{"mode":"bus","n":6,"arr":["B4","C19A","C19B","C19F","C19I","R168"],"lines":"4, 19A, 19B, 19F, 19I, 168"},"geometry":{"type":"LineString","coordinates":[[-99.070773,19.418792],[-99.070946,19.4185]]}},{"type":"Feature","properties":{"mode":"bus","n":5,"arr":["B5","C11A","C11C","C11D","C11F"],"lines":"5, 11A, 11C, 11D, 11F"},"geometry":{"type":"LineString","coordinates":[[-99.114361,19.437959],[-99.114369,19.437926]]}},{"type":"Feature","properties":{"mode":"bus","n":5,"arr":["B5","C15A","C15B","C15C","CZ4B"],"lines":"5, 15A, 15B, 15C, Z4B"},"geometry":{"type":"LineString","coordinates":[[-99.101439,19.470502],[-99.101651,19.470615]]}},{"type":"Feature","properties":{"mode":"bus","n":6,"arr":["B5","C15A","C15B","C15C","CZ4A","CZ4B"],"lines":"5, 15A, 15B, 15C, Z4A, Z4B"},"geometry":{"type":"LineString","coordinates":[[-99.101718,19.470442],[-99.101528,19.470349]]}},{"type":"Feature","properties":{"mode":"bus","n":5,"arr":["C15A","C15B","C15C","CZ4A","CZ4B"],"lines":"15A, 15B, 15C, Z4A, Z4B"},"geometry":{"type":"LineString","coordinates":[[-99.101528,19.470349],[-99.099211,19.469175],[-99.098425,19.468738],[-99.096542,19.467792]]}},{"type":"Feature","properties":{"mode":"bus","n":5,"arr":["C15A","C15B","C15C","CZ4A","CZ4B"],"lines":"15A, 15B, 15C, Z4A, Z4B"},"geometry":{"type":"LineString","coordinates":[[-99.104391,19.471789],[-99.103619,19.471416],[-99.101718,19.470442]]}},{"type":"Feature","properties":{"mode":"bus","n":5,"arr":["C15A","C15B","C15C","CZ4A","CZ4B"],"lines":"15A, 15B, 15C, Z4A, Z4B"},"geometry":{"type":"LineString","coordinates":[[-99.093514,19.46685],[-99.094273,19.467087],[-99.095548,19.467525],[-99.098584,19.46908],[-99.099143,19.469339]]}},{"type":"Feature","properties":{"mode":"bus","n":5,"arr":["C15A","C15B","C15C","CZ4A","CZ4B"],"lines":"15A, 15B, 15C, Z4A, Z4B"},"geometry":{"type":"LineString","coordinates":[[-99.080654,19.46371],[-99.085661,19.464866],[-99.08631,19.464992]]}},{"type":"Feature","properties":{"mode":"bus","n":5,"arr":["C15A","C15B","C15C","CZ4A","CZ4B"],"lines":"15A, 15B, 15C, Z4A, Z4B"},"geometry":{"type":"LineString","coordinates":[[-99.081255,19.464079],[-99.082369,19.464352],[-99.085616,19.465085],[-99.086208,19.465187]]}},{"type":"Feature","properties":{"mode":"bus","n":7,"arr":["B5","C11A","C11B","C11C","C11D","C11E","C11F"],"lines":"5, 11A, 11B, 11C, 11D, 11E, 11F"},"geometry":{"type":"LineString","coordinates":[[-99.114382,19.437856],[-99.114198,19.437826]]}},{"type":"Feature","properties":{"mode":"bus","n":10,"arr":["B5","C19A","C19B","C19C","C19D","C19E","C19F","C19G","C19H","C19I"],"lines":"5, 19A, 19B, 19C, 19D, 19E, 19F, 19G, 19H, 19I"},"geometry":{"type":"LineString","coordinates":[[-99.111448,19.426772],[-99.111516,19.426704],[-99.111828,19.424094],[-99.112214,19.420224]]}},{"type":"Feature","properties":{"mode":"bus","n":9,"arr":["C19A","C19B","C19C","C19D","C19E","C19F","C19G","C19H","C19I"],"lines":"19A, 19B, 19C, 19D, 19E, 19F, 19G, 19H, 19I"},"geometry":{"type":"LineString","coordinates":[[-99.100845,19.417262],[-99.10933,19.419454],[-99.111788,19.420064],[-99.111808,19.420073],[-99.111819,19.420088],[-99.111821,19.420109],[-99.111573,19.422359],[-99.111404,19.424449],[-99.111276,19.425089],[-99.111103,19.426688],[-99.111142,19.426755],[-99.111204,19.426793],[-99.111393,19.426803],[-99.111448,19.426772]]}},{"type":"Feature","properties":{"mode":"bus","n":9,"arr":["C19A","C19B","C19C","C19D","C19E","C19F","C19G","C19H","C19I"],"lines":"19A, 19B, 19C, 19D, 19E, 19F, 19G, 19H, 19I"},"geometry":{"type":"LineString","coordinates":[[-99.098998,19.416759],[-99.098189,19.416938],[-99.097977,19.416889],[-99.081786,19.407517],[-99.081766,19.40751],[-99.081749,19.407514],[-99.081734,19.407528],[-99.081677,19.407612],[-99.081671,19.407626],[-99.08167,19.407639],[-99.081677,19.407651],[-99.08169,19.407661],[-99.097735,19.416927],[-99.09803,19.417062],[-99.09819,19.417089],[-99.098316,19.417083]]}},{"type":"Feature","properties":{"mode":"bus","n":9,"arr":["B5","C25A","C25B","C25C","C25D","R39-B","R47-A","R81-A","R143"],"lines":"5, 25A, 25B, 25C, 25D, 39-B, 47-A, 81-A, 143"},"geometry":{"type":"LineString","coordinates":[[-99.119899,19.273912],[-99.119979,19.27405]]}},{"type":"Feature","properties":{"mode":"bus","n":9,"arr":["B5","C25A","C25B","C25C","C25D","R39-B","R47-A","R81-A","R143"],"lines":"5, 25A, 25B, 25C, 25D, 39-B, 47-A, 81-A, 143"},"geometry":{"type":"LineString","coordinates":[[-99.120086,19.274011],[-99.119992,19.273848]]}},{"type":"Feature","properties":{"mode":"bus","n":8,"arr":["B6","R19","R19-A","R59","R59-A","R107","T4","T6"],"lines":"6, 19, 19-A, 59, 59-A, 107, 4, 6"},"geometry":{"type":"LineString","coordinates":[[-99.198281,19.51142],[-99.19814,19.511428]]}},{"type":"Feature","properties":{"mode":"bus","n":7,"arr":["R19","R19-A","R59","R59-A","R107","T4","T6"],"lines":"19, 19-A, 59, 59-A, 107, 4, 6"},"geometry":{"type":"LineString","coordinates":[[-99.197346,19.511487],[-99.19814,19.511428]]}},{"type":"Feature","properties":{"mode":"bus","n":7,"arr":["R19","R19-A","R59","R59-A","R107","T4","T6"],"lines":"19, 19-A, 59, 59-A, 107, 4, 6"},"geometry":{"type":"LineString","coordinates":[[-99.198511,19.511026],[-99.199882,19.506894],[-99.199918,19.506677]]}},{"type":"Feature","properties":{"mode":"bus","n":7,"arr":["R19","R19-A","R59","R59-A","R107","T4","T6"],"lines":"19, 19-A, 59, 59-A, 107, 4, 6"},"geometry":{"type":"LineString","coordinates":[[-99.20118,19.50119],[-99.20109,19.501147],[-99.198647,19.500434],[-99.198535,19.500427],[-99.19841,19.50045],[-99.19831,19.500496],[-99.198239,19.500588],[-99.19778,19.501795],[-99.197453,19.502872],[-99.197446,19.503038],[-99.197555,19.503448],[-99.198015,19.504776],[-99.198221,19.505446],[-99.198357,19.505941],[-99.198383,19.506084],[-99.198376,19.506237],[-99.198353,19.506361],[-99.197905,19.507724],[-99.197792,19.508815],[-99.197616,19.509416],[-99.197057,19.510976]]}},{"type":"Feature","properties":{"mode":"bus","n":7,"arr":["B6","B7","R101-A","R101-B","R101-D","R107-B","T5"],"lines":"6, 7, 101-A, 101-B, 101-D, 107-B, 5"},"geometry":{"type":"LineString","coordinates":[[-99.113886,19.483893],[-99.113925,19.483725],[-99.114366,19.482485]]}},{"type":"Feature","properties":{"mode":"bus","n":7,"arr":["B6","B7","R101-A","R101-B","R101-D","R107-B","T5"],"lines":"6, 7, 101-A, 101-B, 101-D, 107-B, 5"},"geometry":{"type":"LineString","coordinates":[[-99.113688,19.48453],[-99.112745,19.487252],[-99.112742,19.48736]]}},{"type":"Feature","properties":{"mode":"bus","n":6,"arr":["C15B","CZ4A","CZ4H","CZ4I","CZ4J","CZ4K"],"lines":"15B, Z4A, Z4H, Z4I, Z4J, Z4K"},"geometry":{"type":"LineString","coordinates":[[-99.079264,19.473202],[-99.079712,19.471051]]}},{"type":"Feature","properties":{"mode":"bus","n":9,"arr":["B6","C15B","CZ4A","CZ4B","CZ4H","CZ4I","CZ4J","CZ4K","R43"],"lines":"6, 15B, Z4A, Z4B, Z4H, Z4I, Z4J, Z4K, 43"},"geometry":{"type":"LineString","coordinates":[[-99.079712,19.471051],[-99.0798,19.470578]]}},{"type":"Feature","properties":{"mode":"bus","n":5,"arr":["B7","R101-A","R101-B","R101-D","R107-B"],"lines":"7, 101-A, 101-B, 101-D, 107-B"},"geometry":{"type":"LineString","coordinates":[[-99.116832,19.488767],[-99.119732,19.491388],[-99.120022,19.491813],[-99.121089,19.493254]]}},{"type":"Feature","properties":{"mode":"bus","n":5,"arr":["B7","R101-A","R101-B","R101-D","R107-B"],"lines":"7, 101-A, 101-B, 101-D, 107-B"},"geometry":{"type":"LineString","coordinates":[[-99.113688,19.48453],[-99.113886,19.483893]]}},{"type":"Feature","properties":{"mode":"bus","n":10,"arr":["B7","C10B","C10D","C11A","C11B","C11C","C11D","C11E","C11F","T5"],"lines":"7, 10B, 10D, 11A, 11B, 11C, 11D, 11E, 11F, 5"},"geometry":{"type":"LineString","coordinates":[[-99.131019,19.453013],[-99.130992,19.45314]]}},{"type":"Feature","properties":{"mode":"bus","n":8,"arr":["B7","C11A","C11B","C11C","C11D","C11E","C11F","T5"],"lines":"7, 11A, 11B, 11C, 11D, 11E, 11F, 5"},"geometry":{"type":"LineString","coordinates":[[-99.134422,19.448779],[-99.134189,19.449008],[-99.133939,19.449299],[-99.131019,19.453013]]}},{"type":"Feature","properties":{"mode":"bus","n":5,"arr":["B7","C19A","C19B","C19D","C19H"],"lines":"7, 19A, 19B, 19D, 19H"},"geometry":{"type":"LineString","coordinates":[[-99.158499,19.431523],[-99.158327,19.431462]]}},{"type":"Feature","properties":{"mode":"bus","n":6,"arr":["B7","BSL1","C13C","C13D","C18A","R19-A"],"lines":"7, SL01, 13C, 13D, 18A, 19-A"},"geometry":{"type":"LineString","coordinates":[[-99.171925,19.425064],[-99.17192,19.425225],[-99.171839,19.425336]]}},{"type":"Feature","properties":{"mode":"bus","n":13,"arr":["B7","BSL1","C7A","C7B","C7C","C7D","C8A","C8B","C8D","C18A","C18B","C18C","C18D"],"lines":"7, SL01, 7A, 7B, 7C, 7D, 8A, 8B, 8D, 18A, 18B, 18C, 18D"},"geometry":{"type":"LineString","coordinates":[[-99.177851,19.423675],[-99.17672,19.423486]]}},{"type":"Feature","properties":{"mode":"bus","n":9,"arr":["B7","BSL1","C8A","C8B","C8D","C18A","C18B","C18C","C18D"],"lines":"7, SL01, 8A, 8B, 8D, 18A, 18B, 18C, 18D"},"geometry":{"type":"LineString","coordinates":[[-99.178538,19.423795],[-99.177851,19.423675]]}},{"type":"Feature","properties":{"mode":"bus","n":8,"arr":["B7","C8A","C8B","C8D","C18A","C18B","C18C","C18D"],"lines":"7, 8A, 8B, 8D, 18A, 18B, 18C, 18D"},"geometry":{"type":"LineString","coordinates":[[-99.18766,19.425184],[-99.178538,19.423795]]}},{"type":"Feature","properties":{"mode":"bus","n":10,"arr":["B7","C8A","C8B","C8D","C18A","C18B","C18C","C18D","R76","R76-A"],"lines":"7, 8A, 8B, 8D, 18A, 18B, 18C, 18D, 76, 76-A"},"geometry":{"type":"LineString","coordinates":[[-99.18999,19.425545],[-99.18766,19.425184]]}},{"type":"Feature","properties":{"mode":"bus","n":10,"arr":["B7","C8A","C8B","C8D","C18A","C18B","C18C","C18D","R76","R76-A"],"lines":"7, 8A, 8B, 8D, 18A, 18B, 18C, 18D, 76, 76-A"},"geometry":{"type":"LineString","coordinates":[[-99.199472,19.426991],[-99.190356,19.425602]]}},{"type":"Feature","properties":{"mode":"bus","n":9,"arr":["B7","C8A","C8B","C18A","C18B","C18C","C18D","R76","R76-A"],"lines":"7, 8A, 8B, 18A, 18B, 18C, 18D, 76, 76-A"},"geometry":{"type":"LineString","coordinates":[[-99.190356,19.425602],[-99.18999,19.425545]]}},{"type":"Feature","properties":{"mode":"bus","n":7,"arr":["B7","C8A","C8B","C8C","C8D","R76","R76-A"],"lines":"7, 8A, 8B, 8C, 8D, 76, 76-A"},"geometry":{"type":"LineString","coordinates":[[-99.198801,19.426715],[-99.198421,19.426656]]}},{"type":"Feature","properties":{"mode":"bus","n":11,"arr":["B7","C8A","C8B","C8C","C8D","C18A","C18B","C18C","C18D","R76","R76-A"],"lines":"7, 8A, 8B, 8C, 8D, 18A, 18B, 18C, 18D, 76, 76-A"},"geometry":{"type":"LineString","coordinates":[[-99.198421,19.426656],[-99.19567,19.426238]]}},{"type":"Feature","properties":{"mode":"bus","n":11,"arr":["B7","C8A","C8B","C8C","C8D","C18A","C18B","C18C","C18D","R76","R76-A"],"lines":"7, 8A, 8B, 8C, 8D, 18A, 18B, 18C, 18D, 76, 76-A"},"geometry":{"type":"LineString","coordinates":[[-99.192072,19.425692],[-99.192348,19.425737]]}},{"type":"Feature","properties":{"mode":"bus","n":11,"arr":["B7","C8A","C8B","C8C","C8D","C18A","C18B","C18C","C18D","R76","R76-A"],"lines":"7, 8A, 8B, 8C, 8D, 18A, 18B, 18C, 18D, 76, 76-A"},"geometry":{"type":"LineString","coordinates":[[-99.187685,19.42502],[-99.191887,19.425665]]}},{"type":"Feature","properties":{"mode":"bus","n":10,"arr":["C8A","C8B","C8C","C8D","C18A","C18B","C18C","C18D","R76","R76-A"],"lines":"8A, 8B, 8C, 8D, 18A, 18B, 18C, 18D, 76, 76-A"},"geometry":{"type":"LineString","coordinates":[[-99.19567,19.426238],[-99.193322,19.425887]]}},{"type":"Feature","properties":{"mode":"bus","n":10,"arr":["C8A","C8B","C8C","C8D","C18A","C18B","C18C","C18D","R76","R76-A"],"lines":"8A, 8B, 8C, 8D, 18A, 18B, 18C, 18D, 76, 76-A"},"geometry":{"type":"LineString","coordinates":[[-99.205819,19.426703],[-99.205301,19.427022],[-99.204987,19.427176],[-99.204536,19.42733],[-99.204206,19.427405],[-99.203866,19.427432],[-99.203697,19.42741],[-99.203522,19.427326],[-99.203285,19.427149],[-99.202966,19.427012]]}},{"type":"Feature","properties":{"mode":"bus","n":12,"arr":["B7","C8A","C8B","C8C","C8D","C18A","C18B","C18C","C18D","R76","R76-A","R300-A"],"lines":"7, 8A, 8B, 8C, 8D, 18A, 18B, 18C, 18D, 76, 76-A, 300-A"},"geometry":{"type":"LineString","coordinates":[[-99.193322,19.425887],[-99.192348,19.425737]]}},{"type":"Feature","properties":{"mode":"bus","n":10,"arr":["B7","C8A","C8B","C8C","C8D","C18A","C18B","C18C","C18D","R76-A"],"lines":"7, 8A, 8B, 8C, 8D, 18A, 18B, 18C, 18D, 76-A"},"geometry":{"type":"LineString","coordinates":[[-99.191887,19.425665],[-99.192072,19.425692]]}},{"type":"Feature","properties":{"mode":"bus","n":9,"arr":["B7","C8A","C8B","C8C","C8D","C18A","C18B","C18C","C18D"],"lines":"7, 8A, 8B, 8C, 8D, 18A, 18B, 18C, 18D"},"geometry":{"type":"LineString","coordinates":[[-99.178574,19.423633],[-99.187685,19.42502]]}},{"type":"Feature","properties":{"mode":"bus","n":5,"arr":["B7","BSL1","C13C","C13D","R19-A"],"lines":"7, SL01, 13C, 13D, 19-A"},"geometry":{"type":"LineString","coordinates":[[-99.171591,19.424845],[-99.171694,19.424848],[-99.17179,19.424884],[-99.171868,19.424948]]}},{"type":"Feature","properties":{"mode":"bus","n":12,"arr":["B7","C10A","C10B","C10C","C10D","C10E","C11A","C11B","C11C","C11D","C11E","C11F"],"lines":"7, 10A, 10B, 10C, 10D, 10E, 11A, 11B, 11C, 11D, 11E, 11F"},"geometry":{"type":"LineString","coordinates":[[-99.130992,19.45314],[-99.130742,19.453116]]}},{"type":"Feature","properties":{"mode":"bus","n":8,"arr":["B7","C7A","C7B","C7C","C7D","R11-A","R12","T4"],"lines":"7, 7A, 7B, 7C, 7D, 11-A, 12, 4"},"geometry":{"type":"LineString","coordinates":[[-99.124976,19.468207],[-99.125074,19.468238]]}},{"type":"Feature","properties":{"mode":"bus","n":5,"arr":["B7","R101-A","R101-B","R101-D","T5"],"lines":"7, 101-A, 101-B, 101-D, 5"},"geometry":{"type":"LineString","coordinates":[[-99.112742,19.48736],[-99.112818,19.487471],[-99.113695,19.48777]]}},{"type":"Feature","properties":{"mode":"bus","n":6,"arr":["B7","R101-A","R101-B","R101-D","R107-B","T5"],"lines":"7, 101-A, 101-B, 101-D, 107-B, 5"},"geometry":{"type":"LineString","coordinates":[[-99.113695,19.48777],[-99.116832,19.488767]]}},{"type":"Feature","properties":{"mode":"bus","n":10,"arr":["BSL1","C7A","C7B","C7C","C7D","C13A","C13B","C13E","R59","T6"],"lines":"SL01, 7A, 7B, 7C, 7D, 13A, 13B, 13E, 59, 6"},"geometry":{"type":"LineString","coordinates":[[-99.178295,19.424199],[-99.178098,19.423582],[-99.17803,19.422843]]}},{"type":"Feature","properties":{"mode":"bus","n":15,"arr":["BSL1","C7A","C7B","C7C","C7D","C13A","C13B","C13E","C20A","C20B","C20C","C20D","R59","R115-A","T6"],"lines":"SL01, 7A, 7B, 7C, 7D, 13A, 13B, 13E, 20A, 20B, 20C, 20D, 59, 115-A, 6"},"geometry":{"type":"LineString","coordinates":[[-99.17803,19.422843],[-99.178028,19.422245]]}},{"type":"Feature","properties":{"mode":"bus","n":23,"arr":["BSL1","C7A","C7B","C7C","C7D","C8A","C8B","C8C","C8D","C13A","C13B","C13E","C18A","C18B","C18C","C18D","C20A","C20B","C20C","C20D","R59","R115-A","T6"],"lines":"SL01, 7A, 7B, 7C, 7D, 8A, 8B, 8C, 8D, 13A, 13B, 13E, 18A, 18B, 18C, 18D, 20A, 20B, 20C, 20D, 59, 115-A, 6"},"geometry":{"type":"LineString","coordinates":[[-99.178028,19.422245],[-99.177993,19.420855]]}},{"type":"Feature","properties":{"mode":"bus","n":6,"arr":["BSL1","C20A","C20B","C20C","C20D","R115-A"],"lines":"SL01, 20A, 20B, 20C, 20D, 115-A"},"geometry":{"type":"LineString","coordinates":[[-99.177993,19.420855],[-99.177969,19.420339]]}},{"type":"Feature","properties":{"mode":"bus","n":8,"arr":["BSL1","C8C","C19G","C21A","C21B","R34-A","R115-A","RL1"],"lines":"SL01, 8C, 19G, 21A, 21B, 34-A, 115-A, L1"},"geometry":{"type":"LineString","coordinates":[[-99.179262,19.419373],[-99.179626,19.418636]]}},{"type":"Feature","properties":{"mode":"bus","n":6,"arr":["BSL1","C19G","C21A","C21B","R115-A","RL1"],"lines":"SL01, 19G, 21A, 21B, 115-A, L1"},"geometry":{"type":"LineString","coordinates":[[-99.179626,19.418636],[-99.179667,19.418424],[-99.180253,19.41693],[-99.180578,19.4164],[-99.18093,19.415584],[-99.181413,19.414368],[-99.181579,19.414094]]}},{"type":"Feature","properties":{"mode":"bus","n":7,"arr":["BSL1","C19G","C21A","C21B","R13-A","R115-A","RL1"],"lines":"SL01, 19G, 21A, 21B, 13-A, 115-A, L1"},"geometry":{"type":"LineString","coordinates":[[-99.181579,19.414094],[-99.182405,19.412113],[-99.182832,19.410954],[-99.183043,19.410512]]}},{"type":"Feature","properties":{"mode":"bus","n":8,"arr":["BSL1","C19G","C20A","C21A","C21B","R13-A","R115-A","RL1"],"lines":"SL01, 19G, 20A, 21A, 21B, 13-A, 115-A, L1"},"geometry":{"type":"LineString","coordinates":[[-99.183043,19.410512],[-99.183573,19.409538],[-99.183583,19.409506],[-99.183577,19.409472],[-99.183566,19.40944],[-99.18356,19.409406],[-99.18357,19.409374],[-99.183973,19.408615],[-99.184085,19.408511],[-99.184195,19.40831],[-99.184302,19.408065],[-99.184336,19.407929]]}},{"type":"Feature","properties":{"mode":"bus","n":7,"arr":["BSL1","C20A","C21A","C21B","R13-A","R115-A","RL1"],"lines":"SL01, 20A, 21A, 21B, 13-A, 115-A, L1"},"geometry":{"type":"LineString","coordinates":[[-99.184336,19.407929],[-99.184328,19.407822]]}},{"type":"Feature","properties":{"mode":"bus","n":5,"arr":["BSL1","C21A","C21B","R13-A","R115-A"],"lines":"SL01, 21A, 21B, 13-A, 115-A"},"geometry":{"type":"LineString","coordinates":[[-99.184328,19.407822],[-99.184377,19.406985],[-99.184349,19.406861],[-99.184512,19.405215]]}},{"type":"Feature","properties":{"mode":"bus","n":9,"arr":["BSL1","C21A","C21B","CZ2I","CZ2J","R13-A","R112","R115-A","R119"],"lines":"SL01, 21A, 21B, Z2I, Z2J, 13-A, 112, 115-A, 119"},"geometry":{"type":"LineString","coordinates":[[-99.184512,19.405215],[-99.184781,19.401433]]}},{"type":"Feature","properties":{"mode":"bus","n":5,"arr":["BSL1","C19A","C19B","C19D","C19H"],"lines":"SL01, 19A, 19B, 19D, 19H"},"geometry":{"type":"LineString","coordinates":[[-99.154254,19.433237],[-99.154425,19.433362]]}},{"type":"Feature","properties":{"mode":"bus","n":16,"arr":["BSL1","C7A","C7B","C7C","C7D","C8A","C8B","C8D","C18B","C18C","C18D","C20A","C20B","C20C","C20D","R200"],"lines":"SL01, 7A, 7B, 7C, 7D, 8A, 8B, 8D, 18B, 18C, 18D, 20A, 20B, 20C, 20D, 200"},"geometry":{"type":"LineString","coordinates":[[-99.177661,19.422993],[-99.177681,19.422731],[-99.177638,19.421162],[-99.177614,19.420908],[-99.177572,19.420774]]}},{"type":"Feature","properties":{"mode":"bus","n":11,"arr":["BSL1","C19G","C20A","C20B","C20C","C20D","C21A","C21B","R13-A","R115-A","R200"],"lines":"SL01, 19G, 20A, 20B, 20C, 20D, 21A, 21B, 13-A, 115-A, 200"},"geometry":{"type":"LineString","coordinates":[[-99.177213,19.419962],[-99.177324,19.419697]]}},{"type":"Feature","properties":{"mode":"bus","n":10,"arr":["BSL1","C19G","C20A","C20B","C20C","C20D","C21B","R13-A","R115-A","R200"],"lines":"SL01, 19G, 20A, 20B, 20C, 20D, 21B, 13-A, 115-A, 200"},"geometry":{"type":"LineString","coordinates":[[-99.177538,19.419184],[-99.177776,19.418761]]}},{"type":"Feature","properties":{"mode":"bus","n":9,"arr":["BSL1","C19G","C20A","C20C","C21A","C21B","R13-A","R115-A","R200"],"lines":"SL01, 19G, 20A, 20C, 21A, 21B, 13-A, 115-A, 200"},"geometry":{"type":"LineString","coordinates":[[-99.177324,19.419697],[-99.177538,19.419184]]}},{"type":"Feature","properties":{"mode":"bus","n":12,"arr":["BSL1","C19G","C20A","C20B","C20C","C20D","C21B","R13-A","R34-A","R115-A","R200","RL1"],"lines":"SL01, 19G, 20A, 20B, 20C, 20D, 21B, 13-A, 34-A, 115-A, 200, L1"},"geometry":{"type":"LineString","coordinates":[[-99.177776,19.418761],[-99.178837,19.416839]]}},{"type":"Feature","properties":{"mode":"bus","n":8,"arr":["BSL1","C19G","C20A","C21B","R13-A","R115-A","R200","RL1"],"lines":"SL01, 19G, 20A, 21B, 13-A, 115-A, 200, L1"},"geometry":{"type":"LineString","coordinates":[[-99.181297,19.412722],[-99.181051,19.413145],[-99.180915,19.413183],[-99.180883,19.413198],[-99.18086,19.413225],[-99.179011,19.416528]]}},{"type":"Feature","properties":{"mode":"bus","n":11,"arr":["BSL1","C19G","C20A","C20B","C20C","C20D","C21B","R13-A","R115-A","R200","RL1"],"lines":"SL01, 19G, 20A, 20B, 20C, 20D, 21B, 13-A, 115-A, 200, L1"},"geometry":{"type":"LineString","coordinates":[[-99.179011,19.416528],[-99.178837,19.416839]]}},{"type":"Feature","properties":{"mode":"bus","n":5,"arr":["BSL1","C9E","C19G","C20A","RL1"],"lines":"SL01, 9E, 19G, 20A, L1"},"geometry":{"type":"LineString","coordinates":[[-99.183337,19.409364],[-99.182378,19.411035]]}},{"type":"Feature","properties":{"mode":"bus","n":5,"arr":["BSL1","C9A","C9C","C20A","RL1"],"lines":"SL01, 9A, 9C, 20A, L1"},"geometry":{"type":"LineString","coordinates":[[-99.184037,19.407848],[-99.184016,19.407978]]}},{"type":"Feature","properties":{"mode":"bus","n":6,"arr":["C1A","C18A","C18C","C18D","R57-A","R57-C"],"lines":"1A, 18A, 18C, 18D, 57-A, 57-C"},"geometry":{"type":"LineString","coordinates":[[-99.22017,19.453084],[-99.220163,19.452464],[-99.220228,19.451415]]}},{"type":"Feature","properties":{"mode":"bus","n":7,"arr":["C1A","C18A","C18B","C18C","C18D","R57-A","R57-C"],"lines":"1A, 18A, 18B, 18C, 18D, 57-A, 57-C"},"geometry":{"type":"LineString","coordinates":[[-99.22049,19.448288],[-99.220447,19.446923],[-99.220391,19.446149],[-99.220277,19.445697],[-99.220018,19.445224],[-99.219754,19.444921],[-99.219356,19.444635],[-99.217903,19.443961],[-99.217675,19.443824],[-99.217568,19.443731],[-99.216695,19.442722]]}},{"type":"Feature","properties":{"mode":"bus","n":7,"arr":["C1A","C18A","C18B","C18C","C18D","R57-A","R57-C"],"lines":"1A, 18A, 18B, 18C, 18D, 57-A, 57-C"},"geometry":{"type":"LineString","coordinates":[[-99.214317,19.438759],[-99.213716,19.437321],[-99.213407,19.43668],[-99.213108,19.436182],[-99.212765,19.435675],[-99.212544,19.435427]]}},{"type":"Feature","properties":{"mode":"bus","n":7,"arr":["C1A","C18A","C18B","C18C","C18D","R57-A","R57-C"],"lines":"1A, 18A, 18B, 18C, 18D, 57-A, 57-C"},"geometry":{"type":"LineString","coordinates":[[-99.212209,19.43521],[-99.212139,19.435165],[-99.211433,19.434503],[-99.210005,19.43334]]}},{"type":"Feature","properties":{"mode":"bus","n":7,"arr":["C1A","C18A","C18B","C18C","C18D","R57-A","R57-C"],"lines":"1A, 18A, 18B, 18C, 18D, 57-A, 57-C"},"geometry":{"type":"LineString","coordinates":[[-99.21243,19.435683],[-99.212137,19.435376],[-99.211359,19.434634],[-99.209909,19.433455],[-99.209462,19.433226],[-99.209292,19.433203],[-99.20902,19.433093],[-99.208748,19.43293],[-99.208624,19.432803],[-99.208399,19.432414],[-99.208166,19.431892],[-99.20805,19.431723],[-99.207941,19.431611],[-99.207822,19.431523],[-99.207445,19.431371],[-99.207244,19.431252],[-99.207041,19.43105],[-99.205332,19.429744]]}},{"type":"Feature","properties":{"mode":"bus","n":7,"arr":["C1A","C18A","C18B","C18C","C18D","R57-A","R57-C"],"lines":"1A, 18A, 18B, 18C, 18D, 57-A, 57-C"},"geometry":{"type":"LineString","coordinates":[[-99.201446,19.425236],[-99.20132,19.425025],[-99.200941,19.424525]]}},{"type":"Feature","properties":{"mode":"bus","n":7,"arr":["C1A","C18A","C18B","C18C","C18D","R57-A","R57-C"],"lines":"1A, 18A, 18B, 18C, 18D, 57-A, 57-C"},"geometry":{"type":"LineString","coordinates":[[-99.199937,19.423361],[-99.199497,19.422951],[-99.199301,19.422823],[-99.19901,19.422696]]}},{"type":"Feature","properties":{"mode":"bus","n":7,"arr":["C1A","C18A","C18B","C18C","C18D","R57-A","R57-C"],"lines":"1A, 18A, 18B, 18C, 18D, 57-A, 57-C"},"geometry":{"type":"LineString","coordinates":[[-99.199493,19.42423],[-99.198862,19.42314],[-99.198747,19.423041],[-99.198575,19.422971]]}},{"type":"Feature","properties":{"mode":"bus","n":9,"arr":["C1A","C13A","C13E","C18A","C18B","C18C","C18D","R57-A","R57-C"],"lines":"1A, 13A, 13E, 18A, 18B, 18C, 18D, 57-A, 57-C"},"geometry":{"type":"LineString","coordinates":[[-99.216695,19.442722],[-99.21627,19.442243]]}},{"type":"Feature","properties":{"mode":"bus","n":9,"arr":["C1A","C13A","C13E","C18A","C18B","C18C","C18D","R57-A","R57-C"],"lines":"1A, 13A, 13E, 18A, 18B, 18C, 18D, 57-A, 57-C"},"geometry":{"type":"LineString","coordinates":[[-99.216048,19.441975],[-99.216175,19.442125]]}},{"type":"Feature","properties":{"mode":"bus","n":9,"arr":["C1A","C13A","C13E","C18A","C18B","C18C","C18D","R57-A","R57-C"],"lines":"1A, 13A, 13E, 18A, 18B, 18C, 18D, 57-A, 57-C"},"geometry":{"type":"LineString","coordinates":[[-99.216013,19.441922],[-99.215887,19.441737],[-99.214317,19.438759]]}},{"type":"Feature","properties":{"mode":"bus","n":7,"arr":["C1A","C13A","C13E","C18A","C18B","C18C","C18D"],"lines":"1A, 13A, 13E, 18A, 18B, 18C, 18D"},"geometry":{"type":"LineString","coordinates":[[-99.216175,19.442125],[-99.21627,19.442243]]}},{"type":"Feature","properties":{"mode":"bus","n":7,"arr":["C1A","C13A","C13E","C18A","C18B","C18C","C18D"],"lines":"1A, 13A, 13E, 18A, 18B, 18C, 18D"},"geometry":{"type":"LineString","coordinates":[[-99.216013,19.441922],[-99.216048,19.441975]]}},{"type":"Feature","properties":{"mode":"bus","n":7,"arr":["C1A","C13A","C13E","C18A","C18B","C18C","C18D"],"lines":"1A, 13A, 13E, 18A, 18B, 18C, 18D"},"geometry":{"type":"LineString","coordinates":[[-99.214105,19.43909],[-99.215531,19.441918],[-99.215849,19.442335],[-99.21671,19.443251],[-99.216881,19.443499],[-99.217046,19.443812],[-99.217281,19.444342],[-99.217371,19.44447],[-99.217417,19.444617]]}},{"type":"Feature","properties":{"mode":"bus","n":5,"arr":["C1A","C18A","C18B","C18C","C18D"],"lines":"1A, 18A, 18B, 18C, 18D"},"geometry":{"type":"LineString","coordinates":[[-99.210005,19.43334],[-99.209829,19.433054],[-99.209512,19.432335],[-99.209211,19.431769],[-99.209074,19.431586],[-99.20886,19.431378],[-99.208693,19.431285],[-99.208511,19.431236],[-99.208357,19.43121],[-99.207946,19.431193],[-99.207675,19.431151],[-99.207418,19.431078],[-99.207155,19.430952]]}},{"type":"Feature","properties":{"mode":"bus","n":5,"arr":["C1A","C18A","C18B","C18C","C18D"],"lines":"1A, 18A, 18B, 18C, 18D"},"geometry":{"type":"LineString","coordinates":[[-99.205772,19.429925],[-99.205074,19.429386]]}},{"type":"Feature","properties":{"mode":"bus","n":5,"arr":["C1A","C18A","C18B","C18C","C18D"],"lines":"1A, 18A, 18B, 18C, 18D"},"geometry":{"type":"LineString","coordinates":[[-99.21243,19.435683],[-99.212453,19.435816],[-99.212977,19.436616],[-99.213074,19.436805],[-99.214105,19.43909]]}},{"type":"Feature","properties":{"mode":"bus","n":5,"arr":["C1A","C1B","C21D","R57-A","R57-C"],"lines":"1A, 1B, 21D, 57-A, 57-C"},"geometry":{"type":"LineString","coordinates":[[-99.189241,19.395646],[-99.188682,19.394211],[-99.188582,19.39392],[-99.188542,19.393671],[-99.188556,19.3934],[-99.188917,19.392334],[-99.189218,19.391141]]}},{"type":"Feature","properties":{"mode":"bus","n":5,"arr":["C1A","C1B","C21D","R57-A","R57-C"],"lines":"1A, 1B, 21D, 57-A, 57-C"},"geometry":{"type":"LineString","coordinates":[[-99.191418,19.363712],[-99.191454,19.363485]]}},{"type":"Feature","properties":{"mode":"bus","n":7,"arr":["C1A","C1B","C21D","CZ2I","CZ2J","R57-A","R57-C"],"lines":"1A, 1B, 21D, Z2I, Z2J, 57-A, 57-C"},"geometry":{"type":"LineString","coordinates":[[-99.189218,19.391141],[-99.190351,19.386862]]}},{"type":"Feature","properties":{"mode":"bus","n":7,"arr":["C1A","C1B","C21D","CZ2I","CZ2J","R57-A","R57-C"],"lines":"1A, 1B, 21D, Z2I, Z2J, 57-A, 57-C"},"geometry":{"type":"LineString","coordinates":[[-99.190597,19.386018],[-99.191656,19.383598],[-99.191809,19.383205],[-99.191869,19.382975],[-99.1919,19.382626],[-99.191932,19.381483],[-99.191924,19.380001],[-99.191823,19.378075],[-99.191847,19.377497],[-99.191987,19.376317],[-99.192289,19.374288],[-99.192393,19.373207],[-99.192313,19.372938],[-99.191952,19.372113],[-99.191919,19.371917],[-99.191917,19.371424],[-99.192014,19.370362],[-99.19203,19.369892],[-99.191946,19.369316],[-99.191827,19.368725],[-99.191088,19.367252],[-99.190997,19.366952],[-99.190981,19.366713],[-99.191062,19.365777],[-99.191247,19.364476],[-99.191418,19.363712]]}},{"type":"Feature","properties":{"mode":"bus","n":7,"arr":["C1A","C1B","C21D","CZ2I","CZ2J","R57-A","R57-C"],"lines":"1A, 1B, 21D, Z2I, Z2J, 57-A, 57-C"},"geometry":{"type":"LineString","coordinates":[[-99.191629,19.37608],[-99.191638,19.376007]]}},{"type":"Feature","properties":{"mode":"bus","n":5,"arr":["C1A","C1B","CZ2J","R57-A","R57-C"],"lines":"1A, 1B, Z2J, 57-A, 57-C"},"geometry":{"type":"LineString","coordinates":[[-99.190351,19.386862],[-99.190499,19.386251],[-99.190597,19.386018]]}},{"type":"Feature","properties":{"mode":"bus","n":6,"arr":["C1A","C1B","C1C","CZ2D","R57-A","R57-C"],"lines":"1A, 1B, 1C, Z2D, 57-A, 57-C"},"geometry":{"type":"LineString","coordinates":[[-99.195151,19.358189],[-99.193382,19.359704],[-99.193228,19.359798],[-99.192752,19.360209],[-99.192045,19.360919],[-99.191836,19.361248],[-99.191687,19.361643],[-99.191541,19.362129],[-99.191454,19.363485]]}},{"type":"Feature","properties":{"mode":"bus","n":5,"arr":["C1A","C1B","C1C","R57-A","R57-C"],"lines":"1A, 1B, 1C, 57-A, 57-C"},"geometry":{"type":"LineString","coordinates":[[-99.198763,19.356542],[-99.198515,19.35673],[-99.198295,19.356843],[-99.196053,19.357641],[-99.195751,19.357789],[-99.195151,19.358189]]}},{"type":"Feature","properties":{"mode":"bus","n":5,"arr":["C1A","C1B","C1C","R57-A","R57-C"],"lines":"1A, 1B, 1C, 57-A, 57-C"},"geometry":{"type":"LineString","coordinates":[[-99.201579,19.349064],[-99.201351,19.349852],[-99.20114,19.35087],[-99.200944,19.351619],[-99.20053,19.353508],[-99.200154,19.354512],[-99.199744,19.355287],[-99.19952,19.355632],[-99.198944,19.356378]]}},{"type":"Feature","properties":{"mode":"bus","n":5,"arr":["C1A","C1B","C1C","R57-A","R57-C"],"lines":"1A, 1B, 1C, 57-A, 57-C"},"geometry":{"type":"LineString","coordinates":[[-99.202684,19.344473],[-99.20292,19.341777],[-99.202974,19.341428],[-99.203083,19.341035],[-99.203301,19.340529],[-99.20353,19.339762],[-99.203694,19.339407],[-99.203939,19.339],[-99.204486,19.338303],[-99.204928,19.337889],[-99.207701,19.335597],[-99.208362,19.33495],[-99.209012,19.334152],[-99.209534,19.333382],[-99.210223,19.332493],[-99.210856,19.331774]]}},{"type":"Feature","properties":{"mode":"bus","n":5,"arr":["C1A","C1B","C1C","R57-A","R57-C"],"lines":"1A, 1B, 1C, 57-A, 57-C"},"geometry":{"type":"LineString","coordinates":[[-99.210188,19.331165],[-99.209968,19.331716],[-99.209477,19.332733],[-99.20913,19.333301],[-99.208486,19.334239],[-99.208133,19.334664],[-99.207872,19.33495],[-99.207529,19.335265],[-99.204758,19.337576],[-99.204451,19.337861],[-99.203965,19.338381],[-99.203584,19.338853]]}},{"type":"Feature","properties":{"mode":"bus","n":5,"arr":["C1A","C1B","C1C","R57-A","R57-C"],"lines":"1A, 1B, 1C, 57-A, 57-C"},"geometry":{"type":"LineString","coordinates":[[-99.201057,19.34945],[-99.20136,19.348336]]}},{"type":"Feature","properties":{"mode":"bus","n":5,"arr":["C1A","C1B","C1C","R57-A","R57-C"],"lines":"1A, 1B, 1C, 57-A, 57-C"},"geometry":{"type":"LineString","coordinates":[[-99.191156,19.361807],[-99.191455,19.361152],[-99.191744,19.36071],[-99.192004,19.360387],[-99.192488,19.359924],[-99.194182,19.358452],[-99.194808,19.357962],[-99.19541,19.357545],[-99.196515,19.357079],[-99.19747,19.356747],[-99.198207,19.356425],[-99.198484,19.356216],[-99.198825,19.35588]]}},{"type":"Feature","properties":{"mode":"bus","n":5,"arr":["C1A","C1B","C1C","R57-A","R57-C"],"lines":"1A, 1B, 1C, 57-A, 57-C"},"geometry":{"type":"LineString","coordinates":[[-99.210463,19.306304],[-99.21104,19.30639],[-99.214614,19.30704],[-99.215749,19.307569],[-99.216291,19.307876],[-99.216586,19.308019],[-99.217063,19.308354],[-99.217443,19.308679],[-99.21789,19.309125],[-99.218128,19.309403],[-99.219683,19.311479],[-99.2201,19.312157],[-99.220361,19.312668],[-99.220502,19.313039]]}},{"type":"Feature","properties":{"mode":"bus","n":5,"arr":["C1A","C1B","C1C","R57-A","R57-C"],"lines":"1A, 1B, 1C, 57-A, 57-C"},"geometry":{"type":"LineString","coordinates":[[-99.210172,19.30626],[-99.209078,19.306097],[-99.208278,19.305952],[-99.207243,19.305722],[-99.204415,19.305215]]}},{"type":"Feature","properties":{"mode":"bus","n":5,"arr":["C1A","C1B","C1C","R57-A","R57-C"],"lines":"1A, 1B, 1C, 57-A, 57-C"},"geometry":{"type":"LineString","coordinates":[[-99.200537,19.304088],[-99.19942,19.303514],[-99.198314,19.302846],[-99.19802,19.30269],[-99.197032,19.302263],[-99.196243,19.302032],[-99.19553,19.301908],[-99.194869,19.301827],[-99.194363,19.301805],[-99.193707,19.301822],[-99.193085,19.301871],[-99.189841,19.302256],[-99.188044,19.302442],[-99.185396,19.302751],[-99.181212,19.303153],[-99.179434,19.303237],[-99.177707,19.303193],[-99.177149,19.303155],[-99.176538,19.302995],[-99.174718,19.302731],[-99.173493,19.302562],[-99.172535,19.302464],[-99.171591,19.302309],[-99.16669,19.30167],[-99.163244,19.301191],[-99.162511,19.301079],[-99.162125,19.300999],[-99.16188,19.300948],[-99.161489,19.300826],[-99.160139,19.300228],[-99.159206,19.299529],[-99.158382,19.298646],[-99.156968,19.296833],[-99.152434,19.290909],[-99.15131,19.2894],[-99.149971,19.287728],[-99.149526,19.287113],[-99.149003,19.28647],[-99.148011,19.285495]]}},{"type":"Feature","properties":{"mode":"bus","n":5,"arr":["C1A","C1B","C1C","R57-A","R57-C"],"lines":"1A, 1B, 1C, 57-A, 57-C"},"geometry":{"type":"LineString","coordinates":[[-99.137898,19.28203],[-99.136731,19.282091],[-99.13567,19.282212],[-99.135282,19.282206],[-99.134899,19.282249],[-99.133148,19.282678],[-99.129489,19.283748],[-99.128543,19.284051],[-99.125129,19.285039],[-99.124538,19.285159],[-99.124006,19.285312]]}},{"type":"Feature","properties":{"mode":"bus","n":5,"arr":["C1A","C1B","C1C","R57-A","R57-C"],"lines":"1A, 1B, 1C, 57-A, 57-C"},"geometry":{"type":"LineString","coordinates":[[-99.124855,19.285442],[-99.125292,19.285303],[-99.125548,19.285316],[-99.125682,19.285301],[-99.129228,19.284246],[-99.131475,19.283638],[-99.133909,19.282945],[-99.134836,19.282711],[-99.136488,19.282418],[-99.137771,19.282347],[-99.138798,19.282369]]}},{"type":"Feature","properties":{"mode":"bus","n":5,"arr":["C1A","C1B","C1C","R57-A","R57-C"],"lines":"1A, 1B, 1C, 57-A, 57-C"},"geometry":{"type":"LineString","coordinates":[[-99.147013,19.285297],[-99.147378,19.28558]]}},{"type":"Feature","properties":{"mode":"bus","n":5,"arr":["C1A","C1B","C1C","R57-A","R57-C"],"lines":"1A, 1B, 1C, 57-A, 57-C"},"geometry":{"type":"LineString","coordinates":[[-99.147731,19.285876],[-99.148106,19.286205],[-99.14865,19.286779],[-99.149724,19.288148],[-99.150265,19.288781],[-99.151245,19.290018],[-99.152594,19.291859],[-99.153732,19.293278],[-99.154947,19.294906],[-99.156508,19.296937]]}},{"type":"Feature","properties":{"mode":"bus","n":5,"arr":["C1A","C1B","C1C","R57-A","R57-C"],"lines":"1A, 1B, 1C, 57-A, 57-C"},"geometry":{"type":"LineString","coordinates":[[-99.160582,19.300923],[-99.161247,19.301194],[-99.161747,19.301353],[-99.162735,19.301563],[-99.164826,19.301832],[-99.165341,19.301925],[-99.174446,19.303147],[-99.175722,19.303345],[-99.177603,19.303562],[-99.178103,19.303598],[-99.179835,19.303642],[-99.180691,19.303625],[-99.181094,19.303596],[-99.183804,19.303312],[-99.185788,19.303068],[-99.188187,19.302845],[-99.189993,19.302619],[-99.193899,19.302218],[-99.194744,19.302222],[-99.195328,19.302275],[-99.195659,19.302334],[-99.196377,19.302511],[-99.196947,19.302693],[-99.197311,19.302833],[-99.197906,19.303123],[-99.198484,19.303444],[-99.198843,19.303689],[-99.199173,19.303874],[-99.199825,19.304233],[-99.200457,19.304547],[-99.201565,19.304977],[-99.202725,19.305314],[-99.205471,19.305851],[-99.207846,19.306239],[-99.210707,19.306769],[-99.212259,19.307068],[-99.212939,19.307239],[-99.213174,19.307281],[-99.213777,19.307335],[-99.214179,19.307411],[-99.214687,19.30755],[-99.215111,19.307696],[-99.215508,19.307866],[-99.216024,19.308152],[-99.216559,19.308497],[-99.217002,19.308871],[-99.217711,19.309525],[-99.21798,19.309821],[-99.218956,19.311115],[-99.219086,19.311191],[-99.219338,19.311522],[-99.219628,19.311992]]}},{"type":"Feature","properties":{"mode":"bus","n":5,"arr":["C1A","C1B","C1C","R57-A","R57-C"],"lines":"1A, 1B, 1C, 57-A, 57-C"},"geometry":{"type":"LineString","coordinates":[[-99.217673,19.308761],[-99.217573,19.308801]]}},{"type":"Feature","properties":{"mode":"bus","n":6,"arr":["C1A","C1B","C1C","CZ2A","R57-A","R57-C"],"lines":"1A, 1B, 1C, Z2A, 57-A, 57-C"},"geometry":{"type":"LineString","coordinates":[[-99.198944,19.356378],[-99.198763,19.356542]]}},{"type":"Feature","properties":{"mode":"bus","n":6,"arr":["C1A","C1B","C1C","CZ2A","R57-A","R57-C"],"lines":"1A, 1B, 1C, Z2A, 57-A, 57-C"},"geometry":{"type":"LineString","coordinates":[[-99.198825,19.35588],[-99.199762,19.354418],[-99.200082,19.353613],[-99.200231,19.353139],[-99.200853,19.350198],[-99.201057,19.34945]]}},{"type":"Feature","properties":{"mode":"bus","n":8,"arr":["C1A","C1B","C1C","R57-A","R57-C","R116","R116-A","R121-A"],"lines":"1A, 1B, 1C, 57-A, 57-C, 116, 116-A, 121-A"},"geometry":{"type":"LineString","coordinates":[[-99.202071,19.347611],[-99.201579,19.349064]]}},{"type":"Feature","properties":{"mode":"bus","n":8,"arr":["C1A","C1B","C1C","R57-A","R57-C","R116","R116-A","R121-A"],"lines":"1A, 1B, 1C, 57-A, 57-C, 116, 116-A, 121-A"},"geometry":{"type":"LineString","coordinates":[[-99.20136,19.348336],[-99.201736,19.347312]]}},{"type":"Feature","properties":{"mode":"bus","n":6,"arr":["C1A","C1B","C1C","R57-A","R57-C","R121-A"],"lines":"1A, 1B, 1C, 57-A, 57-C, 121-A"},"geometry":{"type":"LineString","coordinates":[[-99.202279,19.34687],[-99.202208,19.34719],[-99.202071,19.347611]]}},{"type":"Feature","properties":{"mode":"bus","n":6,"arr":["C1A","C1B","C1C","R57-A","R57-C","R121-A"],"lines":"1A, 1B, 1C, 57-A, 57-C, 121-A"},"geometry":{"type":"LineString","coordinates":[[-99.202684,19.344473],[-99.202637,19.345016],[-99.202353,19.346527]]}},{"type":"Feature","properties":{"mode":"bus","n":6,"arr":["C1A","C1B","C1C","R57-A","R57-C","R121-A"],"lines":"1A, 1B, 1C, 57-A, 57-C, 121-A"},"geometry":{"type":"LineString","coordinates":[[-99.20257,19.341616],[-99.202223,19.345376],[-99.201833,19.347027]]}},{"type":"Feature","properties":{"mode":"bus","n":9,"arr":["C1A","C1B","C1C","R34-B","R57-A","R57-C","R123-A","R126","R128"],"lines":"1A, 1B, 1C, 34-B, 57-A, 57-C, 123-A, 126, 128"},"geometry":{"type":"LineString","coordinates":[[-99.210856,19.331774],[-99.21134,19.331175]]}},{"type":"Feature","properties":{"mode":"bus","n":8,"arr":["C1A","C1B","C1C","R34-B","R57-A","R57-C","R123-A","R126"],"lines":"1A, 1B, 1C, 34-B, 57-A, 57-C, 123-A, 126"},"geometry":{"type":"LineString","coordinates":[[-99.220385,19.321439],[-99.219786,19.321821],[-99.217921,19.323097],[-99.215846,19.324594],[-99.214485,19.32552],[-99.213826,19.326004],[-99.213549,19.326265],[-99.212847,19.327072],[-99.212493,19.327616],[-99.211383,19.329762],[-99.211309,19.330126],[-99.211373,19.330904],[-99.21134,19.331175]]}},{"type":"Feature","properties":{"mode":"bus","n":7,"arr":["C1A","C1B","C1C","R57-A","R57-C","R123-A","R126"],"lines":"1A, 1B, 1C, 57-A, 57-C, 123-A, 126"},"geometry":{"type":"LineString","coordinates":[[-99.221147,19.315475],[-99.221591,19.31794],[-99.221712,19.318863],[-99.221705,19.319341],[-99.221609,19.319762],[-99.221485,19.320136],[-99.221331,19.320419],[-99.221045,19.320818],[-99.220695,19.321174],[-99.220385,19.321439]]}},{"type":"Feature","properties":{"mode":"bus","n":7,"arr":["C1A","C1B","C1C","R57-A","R57-C","R123-A","R126"],"lines":"1A, 1B, 1C, 57-A, 57-C, 123-A, 126"},"geometry":{"type":"LineString","coordinates":[[-99.220296,19.313679],[-99.220647,19.315278],[-99.220775,19.315957],[-99.22092,19.316555],[-99.221093,19.317764],[-99.221279,19.318791],[-99.22126,19.319306],[-99.221169,19.319676],[-99.220951,19.320163],[-99.220808,19.320428],[-99.220654,19.320632],[-99.220208,19.321043],[-99.218342,19.322345],[-99.216579,19.323486],[-99.215068,19.324531],[-99.214103,19.325228],[-99.213941,19.325361],[-99.212806,19.326455],[-99.212406,19.326958],[-99.212015,19.327566],[-99.210188,19.331165]]}},{"type":"Feature","properties":{"mode":"bus","n":5,"arr":["C1A","C1B","C1C","R123-A","R126"],"lines":"1A, 1B, 1C, 123-A, 126"},"geometry":{"type":"LineString","coordinates":[[-99.220666,19.313311],[-99.220877,19.314099],[-99.221147,19.315475]]}},{"type":"Feature","properties":{"mode":"bus","n":7,"arr":["C1A","C1B","C1C","R57-A","R57-C","R300-A","R300-B"],"lines":"1A, 1B, 1C, 57-A, 57-C, 300-A, 300-B"},"geometry":{"type":"LineString","coordinates":[[-99.147848,19.285357],[-99.146748,19.284581],[-99.146162,19.284213],[-99.145433,19.28383],[-99.143816,19.283121],[-99.142879,19.282771],[-99.142104,19.282547],[-99.141397,19.282394],[-99.140278,19.282211],[-99.139203,19.28208],[-99.137898,19.28203]]}},{"type":"Feature","properties":{"mode":"bus","n":7,"arr":["C1A","C1B","C1C","R57-A","R57-C","R300-A","R300-B"],"lines":"1A, 1B, 1C, 57-A, 57-C, 300-A, 300-B"},"geometry":{"type":"LineString","coordinates":[[-99.138798,19.282369],[-99.139637,19.28244],[-99.140496,19.28257],[-99.141426,19.282789],[-99.143102,19.283303],[-99.143969,19.283635],[-99.144684,19.283942],[-99.145505,19.284349],[-99.146152,19.284704],[-99.146814,19.285143],[-99.147013,19.285297]]}},{"type":"Feature","properties":{"mode":"bus","n":8,"arr":["C1A","C1B","C1C","C24B","R47-A","R57-A","R57-C","R162-D"],"lines":"1A, 1B, 1C, 24B, 47-A, 57-A, 57-C, 162-D"},"geometry":{"type":"LineString","coordinates":[[-99.124006,19.285312],[-99.123607,19.285461],[-99.120668,19.286701],[-99.117244,19.28819],[-99.106803,19.292639],[-99.105192,19.293297],[-99.104332,19.293693],[-99.102504,19.294471]]}},{"type":"Feature","properties":{"mode":"bus","n":8,"arr":["C1A","C1B","C1C","C24B","R47-A","R57-A","R57-C","R162-D"],"lines":"1A, 1B, 1C, 24B, 47-A, 57-A, 57-C, 162-D"},"geometry":{"type":"LineString","coordinates":[[-99.098436,19.295857],[-99.095372,19.297149]]}},{"type":"Feature","properties":{"mode":"bus","n":8,"arr":["C1A","C1B","C1C","C24B","R47-A","R57-A","R57-C","R162-D"],"lines":"1A, 1B, 1C, 24B, 47-A, 57-A, 57-C, 162-D"},"geometry":{"type":"LineString","coordinates":[[-99.096139,19.297563],[-99.098244,19.296722],[-99.102762,19.294818],[-99.107483,19.292764],[-99.110537,19.291531],[-99.112897,19.290447],[-99.114905,19.289617]]}},{"type":"Feature","properties":{"mode":"bus","n":7,"arr":["C1A","C1B","C1C","R47-A","R57-A","R57-C","R162-D"],"lines":"1A, 1B, 1C, 47-A, 57-A, 57-C, 162-D"},"geometry":{"type":"LineString","coordinates":[[-99.102504,19.294471],[-99.100565,19.295302],[-99.098858,19.295686],[-99.098436,19.295857]]}},{"type":"Feature","properties":{"mode":"bus","n":7,"arr":["C1A","C1B","C1C","R47-A","R57-A","R57-C","R162-D"],"lines":"1A, 1B, 1C, 47-A, 57-A, 57-C, 162-D"},"geometry":{"type":"LineString","coordinates":[[-99.095372,19.297149],[-99.092714,19.298284],[-99.091945,19.298687],[-99.091484,19.29902],[-99.091201,19.299269],[-99.09024,19.300366],[-99.089156,19.301737],[-99.088353,19.302705]]}},{"type":"Feature","properties":{"mode":"bus","n":7,"arr":["C1A","C1B","C1C","R47-A","R57-A","R57-C","R162-D"],"lines":"1A, 1B, 1C, 47-A, 57-A, 57-C, 162-D"},"geometry":{"type":"LineString","coordinates":[[-99.088845,19.303187],[-99.090775,19.300834],[-99.091474,19.300027],[-99.09196,19.299585],[-99.092543,19.299153],[-99.092728,19.299061],[-99.093333,19.298777],[-99.094065,19.298483],[-99.095734,19.297718],[-99.096139,19.297563]]}},{"type":"Feature","properties":{"mode":"bus","n":6,"arr":["C1A","C1B","C1C","R47-A","R57-A","R57-C"],"lines":"1A, 1B, 1C, 47-A, 57-A, 57-C"},"geometry":{"type":"LineString","coordinates":[[-99.088353,19.302705],[-99.08731,19.304059]]}},{"type":"Feature","properties":{"mode":"bus","n":6,"arr":["C1A","C1B","C1C","R47-A","R57-A","R57-C"],"lines":"1A, 1B, 1C, 47-A, 57-A, 57-C"},"geometry":{"type":"LineString","coordinates":[[-99.086689,19.305811],[-99.088119,19.30411],[-99.088845,19.303187]]}},{"type":"Feature","properties":{"mode":"bus","n":6,"arr":["C1A","C1B","C1C","R47-A","R57-A","R57-C"],"lines":"1A, 1B, 1C, 47-A, 57-A, 57-C"},"geometry":{"type":"LineString","coordinates":[[-99.114905,19.289617],[-99.117775,19.288413]]}},{"type":"Feature","properties":{"mode":"bus","n":7,"arr":["C1A","C1B","C1C","C24B","R47-A","R57-A","R57-C"],"lines":"1A, 1B, 1C, 24B, 47-A, 57-A, 57-C"},"geometry":{"type":"LineString","coordinates":[[-99.117775,19.288413],[-99.118801,19.287946],[-99.12087,19.287121],[-99.122014,19.286606],[-99.123639,19.285915],[-99.124586,19.285538]]}},{"type":"Feature","properties":{"mode":"bus","n":6,"arr":["C1A","C1B","C1C","C24B","R57-A","R57-C"],"lines":"1A, 1B, 1C, 24B, 57-A, 57-C"},"geometry":{"type":"LineString","coordinates":[[-99.124586,19.285538],[-99.124855,19.285442]]}},{"type":"Feature","properties":{"mode":"bus","n":7,"arr":["C1A","C1B","C1C","C2E","C24D","R57-A","R57-C"],"lines":"1A, 1B, 1C, 2E, 24D, 57-A, 57-C"},"geometry":{"type":"LineString","coordinates":[[-99.156508,19.296937],[-99.15666,19.29714]]}},{"type":"Feature","properties":{"mode":"bus","n":9,"arr":["C1A","C1B","C1C","C2B","C2C","C2E","C24D","R57-A","R57-C"],"lines":"1A, 1B, 1C, 2B, 2C, 2E, 24D, 57-A, 57-C"},"geometry":{"type":"LineString","coordinates":[[-99.15666,19.29714],[-99.158287,19.299249],[-99.158829,19.299764],[-99.159269,19.300133],[-99.159723,19.300428],[-99.160582,19.300923]]}},{"type":"Feature","properties":{"mode":"bus","n":7,"arr":["C1A","C1B","C1C","R57-A","R57-C","R116-A","R121-A"],"lines":"1A, 1B, 1C, 57-A, 57-C, 116-A, 121-A"},"geometry":{"type":"LineString","coordinates":[[-99.201833,19.347027],[-99.201736,19.347312]]}},{"type":"Feature","properties":{"mode":"bus","n":8,"arr":["C1A","C1B","C1C","CZ2B","CZ2C","CZ2D","R57-A","R57-C"],"lines":"1A, 1B, 1C, Z2B, Z2C, Z2D, 57-A, 57-C"},"geometry":{"type":"LineString","coordinates":[[-99.191095,19.361935],[-99.19097,19.363111]]}},{"type":"Feature","properties":{"mode":"bus","n":7,"arr":["C1A","C1B","CZ2B","CZ2C","CZ2D","R57-A","R57-C"],"lines":"1A, 1B, Z2B, Z2C, Z2D, 57-A, 57-C"},"geometry":{"type":"LineString","coordinates":[[-99.19097,19.363111],[-99.190943,19.363332]]}},{"type":"Feature","properties":{"mode":"bus","n":11,"arr":["C1A","C1B","CZ2B","CZ2C","CZ2D","CZ2E","CZ2F","CZ2J","R57-A","R57-C","R124-A"],"lines":"1A, 1B, Z2B, Z2C, Z2D, Z2E, Z2F, Z2J, 57-A, 57-C, 124-A"},"geometry":{"type":"LineString","coordinates":[[-99.190922,19.363545],[-99.190943,19.363332]]}},{"type":"Feature","properties":{"mode":"bus","n":11,"arr":["C1A","C1B","CZ2E","CZ2F","CZ2G","CZ2H","CZ2I","CZ2J","R57-A","R57-C","R124-A"],"lines":"1A, 1B, Z2E, Z2F, Z2G, Z2H, Z2I, Z2J, 57-A, 57-C, 124-A"},"geometry":{"type":"LineString","coordinates":[[-99.190893,19.363841],[-99.190922,19.363545]]}},{"type":"Feature","properties":{"mode":"bus","n":12,"arr":["C1A","C1B","C21D","CZ2E","CZ2F","CZ2G","CZ2H","CZ2I","CZ2J","R57-A","R57-C","R124-A"],"lines":"1A, 1B, 21D, Z2E, Z2F, Z2G, Z2H, Z2I, Z2J, 57-A, 57-C, 124-A"},"geometry":{"type":"LineString","coordinates":[[-99.191638,19.376007],[-99.191967,19.373346],[-99.191964,19.373214],[-99.191927,19.373076],[-99.191479,19.372095],[-99.191429,19.371898],[-99.191407,19.371689],[-99.191627,19.36994],[-99.191631,19.369738],[-99.191455,19.368744],[-99.190731,19.367425],[-99.190575,19.367002],[-99.190544,19.36671],[-99.190758,19.364825],[-99.190893,19.363841]]}},{"type":"Feature","properties":{"mode":"bus","n":5,"arr":["C1A","C1B","C21D","CZ2I","CZ2J"],"lines":"1A, 1B, 21D, Z2I, Z2J"},"geometry":{"type":"LineString","coordinates":[[-99.190895,19.384543],[-99.191056,19.384073],[-99.191399,19.383301],[-99.1915,19.383023],[-99.191549,19.38264],[-99.191564,19.379838],[-99.191502,19.378736],[-99.191427,19.377907],[-99.191412,19.37724],[-99.191434,19.377007],[-99.191629,19.37608]]}},{"type":"Feature","properties":{"mode":"bus","n":7,"arr":["C1A","C1B","C21D","CZ2I","CZ2J","R112","R119"],"lines":"1A, 1B, 21D, Z2I, Z2J, 112, 119"},"geometry":{"type":"LineString","coordinates":[[-99.189817,19.387613],[-99.190005,19.38683],[-99.190238,19.38604],[-99.190895,19.384543]]}},{"type":"Feature","properties":{"mode":"bus","n":7,"arr":["C1A","C1B","C21D","CZ2I","CZ2J","R112","R119"],"lines":"1A, 1B, 21D, Z2I, Z2J, 112, 119"},"geometry":{"type":"LineString","coordinates":[[-99.188896,19.39114],[-99.18916,19.390057],[-99.189518,19.388789],[-99.18967,19.388119],[-99.189751,19.387855]]}},{"type":"Feature","properties":{"mode":"bus","n":6,"arr":["C1A","C1B","CZ2I","CZ2J","R112","R119"],"lines":"1A, 1B, Z2I, Z2J, 112, 119"},"geometry":{"type":"LineString","coordinates":[[-99.189751,19.387855],[-99.189817,19.387613]]}},{"type":"Feature","properties":{"mode":"bus","n":6,"arr":["C1A","C1B","CZ2I","CZ2J","R112","R119"],"lines":"1A, 1B, Z2I, Z2J, 112, 119"},"geometry":{"type":"LineString","coordinates":[[-99.188896,19.39114],[-99.188572,19.392349],[-99.188269,19.393283],[-99.188214,19.393542],[-99.188203,19.393797],[-99.188301,19.394144],[-99.189227,19.396403]]}},{"type":"Feature","properties":{"mode":"bus","n":5,"arr":["C1A","R57-A","R57-C","R76-A","R300-A"],"lines":"1A, 57-A, 57-C, 76-A, 300-A"},"geometry":{"type":"LineString","coordinates":[[-99.195195,19.419116],[-99.195183,19.419535]]}},{"type":"Feature","properties":{"mode":"bus","n":6,"arr":["C1A","R57-A","R57-C","R76","R76-A","R300-A"],"lines":"1A, 57-A, 57-C, 76, 76-A, 300-A"},"geometry":{"type":"LineString","coordinates":[[-99.195358,19.42058],[-99.195274,19.420379],[-99.195231,19.420205],[-99.1952,19.419999],[-99.195183,19.419535]]}},{"type":"Feature","properties":{"mode":"bus","n":5,"arr":["C1A","C12A","C12C","C16A","C16B"],"lines":"1A, 12A, 12C, 16A, 16B"},"geometry":{"type":"LineString","coordinates":[[-99.216875,19.449855],[-99.216757,19.449895]]}},{"type":"Feature","properties":{"mode":"bus","n":5,"arr":["C11D","C12A","C12B","C12C","C12D"],"lines":"11D, 12A, 12B, 12C, 12D"},"geometry":{"type":"LineString","coordinates":[[-99.216634,19.449673],[-99.215925,19.448387]]}},{"type":"Feature","properties":{"mode":"bus","n":5,"arr":["C1A","C12B","C12D","C16A","C16B"],"lines":"1A, 12B, 12D, 16A, 16B"},"geometry":{"type":"LineString","coordinates":[[-99.218021,19.452253],[-99.216978,19.450275],[-99.216757,19.449895]]}},{"type":"Feature","properties":{"mode":"bus","n":10,"arr":["C1B","C9A","C9C","C9E","C9F","R110","R110-B","R110-C","R113-B","RL1"],"lines":"1B, 9A, 9C, 9E, 9F, 110, 110-B, 110-C, 113-B, L1"},"geometry":{"type":"LineString","coordinates":[[-99.187783,19.402261],[-99.187985,19.402283]]}},{"type":"Feature","properties":{"mode":"bus","n":10,"arr":["C1B","C9A","C9C","C9E","C9F","R110","R110-B","R110-C","R113-B","RL1"],"lines":"1B, 9A, 9C, 9E, 9F, 110, 110-B, 110-C, 113-B, L1"},"geometry":{"type":"LineString","coordinates":[[-99.189421,19.402359],[-99.188438,19.402314]]}},{"type":"Feature","properties":{"mode":"bus","n":10,"arr":["C1B","C9A","C9C","C9E","C9F","R110","R110-B","R110-C","R113-B","RL1"],"lines":"1B, 9A, 9C, 9E, 9F, 110, 110-B, 110-C, 113-B, L1"},"geometry":{"type":"LineString","coordinates":[[-99.189358,19.4032],[-99.189374,19.403003]]}},{"type":"Feature","properties":{"mode":"bus","n":9,"arr":["C9A","C9C","C9E","C9F","R110","R110-B","R110-C","R113-B","RL1"],"lines":"9A, 9C, 9E, 9F, 110, 110-B, 110-C, 113-B, L1"},"geometry":{"type":"LineString","coordinates":[[-99.187181,19.402282],[-99.187397,19.402218],[-99.187783,19.402261]]}},{"type":"Feature","properties":{"mode":"bus","n":9,"arr":["C9A","C9C","C9E","C9F","R110","R110-B","R110-C","R113-B","RL1"],"lines":"9A, 9C, 9E, 9F, 110, 110-B, 110-C, 113-B, L1"},"geometry":{"type":"LineString","coordinates":[[-99.186704,19.403881],[-99.186618,19.403752],[-99.18659,19.403555]]}},{"type":"Feature","properties":{"mode":"bus","n":6,"arr":["C1B","R110","R110-B","R110-C","R113-B","RL1"],"lines":"1B, 110, 110-B, 110-C, 113-B, L1"},"geometry":{"type":"LineString","coordinates":[[-99.190873,19.403855],[-99.189764,19.403928],[-99.189604,19.403919],[-99.189457,19.403881],[-99.189406,19.403842],[-99.189355,19.403753],[-99.189379,19.403307],[-99.189358,19.4032]]}},{"type":"Feature","properties":{"mode":"bus","n":6,"arr":["C1B","C9A","C9C","C9E","C9F","RL1"],"lines":"1B, 9A, 9C, 9E, 9F, L1"},"geometry":{"type":"LineString","coordinates":[[-99.189374,19.403003],[-99.189421,19.402359]]}},{"type":"Feature","properties":{"mode":"bus","n":7,"arr":["C1B","C9F","R110","R110-B","R110-C","R113-B","RL1"],"lines":"1B, 9F, 110, 110-B, 110-C, 113-B, L1"},"geometry":{"type":"LineString","coordinates":[[-99.188438,19.402314],[-99.187985,19.402283]]}},{"type":"Feature","properties":{"mode":"bus","n":5,"arr":["C2A","C2F","R17-F","R81-A","R143"],"lines":"2A, 2F, 17-F, 81-A, 143"},"geometry":{"type":"LineString","coordinates":[[-99.139958,19.344691],[-99.139347,19.344653]]}},{"type":"Feature","properties":{"mode":"bus","n":6,"arr":["C2A","C2D","C2F","R17-F","R81-A","R143"],"lines":"2A, 2D, 2F, 17-F, 81-A, 143"},"geometry":{"type":"LineString","coordinates":[[-99.138564,19.344604],[-99.138492,19.344508],[-99.138498,19.344202]]}},{"type":"Feature","properties":{"mode":"bus","n":10,"arr":["C2A","C2D","C2F","CZ3A","CZ3B","CZ3G","CZ3H","R17-F","R81-A","R143"],"lines":"2A, 2D, 2F, Z3A, Z3B, Z3G, Z3H, 17-F, 81-A, 143"},"geometry":{"type":"LineString","coordinates":[[-99.138498,19.344202],[-99.138423,19.344017],[-99.138404,19.343988],[-99.138374,19.343969],[-99.138047,19.343844],[-99.137638,19.343386],[-99.137517,19.343311],[-99.137404,19.343161]]}},{"type":"Feature","properties":{"mode":"bus","n":14,"arr":["C2A","C2D","C2F","CZ3A","CZ3B","CZ3C","CZ3D","CZ3E","CZ3F","CZ3G","CZ3H","R17-F","R81-A","R143"],"lines":"2A, 2D, 2F, Z3A, Z3B, Z3C, Z3D, Z3E, Z3F, Z3G, Z3H, 17-F, 81-A, 143"},"geometry":{"type":"LineString","coordinates":[[-99.137404,19.343161],[-99.137488,19.341794]]}},{"type":"Feature","properties":{"mode":"bus","n":14,"arr":["C2A","C2D","C2F","C25B","CZ3A","CZ3B","CZ3C","CZ3D","CZ3E","CZ3F","CZ3G","CZ3H","R81-A","R143"],"lines":"2A, 2D, 2F, 25B, Z3A, Z3B, Z3C, Z3D, Z3E, Z3F, Z3G, Z3H, 81-A, 143"},"geometry":{"type":"LineString","coordinates":[[-99.137488,19.341794],[-99.137515,19.341227]]}},{"type":"Feature","properties":{"mode":"bus","n":8,"arr":["C2A","C2D","C2F","CZ3C","CZ3D","CZ3E","CZ3F","T7"],"lines":"2A, 2D, 2F, Z3C, Z3D, Z3E, Z3F, 7"},"geometry":{"type":"LineString","coordinates":[[-99.137515,19.341227],[-99.138251,19.341321]]}},{"type":"Feature","properties":{"mode":"bus","n":9,"arr":["C2A","C2D","C2F","CZ3C","CZ3D","CZ3E","CZ3F","R17-F","T7"],"lines":"2A, 2D, 2F, Z3C, Z3D, Z3E, Z3F, 17-F, 7"},"geometry":{"type":"LineString","coordinates":[[-99.138251,19.341321],[-99.138964,19.341415]]}},{"type":"Feature","properties":{"mode":"bus","n":11,"arr":["C2A","C2D","C2F","CZ3C","CZ3D","CZ3E","CZ3F","R17-F","T1","T7","T12"],"lines":"2A, 2D, 2F, Z3C, Z3D, Z3E, Z3F, 17-F, 1, 7, 12"},"geometry":{"type":"LineString","coordinates":[[-99.138964,19.341415],[-99.141267,19.341737]]}},{"type":"Feature","properties":{"mode":"bus","n":7,"arr":["C2A","C2D","C2F","R17-F","T1","T7","T12"],"lines":"2A, 2D, 2F, 17-F, 1, 7, 12"},"geometry":{"type":"LineString","coordinates":[[-99.141267,19.341737],[-99.142178,19.341852],[-99.142434,19.34193],[-99.142628,19.342069],[-99.142968,19.342465],[-99.143109,19.342591],[-99.143286,19.342687],[-99.143575,19.342777],[-99.143872,19.342795],[-99.144094,19.342759],[-99.144369,19.342645],[-99.144616,19.342479]]}},{"type":"Feature","properties":{"mode":"bus","n":16,"arr":["C17A","C17B","C17C","C17D","C17E","C17F","C17G","C17H","C17I","C17J","C17K","C17L","R2-A","R31-B","R111-A","R145-A"],"lines":"17A, 17B, 17C, 17D, 17E, 17F, 17G, 17H, 17I, 17J, 17K, 17L, 2-A, 31-B, 111-A, 145-A"},"geometry":{"type":"LineString","coordinates":[[-99.145695,19.350798],[-99.145711,19.349798],[-99.145542,19.348743],[-99.144803,19.345829],[-99.144229,19.343332]]}},{"type":"Feature","properties":{"mode":"bus","n":16,"arr":["C17A","C17B","C17C","C17D","C17E","C17F","C17G","C17H","C17I","C17J","C17K","C17L","R2-A","R31-B","R111-A","R145-A"],"lines":"17A, 17B, 17C, 17D, 17E, 17F, 17G, 17H, 17I, 17J, 17K, 17L, 2-A, 31-B, 111-A, 145-A"},"geometry":{"type":"LineString","coordinates":[[-99.144846,19.346979],[-99.145339,19.348997],[-99.145413,19.349531],[-99.145431,19.349831],[-99.145419,19.350828],[-99.145375,19.351262],[-99.145261,19.351867],[-99.145126,19.35241],[-99.144094,19.35583],[-99.143967,19.356327]]}},{"type":"Feature","properties":{"mode":"bus","n":16,"arr":["C17A","C17B","C17C","C17D","C17E","C17F","C17G","C17H","C17I","C17J","C17K","C17L","R2-A","R31-B","R111-A","R145-A"],"lines":"17A, 17B, 17C, 17D, 17E, 17F, 17G, 17H, 17I, 17J, 17K, 17L, 2-A, 31-B, 111-A, 145-A"},"geometry":{"type":"LineString","coordinates":[[-99.14331,19.359065],[-99.142983,19.36055],[-99.14231,19.364189],[-99.141472,19.369276],[-99.141383,19.370012],[-99.141397,19.370272],[-99.141305,19.370739],[-99.140849,19.373795],[-99.140399,19.377238],[-99.139019,19.38637]]}},{"type":"Feature","properties":{"mode":"bus","n":16,"arr":["C17A","C17B","C17C","C17D","C17E","C17F","C17G","C17H","C17I","C17J","C17K","C17L","R2-A","R31-B","R111-A","R145-A"],"lines":"17A, 17B, 17C, 17D, 17E, 17F, 17G, 17H, 17I, 17J, 17K, 17L, 2-A, 31-B, 111-A, 145-A"},"geometry":{"type":"LineString","coordinates":[[-99.138873,19.387204],[-99.138141,19.392252],[-99.137619,19.395436],[-99.136529,19.402514],[-99.13613,19.405275],[-99.135708,19.407881],[-99.135505,19.40864]]}},{"type":"Feature","properties":{"mode":"bus","n":16,"arr":["C17A","C17B","C17C","C17D","C17E","C17F","C17G","C17H","C17I","C17J","C17K","C17L","R2-A","R31-B","R111-A","R145-A"],"lines":"17A, 17B, 17C, 17D, 17E, 17F, 17G, 17H, 17I, 17J, 17K, 17L, 2-A, 31-B, 111-A, 145-A"},"geometry":{"type":"LineString","coordinates":[[-99.136475,19.404209],[-99.137644,19.397063],[-99.137871,19.395469],[-99.138749,19.389805],[-99.139532,19.384475]]}},{"type":"Feature","properties":{"mode":"bus","n":16,"arr":["C17A","C17B","C17C","C17D","C17E","C17F","C17G","C17H","C17I","C17J","C17K","C17L","R2-A","R31-B","R111-A","R145-A"],"lines":"17A, 17B, 17C, 17D, 17E, 17F, 17G, 17H, 17I, 17J, 17K, 17L, 2-A, 31-B, 111-A, 145-A"},"geometry":{"type":"LineString","coordinates":[[-99.139609,19.383963],[-99.140682,19.377149],[-99.140951,19.375071],[-99.141279,19.372893],[-99.141656,19.370032],[-99.141736,19.369907],[-99.142252,19.366768],[-99.142941,19.362855],[-99.142929,19.362599],[-99.143288,19.360471],[-99.143472,19.359563],[-99.144288,19.356043],[-99.144758,19.354631],[-99.145076,19.353489]]}},{"type":"Feature","properties":{"mode":"bus","n":15,"arr":["C17A","C17B","C17C","C17D","C17E","C17F","C17G","C17H","C17I","C17J","C17K","R2-A","R31-B","R111-A","R145-A"],"lines":"17A, 17B, 17C, 17D, 17E, 17F, 17G, 17H, 17I, 17J, 17K, 2-A, 31-B, 111-A, 145-A"},"geometry":{"type":"LineString","coordinates":[[-99.144229,19.343332],[-99.143861,19.341885]]}},{"type":"Feature","properties":{"mode":"bus","n":15,"arr":["C17A","C17B","C17C","C17D","C17E","C17F","C17G","C17H","C17I","C17J","C17K","R2-A","R31-B","R111-A","R145-A"],"lines":"17A, 17B, 17C, 17D, 17E, 17F, 17G, 17H, 17I, 17J, 17K, 2-A, 31-B, 111-A, 145-A"},"geometry":{"type":"LineString","coordinates":[[-99.134556,19.415203],[-99.13386,19.419722],[-99.133601,19.421686],[-99.133596,19.421901],[-99.13364,19.422131],[-99.133818,19.422434],[-99.134245,19.422861],[-99.134323,19.423003],[-99.134332,19.423086],[-99.134269,19.423581],[-99.134276,19.423709],[-99.1343,19.423804],[-99.134541,19.424291],[-99.134469,19.424723]]}},{"type":"Feature","properties":{"mode":"bus","n":15,"arr":["C17A","C17B","C17C","C17D","C17E","C17F","C17G","C17H","C17I","C17J","C17K","R2-A","R31-B","R111-A","R145-A"],"lines":"17A, 17B, 17C, 17D, 17E, 17F, 17G, 17H, 17I, 17J, 17K, 2-A, 31-B, 111-A, 145-A"},"geometry":{"type":"LineString","coordinates":[[-99.133667,19.422028],[-99.134232,19.41871],[-99.135544,19.410295],[-99.135648,19.409885],[-99.135775,19.409521],[-99.135851,19.409097],[-99.13593,19.40764],[-99.136475,19.404209]]}},{"type":"Feature","properties":{"mode":"bus","n":16,"arr":["C2F","C17A","C17B","C17C","C17D","C17E","C17F","C17G","C17H","C17I","C17J","C17K","R2-A","R31-B","R111-A","R145-A"],"lines":"2F, 17A, 17B, 17C, 17D, 17E, 17F, 17G, 17H, 17I, 17J, 17K, 2-A, 31-B, 111-A, 145-A"},"geometry":{"type":"LineString","coordinates":[[-99.143861,19.341885],[-99.143803,19.34164]]}},{"type":"Feature","properties":{"mode":"bus","n":19,"arr":["C2A","C2D","C2F","C17A","C17B","C17C","C17D","C17E","C17F","C17G","C17H","C17I","C17J","C17K","R2-A","R17-F","R31-B","R111-A","R145-A"],"lines":"2A, 2D, 2F, 17A, 17B, 17C, 17D, 17E, 17F, 17G, 17H, 17I, 17J, 17K, 2-A, 17-F, 31-B, 111-A, 145-A"},"geometry":{"type":"LineString","coordinates":[[-99.143803,19.34164],[-99.143442,19.340349],[-99.141491,19.334055],[-99.141065,19.332587],[-99.140609,19.331192],[-99.138111,19.323209],[-99.137959,19.322617],[-99.137896,19.322206],[-99.137871,19.321788],[-99.137892,19.32145],[-99.137957,19.321018],[-99.138273,19.319961]]}},{"type":"Feature","properties":{"mode":"bus","n":19,"arr":["C2A","C2D","C2F","C17A","C17B","C17C","C17D","C17E","C17F","C17G","C17H","C17I","C17J","C17K","R2-A","R17-F","R31-B","R111-A","R145-A"],"lines":"2A, 2D, 2F, 17A, 17B, 17C, 17D, 17E, 17F, 17G, 17H, 17I, 17J, 17K, 2-A, 17-F, 31-B, 111-A, 145-A"},"geometry":{"type":"LineString","coordinates":[[-99.138883,19.316654],[-99.138417,19.318202],[-99.138105,19.319149],[-99.137952,19.320084],[-99.137597,19.321282],[-99.13757,19.321995],[-99.137606,19.322282],[-99.13791,19.323472],[-99.13888,19.326692],[-99.141886,19.336238],[-99.143178,19.340462]]}},{"type":"Feature","properties":{"mode":"bus","n":15,"arr":["C2A","C2D","C2F","C17A","C17C","C17D","C17E","C17I","C17J","C17K","R2-A","R17-F","R31-B","R111-A","R145-A"],"lines":"2A, 2D, 2F, 17A, 17C, 17D, 17E, 17I, 17J, 17K, 2-A, 17-F, 31-B, 111-A, 145-A"},"geometry":{"type":"LineString","coordinates":[[-99.138273,19.319961],[-99.138506,19.319221]]}},{"type":"Feature","properties":{"mode":"bus","n":17,"arr":["C2A","C2D","C2F","C17A","C17B","C17C","C17D","C17E","C17I","C17J","C17K","C24B","R2-A","R17-F","R31-B","R111-A","R145-A"],"lines":"2A, 2D, 2F, 17A, 17B, 17C, 17D, 17E, 17I, 17J, 17K, 24B, 2-A, 17-F, 31-B, 111-A, 145-A"},"geometry":{"type":"LineString","coordinates":[[-99.138506,19.319221],[-99.138866,19.318085],[-99.139441,19.31647]]}},{"type":"Feature","properties":{"mode":"bus","n":20,"arr":["C2A","C2D","C2F","C17A","C17B","C17C","C17D","C17E","C17F","C17G","C17H","C17I","C17J","C17K","C24B","R2-A","R17-F","R31-B","R111-A","R145-A"],"lines":"2A, 2D, 2F, 17A, 17B, 17C, 17D, 17E, 17F, 17G, 17H, 17I, 17J, 17K, 24B, 2-A, 17-F, 31-B, 111-A, 145-A"},"geometry":{"type":"LineString","coordinates":[[-99.139441,19.31647],[-99.13981,19.315421],[-99.140761,19.312532],[-99.141006,19.311726],[-99.141108,19.311533],[-99.141908,19.309205],[-99.142308,19.308508],[-99.143934,19.306268],[-99.144726,19.305254]]}},{"type":"Feature","properties":{"mode":"bus","n":20,"arr":["C2A","C2D","C2F","C17A","C17B","C17C","C17D","C17E","C17F","C17G","C17H","C17I","C17J","C17K","C24B","R2-A","R17-F","R31-B","R111-A","R145-A"],"lines":"2A, 2D, 2F, 17A, 17B, 17C, 17D, 17E, 17F, 17G, 17H, 17I, 17J, 17K, 24B, 2-A, 17-F, 31-B, 111-A, 145-A"},"geometry":{"type":"LineString","coordinates":[[-99.141471,19.309047],[-99.140863,19.31075],[-99.138883,19.316654]]}},{"type":"Feature","properties":{"mode":"bus","n":29,"arr":["C2A","C2B","C2C","C2D","C2E","C2F","C17A","C17B","C17C","C17D","C17E","C17F","C17G","C17H","C17I","C17J","C17K","C24B","R2-A","R17-F","R31-B","R69","R111-A","R131","R132","R134","R134-A","R134-B","R145-A"],"lines":"2A, 2B, 2C, 2D, 2E, 2F, 17A, 17B, 17C, 17D, 17E, 17F, 17G, 17H, 17I, 17J, 17K, 24B, 2-A, 17-F, 31-B, 69, 111-A, 131, 132, 134, 134-A, 134-B, 145-A"},"geometry":{"type":"LineString","coordinates":[[-99.144726,19.305254],[-99.146376,19.303064],[-99.147019,19.302165]]}},{"type":"Feature","properties":{"mode":"bus","n":34,"arr":["C2A","C2B","C2C","C2D","C2E","C2F","C17A","C17B","C17C","C17D","C17E","C17F","C17G","C17H","C17I","C17J","C17K","C24B","C24D","R2-A","R17-E","R17-F","R31-B","R69","R111-A","R131","R132","R134","R134-A","R134-B","R134-C","R134-D","R145-A","R162-D"],"lines":"2A, 2B, 2C, 2D, 2E, 2F, 17A, 17B, 17C, 17D, 17E, 17F, 17G, 17H, 17I, 17J, 17K, 24B, 24D, 2-A, 17-E, 17-F, 31-B, 69, 111-A, 131, 132, 134, 134-A, 134-B, 134-C, 134-D, 145-A, 162-D"},"geometry":{"type":"LineString","coordinates":[[-99.147019,19.302165],[-99.147389,19.301671],[-99.14792,19.301082],[-99.148574,19.30054],[-99.151344,19.29841]]}},{"type":"Feature","properties":{"mode":"bus","n":34,"arr":["C2A","C2B","C2C","C2D","C2E","C2F","C17A","C17B","C17C","C17D","C17E","C17F","C17G","C17H","C17I","C17J","C17K","C24B","C24D","R2-A","R17-E","R17-F","R31-B","R69","R111-A","R131","R132","R134","R134-A","R134-B","R134-C","R134-D","R145-A","R162-D"],"lines":"2A, 2B, 2C, 2D, 2E, 2F, 17A, 17B, 17C, 17D, 17E, 17F, 17G, 17H, 17I, 17J, 17K, 24B, 24D, 2-A, 17-E, 17-F, 31-B, 69, 111-A, 131, 132, 134, 134-A, 134-B, 134-C, 134-D, 145-A, 162-D"},"geometry":{"type":"LineString","coordinates":[[-99.150043,19.298871],[-99.147517,19.3008]]}},{"type":"Feature","properties":{"mode":"bus","n":31,"arr":["C2A","C2B","C2C","C2D","C2E","C2F","C17A","C17B","C17C","C17D","C17E","C17F","C17G","C17H","C17J","C17K","C24D","R2-A","R17-E","R17-F","R31-B","R69","R111-A","R131","R132","R134","R134-A","R134-B","R134-C","R134-D","R145-A"],"lines":"2A, 2B, 2C, 2D, 2E, 2F, 17A, 17B, 17C, 17D, 17E, 17F, 17G, 17H, 17J, 17K, 24D, 2-A, 17-E, 17-F, 31-B, 69, 111-A, 131, 132, 134, 134-A, 134-B, 134-C, 134-D, 145-A"},"geometry":{"type":"LineString","coordinates":[[-99.151344,19.29841],[-99.151452,19.298332]]}},{"type":"Feature","properties":{"mode":"bus","n":31,"arr":["C2A","C2B","C2C","C2D","C2E","C2F","C17A","C17B","C17C","C17D","C17E","C17F","C17G","C17H","C17J","C17K","C24D","R2-A","R17-E","R17-F","R31-B","R69","R111-A","R131","R132","R134","R134-A","R134-B","R134-C","R134-D","R145-A"],"lines":"2A, 2B, 2C, 2D, 2E, 2F, 17A, 17B, 17C, 17D, 17E, 17F, 17G, 17H, 17J, 17K, 24D, 2-A, 17-E, 17-F, 31-B, 69, 111-A, 131, 132, 134, 134-A, 134-B, 134-C, 134-D, 145-A"},"geometry":{"type":"LineString","coordinates":[[-99.147517,19.3008],[-99.147038,19.301395]]}},{"type":"Feature","properties":{"mode":"bus","n":26,"arr":["C2A","C2B","C2C","C2D","C2E","C2F","C17A","C17E","C17F","C17G","C17H","C17J","C17K","C24D","R2-A","R17-E","R17-F","R69","R111-A","R131","R132","R134","R134-A","R134-B","R134-C","R134-D"],"lines":"2A, 2B, 2C, 2D, 2E, 2F, 17A, 17E, 17F, 17G, 17H, 17J, 17K, 24D, 2-A, 17-E, 17-F, 69, 111-A, 131, 132, 134, 134-A, 134-B, 134-C, 134-D"},"geometry":{"type":"LineString","coordinates":[[-99.151452,19.298332],[-99.151539,19.29826]]}},{"type":"Feature","properties":{"mode":"bus","n":25,"arr":["C2A","C2B","C2C","C2D","C2E","C2F","C17A","C17E","C17F","C17G","C17H","C17J","C17K","R2-A","R17-E","R17-F","R69","R111-A","R131","R132","R134","R134-A","R134-B","R134-C","R134-D"],"lines":"2A, 2B, 2C, 2D, 2E, 2F, 17A, 17E, 17F, 17G, 17H, 17J, 17K, 2-A, 17-E, 17-F, 69, 111-A, 131, 132, 134, 134-A, 134-B, 134-C, 134-D"},"geometry":{"type":"LineString","coordinates":[[-99.151539,19.29826],[-99.15226,19.297621],[-99.155874,19.294921],[-99.158115,19.293281]]}},{"type":"Feature","properties":{"mode":"bus","n":25,"arr":["C2A","C2B","C2C","C2D","C2E","C2F","C17A","C17E","C17F","C17G","C17H","C17J","C17K","R2-A","R17-E","R17-F","R69","R111-A","R131","R132","R134","R134-A","R134-B","R134-C","R134-D"],"lines":"2A, 2B, 2C, 2D, 2E, 2F, 17A, 17E, 17F, 17G, 17H, 17J, 17K, 2-A, 17-E, 17-F, 69, 111-A, 131, 132, 134, 134-A, 134-B, 134-C, 134-D"},"geometry":{"type":"LineString","coordinates":[[-99.15908,19.292574],[-99.159297,19.292426]]}},{"type":"Feature","properties":{"mode":"bus","n":25,"arr":["C2A","C2B","C2C","C2D","C2E","C2F","C17A","C17E","C17F","C17G","C17H","C17J","C17K","R2-A","R17-E","R17-F","R69","R111-A","R131","R132","R134","R134-A","R134-B","R134-C","R134-D"],"lines":"2A, 2B, 2C, 2D, 2E, 2F, 17A, 17E, 17F, 17G, 17H, 17J, 17K, 2-A, 17-E, 17-F, 69, 111-A, 131, 132, 134, 134-A, 134-B, 134-C, 134-D"},"geometry":{"type":"LineString","coordinates":[[-99.159978,19.291926],[-99.160126,19.291819]]}},{"type":"Feature","properties":{"mode":"bus","n":25,"arr":["C2A","C2B","C2C","C2D","C2E","C2F","C17A","C17E","C17F","C17G","C17H","C17J","C17K","R2-A","R17-E","R17-F","R69","R111-A","R131","R132","R134","R134-A","R134-B","R134-C","R134-D"],"lines":"2A, 2B, 2C, 2D, 2E, 2F, 17A, 17E, 17F, 17G, 17H, 17J, 17K, 2-A, 17-E, 17-F, 69, 111-A, 131, 132, 134, 134-A, 134-B, 134-C, 134-D"},"geometry":{"type":"LineString","coordinates":[[-99.16114,19.29107],[-99.162066,19.290384]]}},{"type":"Feature","properties":{"mode":"bus","n":25,"arr":["C2A","C2B","C2C","C2D","C2E","C2F","C17A","C17E","C17F","C17G","C17H","C17J","C17K","R2-A","R17-E","R17-F","R69","R111-A","R131","R132","R134","R134-A","R134-B","R134-C","R134-D"],"lines":"2A, 2B, 2C, 2D, 2E, 2F, 17A, 17E, 17F, 17G, 17H, 17J, 17K, 2-A, 17-E, 17-F, 69, 111-A, 131, 132, 134, 134-A, 134-B, 134-C, 134-D"},"geometry":{"type":"LineString","coordinates":[[-99.161986,19.290304],[-99.161047,19.290959],[-99.15191,19.297688],[-99.151128,19.298206]]}},{"type":"Feature","properties":{"mode":"bus","n":21,"arr":["C2B","C2E","C2F","C17A","C17E","C17F","C17G","C17H","C17J","C17K","R2-A","R17-F","R69","R111-A","R131","R132","R134","R134-A","R134-B","R134-C","R134-D"],"lines":"2B, 2E, 2F, 17A, 17E, 17F, 17G, 17H, 17J, 17K, 2-A, 17-F, 69, 111-A, 131, 132, 134, 134-A, 134-B, 134-C, 134-D"},"geometry":{"type":"LineString","coordinates":[[-99.158115,19.293281],[-99.15908,19.292574]]}},{"type":"Feature","properties":{"mode":"bus","n":20,"arr":["C2E","C2F","C17A","C17E","C17F","C17G","C17H","C17J","C17K","R2-A","R17-F","R69","R111-A","R131","R132","R134","R134-A","R134-B","R134-C","R134-D"],"lines":"2E, 2F, 17A, 17E, 17F, 17G, 17H, 17J, 17K, 2-A, 17-F, 69, 111-A, 131, 132, 134, 134-A, 134-B, 134-C, 134-D"},"geometry":{"type":"LineString","coordinates":[[-99.159297,19.292426],[-99.159978,19.291926]]}},{"type":"Feature","properties":{"mode":"bus","n":22,"arr":["C2A","C2B","C2C","C2D","C2E","C2F","C17A","C17E","C17J","C17K","R2-A","R17-E","R17-F","R69","R111-A","R131","R132","R134","R134-A","R134-B","R134-C","R134-D"],"lines":"2A, 2B, 2C, 2D, 2E, 2F, 17A, 17E, 17J, 17K, 2-A, 17-E, 17-F, 69, 111-A, 131, 132, 134, 134-A, 134-B, 134-C, 134-D"},"geometry":{"type":"LineString","coordinates":[[-99.160126,19.291819],[-99.16114,19.29107]]}},{"type":"Feature","properties":{"mode":"bus","n":24,"arr":["C2A","C2B","C2C","C2D","C2E","C2F","C17A","C17F","C17G","C17H","C17J","C17K","R2-A","R17-E","R17-F","R69","R111-A","R131","R132","R134","R134-A","R134-B","R134-C","R134-D"],"lines":"2A, 2B, 2C, 2D, 2E, 2F, 17A, 17F, 17G, 17H, 17J, 17K, 2-A, 17-E, 17-F, 69, 111-A, 131, 132, 134, 134-A, 134-B, 134-C, 134-D"},"geometry":{"type":"LineString","coordinates":[[-99.162066,19.290384],[-99.162155,19.290312]]}},{"type":"Feature","properties":{"mode":"bus","n":23,"arr":["C2A","C2B","C2C","C2D","C2E","C2F","C17A","C17F","C17G","C17J","C17K","R2-A","R17-E","R17-F","R69","R111-A","R131","R132","R134","R134-A","R134-B","R134-C","R134-D"],"lines":"2A, 2B, 2C, 2D, 2E, 2F, 17A, 17F, 17G, 17J, 17K, 2-A, 17-E, 17-F, 69, 111-A, 131, 132, 134, 134-A, 134-B, 134-C, 134-D"},"geometry":{"type":"LineString","coordinates":[[-99.162155,19.290312],[-99.162393,19.29002],[-99.162653,19.289342],[-99.165074,19.282142],[-99.165354,19.281528],[-99.165681,19.280954],[-99.166103,19.280463],[-99.166875,19.279662]]}},{"type":"Feature","properties":{"mode":"bus","n":21,"arr":["C2A","C2B","C2C","C2D","C2E","C2F","C17A","C17J","C17K","R2-A","R17-E","R17-F","R69","R111-A","R131","R132","R134","R134-A","R134-B","R134-C","R134-D"],"lines":"2A, 2B, 2C, 2D, 2E, 2F, 17A, 17J, 17K, 2-A, 17-E, 17-F, 69, 111-A, 131, 132, 134, 134-A, 134-B, 134-C, 134-D"},"geometry":{"type":"LineString","coordinates":[[-99.166875,19.279662],[-99.167118,19.279421],[-99.167445,19.279165],[-99.168217,19.278682],[-99.168251,19.278633],[-99.168243,19.278566],[-99.16837,19.27834],[-99.168387,19.278179],[-99.168356,19.278027],[-99.168272,19.277887],[-99.168161,19.277807],[-99.168004,19.277751],[-99.167851,19.277753],[-99.167764,19.277819],[-99.16761,19.278025],[-99.167286,19.278181]]}},{"type":"Feature","properties":{"mode":"bus","n":5,"arr":["C2A","C2B","C2C","C2D","R17-E"],"lines":"2A, 2B, 2C, 2D, 17-E"},"geometry":{"type":"LineString","coordinates":[[-99.159297,19.292426],[-99.159349,19.292438],[-99.159376,19.292439],[-99.1594,19.292428],[-99.159938,19.292034],[-99.159978,19.291926]]}},{"type":"Feature","properties":{"mode":"bus","n":7,"arr":["C2A","C2B","C2C","C2D","C17A","R111-A","R131"],"lines":"2A, 2B, 2C, 2D, 17A, 111-A, 131"},"geometry":{"type":"LineString","coordinates":[[-99.167286,19.278181],[-99.165683,19.275151],[-99.165103,19.273974],[-99.164026,19.271919],[-99.163854,19.271481],[-99.163768,19.271084],[-99.163711,19.270543],[-99.163727,19.270167],[-99.163761,19.269974],[-99.163873,19.269547],[-99.16401,19.269154],[-99.164585,19.267626]]}},{"type":"Feature","properties":{"mode":"bus","n":7,"arr":["C2A","C2B","C2C","C2D","C17A","R111-A","R131"],"lines":"2A, 2B, 2C, 2D, 17A, 111-A, 131"},"geometry":{"type":"LineString","coordinates":[[-99.165949,19.263678],[-99.166151,19.26308],[-99.166187,19.262917],[-99.166202,19.262744],[-99.166187,19.262397],[-99.166125,19.262033],[-99.166041,19.261778],[-99.16589,19.261488],[-99.165697,19.261193],[-99.165422,19.260917],[-99.162758,19.258727],[-99.162307,19.258382],[-99.161805,19.257915],[-99.158416,19.255235],[-99.156776,19.253893],[-99.156431,19.253554],[-99.156303,19.253372],[-99.156176,19.253152],[-99.156012,19.252796],[-99.155912,19.252417],[-99.155871,19.252081],[-99.155874,19.251802],[-99.156038,19.250452],[-99.156031,19.250016],[-99.155994,19.249807],[-99.15587,19.249368],[-99.155756,19.249126],[-99.155602,19.24886],[-99.155416,19.248626],[-99.154547,19.247791],[-99.153377,19.246763],[-99.152686,19.246322],[-99.150809,19.245518],[-99.150378,19.245217],[-99.150079,19.244945],[-99.149816,19.244592],[-99.14942,19.243767]]}},{"type":"Feature","properties":{"mode":"bus","n":7,"arr":["C2A","C2B","C2C","C2D","C17A","R111-A","R131"],"lines":"2A, 2B, 2C, 2D, 17A, 111-A, 131"},"geometry":{"type":"LineString","coordinates":[[-99.147205,19.240672],[-99.147495,19.241375],[-99.148788,19.244017],[-99.148835,19.244079],[-99.148909,19.244127],[-99.149362,19.244136],[-99.149445,19.244179],[-99.149526,19.244362],[-99.149764,19.244757],[-99.149901,19.244852],[-99.150185,19.245165],[-99.150628,19.245501],[-99.151097,19.24574],[-99.152501,19.246326],[-99.152989,19.246619],[-99.153289,19.246828],[-99.153556,19.247038],[-99.154756,19.248105],[-99.155305,19.248624],[-99.155563,19.248948],[-99.155699,19.249212],[-99.155845,19.249604],[-99.155904,19.24979],[-99.155956,19.25014],[-99.155964,19.250339],[-99.155935,19.25066],[-99.155794,19.251889],[-99.155788,19.252078],[-99.155825,19.252459],[-99.15588,19.25268],[-99.156025,19.253085],[-99.156377,19.253633],[-99.156697,19.253962],[-99.165381,19.261],[-99.165675,19.261355],[-99.165749,19.261474],[-99.165912,19.261797],[-99.166018,19.26211],[-99.166048,19.262264],[-99.166093,19.262604],[-99.166045,19.263067],[-99.164328,19.268075],[-99.163975,19.268962]]}},{"type":"Feature","properties":{"mode":"bus","n":7,"arr":["C2A","C2B","C2C","C2D","C17A","R111-A","R131"],"lines":"2A, 2B, 2C, 2D, 17A, 111-A, 131"},"geometry":{"type":"LineString","coordinates":[[-99.149127,19.242055],[-99.149044,19.241833],[-99.148848,19.241493],[-99.148654,19.241349],[-99.148523,19.241219],[-99.1484,19.240705],[-99.148258,19.240409],[-99.148127,19.240261],[-99.147925,19.240192],[-99.14772,19.240173],[-99.147512,19.240237],[-99.147277,19.24041],[-99.147206,19.240436]]}},{"type":"Feature","properties":{"mode":"bus","n":6,"arr":["C2A","C2B","C2C","C2D","R111-A","R131"],"lines":"2A, 2B, 2C, 2D, 111-A, 131"},"geometry":{"type":"LineString","coordinates":[[-99.164585,19.267626],[-99.165949,19.263678]]}},{"type":"Feature","properties":{"mode":"bus","n":6,"arr":["C2A","C2B","C2C","C2D","R111-A","R131"],"lines":"2A, 2B, 2C, 2D, 111-A, 131"},"geometry":{"type":"LineString","coordinates":[[-99.163975,19.268962],[-99.163789,19.26948],[-99.163666,19.269918],[-99.163596,19.27055],[-99.163615,19.270787],[-99.163699,19.271335],[-99.163802,19.271668],[-99.163957,19.272032],[-99.164491,19.273069]]}},{"type":"Feature","properties":{"mode":"bus","n":6,"arr":["C2A","C2B","C2C","C2D","R111-A","R131"],"lines":"2A, 2B, 2C, 2D, 111-A, 131"},"geometry":{"type":"LineString","coordinates":[[-99.147206,19.240436],[-99.147074,19.240449],[-99.147061,19.240452],[-99.147053,19.240456],[-99.14705,19.240463],[-99.147052,19.240471],[-99.147058,19.240482],[-99.147205,19.240672]]}},{"type":"Feature","properties":{"mode":"bus","n":20,"arr":["C2A","C2B","C2C","C2D","C2E","C2F","C17A","C17J","R2-A","R17-E","R17-F","R69","R111-A","R131","R132","R134","R134-A","R134-B","R134-C","R134-D"],"lines":"2A, 2B, 2C, 2D, 2E, 2F, 17A, 17J, 2-A, 17-E, 17-F, 69, 111-A, 131, 132, 134, 134-A, 134-B, 134-C, 134-D"},"geometry":{"type":"LineString","coordinates":[[-99.164491,19.273069],[-99.165134,19.274328]]}},{"type":"Feature","properties":{"mode":"bus","n":10,"arr":["C2A","C2B","C2C","C2D","C2E","C2F","C17A","C17J","R2-A","R17-F"],"lines":"2A, 2B, 2C, 2D, 2E, 2F, 17A, 17J, 2-A, 17-F"},"geometry":{"type":"LineString","coordinates":[[-99.165134,19.274328],[-99.165472,19.275456]]}},{"type":"Feature","properties":{"mode":"bus","n":8,"arr":["C2A","C2B","C2C","C2D","C2E","C2F","C17A","C17J"],"lines":"2A, 2B, 2C, 2D, 2E, 2F, 17A, 17J"},"geometry":{"type":"LineString","coordinates":[[-99.165472,19.275456],[-99.165545,19.275552],[-99.165717,19.275943],[-99.166154,19.27676],[-99.166343,19.277003],[-99.166444,19.277071],[-99.16661,19.277308],[-99.166833,19.277556]]}},{"type":"Feature","properties":{"mode":"bus","n":18,"arr":["C2A","C2B","C2C","C2D","C2E","C2F","C17A","C17J","R17-E","R69","R111-A","R131","R132","R134","R134-A","R134-B","R134-C","R134-D"],"lines":"2A, 2B, 2C, 2D, 2E, 2F, 17A, 17J, 17-E, 69, 111-A, 131, 132, 134, 134-A, 134-B, 134-C, 134-D"},"geometry":{"type":"LineString","coordinates":[[-99.166833,19.277556],[-99.167256,19.27837],[-99.167301,19.278628],[-99.167266,19.278931],[-99.16708,19.279338]]}},{"type":"Feature","properties":{"mode":"bus","n":21,"arr":["C2A","C2B","C2C","C2D","C2E","C2F","C17A","C17F","C17G","C17J","C17K","R17-E","R69","R111-A","R131","R132","R134","R134-A","R134-B","R134-C","R134-D"],"lines":"2A, 2B, 2C, 2D, 2E, 2F, 17A, 17F, 17G, 17J, 17K, 17-E, 69, 111-A, 131, 132, 134, 134-A, 134-B, 134-C, 134-D"},"geometry":{"type":"LineString","coordinates":[[-99.16708,19.279338],[-99.166953,19.279449],[-99.166048,19.280405],[-99.165614,19.280922],[-99.165276,19.281497],[-99.164992,19.282109],[-99.163893,19.285286],[-99.162574,19.289317],[-99.162452,19.289668],[-99.162374,19.28983],[-99.162246,19.290016]]}},{"type":"Feature","properties":{"mode":"bus","n":22,"arr":["C2A","C2B","C2C","C2D","C2E","C2F","C17A","C17E","C17F","C17G","C17J","C17K","R17-E","R69","R111-A","R131","R132","R134","R134-A","R134-B","R134-C","R134-D"],"lines":"2A, 2B, 2C, 2D, 2E, 2F, 17A, 17E, 17F, 17G, 17J, 17K, 17-E, 69, 111-A, 131, 132, 134, 134-A, 134-B, 134-C, 134-D"},"geometry":{"type":"LineString","coordinates":[[-99.162246,19.290016],[-99.162077,19.290225],[-99.161986,19.290304]]}},{"type":"Feature","properties":{"mode":"bus","n":29,"arr":["C2A","C2B","C2C","C2D","C2E","C2F","C17A","C17E","C17F","C17G","C17H","C17I","C17J","C17K","C24B","C24D","R2-A","R17-E","R17-F","R69","R111-A","R131","R132","R134","R134-A","R134-B","R134-C","R134-D","R162-D"],"lines":"2A, 2B, 2C, 2D, 2E, 2F, 17A, 17E, 17F, 17G, 17H, 17I, 17J, 17K, 24B, 24D, 2-A, 17-E, 17-F, 69, 111-A, 131, 132, 134, 134-A, 134-B, 134-C, 134-D, 162-D"},"geometry":{"type":"LineString","coordinates":[[-99.151128,19.298206],[-99.150652,19.298526],[-99.150043,19.298871]]}},{"type":"Feature","properties":{"mode":"bus","n":33,"arr":["C2A","C2B","C2C","C2D","C2E","C2F","C17A","C17B","C17C","C17D","C17E","C17F","C17G","C17H","C17J","C17K","C24B","C24D","R2-A","R17-E","R17-F","R31-B","R69","R111-A","R131","R132","R134","R134-A","R134-B","R134-C","R134-D","R145-A","R162-D"],"lines":"2A, 2B, 2C, 2D, 2E, 2F, 17A, 17B, 17C, 17D, 17E, 17F, 17G, 17H, 17J, 17K, 24B, 24D, 2-A, 17-E, 17-F, 31-B, 69, 111-A, 131, 132, 134, 134-A, 134-B, 134-C, 134-D, 145-A, 162-D"},"geometry":{"type":"LineString","coordinates":[[-99.147038,19.301395],[-99.146486,19.30218],[-99.145803,19.303058]]}},{"type":"Feature","properties":{"mode":"bus","n":28,"arr":["C2A","C2B","C2C","C2D","C2E","C2F","C17A","C17B","C17C","C17D","C17E","C17F","C17G","C17H","C17J","C17K","C24B","R2-A","R17-F","R31-B","R69","R111-A","R131","R132","R134","R134-A","R134-B","R145-A"],"lines":"2A, 2B, 2C, 2D, 2E, 2F, 17A, 17B, 17C, 17D, 17E, 17F, 17G, 17H, 17J, 17K, 24B, 2-A, 17-F, 31-B, 69, 111-A, 131, 132, 134, 134-A, 134-B, 145-A"},"geometry":{"type":"LineString","coordinates":[[-99.145803,19.303058],[-99.144367,19.305007]]}},{"type":"Feature","properties":{"mode":"bus","n":19,"arr":["C2A","C2D","C2F","C17A","C17B","C17C","C17D","C17E","C17F","C17G","C17H","C17J","C17K","C24B","R2-A","R17-F","R31-B","R111-A","R145-A"],"lines":"2A, 2D, 2F, 17A, 17B, 17C, 17D, 17E, 17F, 17G, 17H, 17J, 17K, 24B, 2-A, 17-F, 31-B, 111-A, 145-A"},"geometry":{"type":"LineString","coordinates":[[-99.144367,19.305007],[-99.143627,19.305972],[-99.143239,19.30657],[-99.142232,19.307984],[-99.142018,19.308162],[-99.141837,19.308253],[-99.141725,19.30843],[-99.14154,19.308967],[-99.141471,19.309047]]}},{"type":"Feature","properties":{"mode":"bus","n":11,"arr":["C2A","C2D","C2F","C17B","C17C","C17D","R2-A","R17-F","R31-B","R111-A","R145-A"],"lines":"2A, 2D, 2F, 17B, 17C, 17D, 2-A, 17-F, 31-B, 111-A, 145-A"},"geometry":{"type":"LineString","coordinates":[[-99.143178,19.340462],[-99.143169,19.34056],[-99.143451,19.341571],[-99.143869,19.343288]]}},{"type":"Feature","properties":{"mode":"bus","n":15,"arr":["C2A","C2D","C2F","C17B","C17C","C17D","CZ3C","CZ3D","CZ3E","CZ3F","R2-A","R17-F","R31-B","R111-A","R145-A"],"lines":"2A, 2D, 2F, 17B, 17C, 17D, Z3C, Z3D, Z3E, Z3F, 2-A, 17-F, 31-B, 111-A, 145-A"},"geometry":{"type":"LineString","coordinates":[[-99.143869,19.343288],[-99.144474,19.345709]]}},{"type":"Feature","properties":{"mode":"bus","n":7,"arr":["C17B","C17C","C17D","R2-A","R31-B","R111-A","R145-A"],"lines":"17B, 17C, 17D, 2-A, 31-B, 111-A, 145-A"},"geometry":{"type":"LineString","coordinates":[[-99.144474,19.345709],[-99.144693,19.346582]]}},{"type":"Feature","properties":{"mode":"bus","n":7,"arr":["C17B","C17C","C17D","R2-A","R31-B","R111-A","R145-A"],"lines":"17B, 17C, 17D, 2-A, 31-B, 111-A, 145-A"},"geometry":{"type":"LineString","coordinates":[[-99.143967,19.356327],[-99.143881,19.356457],[-99.143787,19.356769],[-99.14331,19.359065]]}},{"type":"Feature","properties":{"mode":"bus","n":8,"arr":["C17B","C17C","C17D","C17L","R2-A","R31-B","R111-A","R145-A"],"lines":"17B, 17C, 17D, 17L, 2-A, 31-B, 111-A, 145-A"},"geometry":{"type":"LineString","coordinates":[[-99.144693,19.346582],[-99.144755,19.34681],[-99.144846,19.346979]]}},{"type":"Feature","properties":{"mode":"bus","n":10,"arr":["CZ3A","CZ3B","CZ3C","CZ3D","CZ3E","CZ3F","CZ3G","CZ3H","R81-A","R143"],"lines":"Z3A, Z3B, Z3C, Z3D, Z3E, Z3F, Z3G, Z3H, 81-A, 143"},"geometry":{"type":"LineString","coordinates":[[-99.138397,19.345429],[-99.137233,19.34538]]}},{"type":"Feature","properties":{"mode":"bus","n":11,"arr":["C2D","CZ3A","CZ3B","CZ3C","CZ3D","CZ3E","CZ3F","CZ3G","CZ3H","R81-A","R143"],"lines":"2D, Z3A, Z3B, Z3C, Z3D, Z3E, Z3F, Z3G, Z3H, 81-A, 143"},"geometry":{"type":"LineString","coordinates":[[-99.140065,19.345479],[-99.138397,19.345429]]}},{"type":"Feature","properties":{"mode":"bus","n":5,"arr":["C2D","CZ3C","CZ3D","CZ3E","CZ3F"],"lines":"2D, Z3C, Z3D, Z3E, Z3F"},"geometry":{"type":"LineString","coordinates":[[-99.140567,19.345505],[-99.140065,19.345479]]}},{"type":"Feature","properties":{"mode":"bus","n":8,"arr":["C2A","C2D","C2F","CZ3C","CZ3D","CZ3E","CZ3F","R17-F"],"lines":"2A, 2D, 2F, Z3C, Z3D, Z3E, Z3F, 17-F"},"geometry":{"type":"LineString","coordinates":[[-99.144474,19.345709],[-99.140567,19.345505]]}},{"type":"Feature","properties":{"mode":"bus","n":9,"arr":["C2A","C2F","CZ3A","CZ3B","CZ3G","CZ3H","R17-F","R81-A","R143"],"lines":"2A, 2F, Z3A, Z3B, Z3G, Z3H, 17-F, 81-A, 143"},"geometry":{"type":"LineString","coordinates":[[-99.140104,19.345004],[-99.140065,19.344885],[-99.139958,19.344691]]}},{"type":"Feature","properties":{"mode":"bus","n":10,"arr":["C2B","C2C","C2E","R17-E","R123-A","R125","R128","R134-C","R134-D","R162-D"],"lines":"2B, 2C, 2E, 17-E, 123-A, 125, 128, 134-C, 134-D, 162-D"},"geometry":{"type":"LineString","coordinates":[[-99.173295,19.32529],[-99.17339,19.325685],[-99.173502,19.326347],[-99.173521,19.326942],[-99.173404,19.32793]]}},{"type":"Feature","properties":{"mode":"bus","n":10,"arr":["C2B","C2C","C2E","R17-E","R123-A","R125","R128","R134-C","R134-D","R162-D"],"lines":"2B, 2C, 2E, 17-E, 123-A, 125, 128, 134-C, 134-D, 162-D"},"geometry":{"type":"LineString","coordinates":[[-99.173375,19.32817],[-99.173346,19.328406]]}},{"type":"Feature","properties":{"mode":"bus","n":10,"arr":["C2B","C2C","C2E","R17-E","R123-A","R125","R128","R134-C","R134-D","R162-D"],"lines":"2B, 2C, 2E, 17-E, 123-A, 125, 128, 134-C, 134-D, 162-D"},"geometry":{"type":"LineString","coordinates":[[-99.174259,19.323797],[-99.174132,19.325305],[-99.173916,19.327223],[-99.173703,19.328066],[-99.173631,19.328451]]}},{"type":"Feature","properties":{"mode":"bus","n":10,"arr":["C2B","C2C","C2E","R17-E","R123-A","R125","R128","R134-C","R134-D","R162-D"],"lines":"2B, 2C, 2E, 17-E, 123-A, 125, 128, 134-C, 134-D, 162-D"},"geometry":{"type":"LineString","coordinates":[[-99.173797,19.314655],[-99.174298,19.315199],[-99.174531,19.315509],[-99.174671,19.315881],[-99.17471,19.316055],[-99.17473,19.316381],[-99.17464,19.318081],[-99.174571,19.320944],[-99.174433,19.32245],[-99.174304,19.323385]]}},{"type":"Feature","properties":{"mode":"bus","n":10,"arr":["C2B","C2C","C2E","R17-E","R123-A","R125","R128","R134-C","R134-D","R162-D"],"lines":"2B, 2C, 2E, 17-E, 123-A, 125, 128, 134-C, 134-D, 162-D"},"geometry":{"type":"LineString","coordinates":[[-99.173538,19.31482],[-99.173978,19.315565],[-99.17406,19.315825],[-99.174077,19.316244],[-99.17407,19.317901],[-99.174022,19.319991]]}},{"type":"Feature","properties":{"mode":"bus","n":9,"arr":["C2B","C2E","R17-E","R123-A","R125","R128","R134-C","R134-D","R162-D"],"lines":"2B, 2E, 17-E, 123-A, 125, 128, 134-C, 134-D, 162-D"},"geometry":{"type":"LineString","coordinates":[[-99.173404,19.32793],[-99.173375,19.32817]]}},{"type":"Feature","properties":{"mode":"bus","n":9,"arr":["C2B","C2E","R17-E","R123-A","R125","R128","R134-C","R134-D","R162-D"],"lines":"2B, 2E, 17-E, 123-A, 125, 128, 134-C, 134-D, 162-D"},"geometry":{"type":"LineString","coordinates":[[-99.174022,19.319991],[-99.174017,19.32026]]}},{"type":"Feature","properties":{"mode":"bus","n":7,"arr":["C2B","C2C","C2E","R17-E","R134-C","R134-D","R162-D"],"lines":"2B, 2C, 2E, 17-E, 134-C, 134-D, 162-D"},"geometry":{"type":"LineString","coordinates":[[-99.173346,19.328406],[-99.173391,19.328471],[-99.173474,19.328509],[-99.173573,19.328491],[-99.173631,19.328451]]}},{"type":"Feature","properties":{"mode":"bus","n":7,"arr":["C2B","C2C","C2E","R17-E","R134-C","R134-D","R162-D"],"lines":"2B, 2C, 2E, 17-E, 134-C, 134-D, 162-D"},"geometry":{"type":"LineString","coordinates":[[-99.173797,19.314655],[-99.173223,19.313782],[-99.17277,19.313163],[-99.172508,19.312917],[-99.172221,19.312703],[-99.171879,19.312514],[-99.171153,19.31222],[-99.170538,19.312047]]}},{"type":"Feature","properties":{"mode":"bus","n":7,"arr":["C2B","C2C","C2E","R17-E","R134-C","R134-D","R162-D"],"lines":"2B, 2C, 2E, 17-E, 134-C, 134-D, 162-D"},"geometry":{"type":"LineString","coordinates":[[-99.171099,19.312488],[-99.171721,19.312731],[-99.172038,19.312917],[-99.172346,19.313156],[-99.172551,19.313349],[-99.172946,19.313893],[-99.173538,19.31482]]}},{"type":"Feature","properties":{"mode":"bus","n":9,"arr":["C2B","C2C","C2E","R17-E","R123-A","R128","R134-C","R134-D","R162-D"],"lines":"2B, 2C, 2E, 17-E, 123-A, 128, 134-C, 134-D, 162-D"},"geometry":{"type":"LineString","coordinates":[[-99.174304,19.323385],[-99.174259,19.323797]]}},{"type":"Feature","properties":{"mode":"bus","n":5,"arr":["C2B","C2E","R17-E","R134-C","R134-D"],"lines":"2B, 2E, 17-E, 134-C, 134-D"},"geometry":{"type":"LineString","coordinates":[[-99.159234,19.30342],[-99.159489,19.303687]]}},{"type":"Feature","properties":{"mode":"bus","n":7,"arr":["C2B","C2C","C2E","C24D","R17-E","R134-C","R134-D"],"lines":"2B, 2C, 2E, 24D, 17-E, 134-C, 134-D"},"geometry":{"type":"LineString","coordinates":[[-99.158949,19.30317],[-99.158082,19.302308],[-99.157936,19.302188],[-99.15761,19.301967],[-99.157198,19.30174],[-99.15642,19.301503],[-99.15553,19.301413],[-99.155338,19.301377]]}},{"type":"Feature","properties":{"mode":"bus","n":5,"arr":["C2B","C2C","C2D","C2E","C2F"],"lines":"2B, 2C, 2D, 2E, 2F"},"geometry":{"type":"LineString","coordinates":[[-99.165044,19.274363],[-99.165134,19.274328]]}},{"type":"Feature","properties":{"mode":"bus","n":9,"arr":["C2B","C2C","C2E","R69","R131","R132","R134","R134-A","R134-B"],"lines":"2B, 2C, 2E, 69, 131, 132, 134, 134-A, 134-B"},"geometry":{"type":"LineString","coordinates":[[-99.144367,19.305007],[-99.144726,19.305254]]}},{"type":"Feature","properties":{"mode":"bus","n":6,"arr":["C2B","C2C","C2E","C24D","R57-A","R57-C"],"lines":"2B, 2C, 2E, 24D, 57-A, 57-C"},"geometry":{"type":"LineString","coordinates":[[-99.160582,19.300923],[-99.160947,19.301303]]}},{"type":"Feature","properties":{"mode":"bus","n":7,"arr":["R17-E","R123-A","R125","R128","R134-C","R134-D","R162-D"],"lines":"17-E, 123-A, 125, 128, 134-C, 134-D, 162-D"},"geometry":{"type":"LineString","coordinates":[[-99.174017,19.32026],[-99.173981,19.321772],[-99.173927,19.322292],[-99.173721,19.322505]]}},{"type":"Feature","properties":{"mode":"bus","n":7,"arr":["R17-E","R123-A","R125","R128","R134-C","R134-D","R162-D"],"lines":"17-E, 123-A, 125, 128, 134-C, 134-D, 162-D"},"geometry":{"type":"LineString","coordinates":[[-99.17346,19.323904],[-99.173381,19.324711],[-99.173295,19.32529]]}},{"type":"Feature","properties":{"mode":"bus","n":14,"arr":["C2E","C2F","C17J","C17K","R2-A","R17-E","R17-F","R69","R132","R134","R134-A","R134-B","R134-C","R134-D"],"lines":"2E, 2F, 17J, 17K, 2-A, 17-E, 17-F, 69, 132, 134, 134-A, 134-B, 134-C, 134-D"},"geometry":{"type":"LineString","coordinates":[[-99.167286,19.278181],[-99.167301,19.278032],[-99.16719,19.277315],[-99.167172,19.277074],[-99.167195,19.276837],[-99.167287,19.276354],[-99.167399,19.275817],[-99.167497,19.27552],[-99.168059,19.274198],[-99.16811,19.273916]]}},{"type":"Feature","properties":{"mode":"bus","n":13,"arr":["C2E","C2F","C17J","R2-A","R17-E","R17-F","R69","R132","R134","R134-A","R134-B","R134-C","R134-D"],"lines":"2E, 2F, 17J, 2-A, 17-E, 17-F, 69, 132, 134, 134-A, 134-B, 134-C, 134-D"},"geometry":{"type":"LineString","coordinates":[[-99.16811,19.273916],[-99.168061,19.273692],[-99.167767,19.2731],[-99.167747,19.273008],[-99.167762,19.272861],[-99.167841,19.272687]]}},{"type":"Feature","properties":{"mode":"bus","n":13,"arr":["C2E","C2F","C17J","R2-A","R17-E","R17-F","R69","R132","R134","R134-A","R134-B","R134-C","R134-D"],"lines":"2E, 2F, 17J, 2-A, 17-E, 17-F, 69, 132, 134, 134-A, 134-B, 134-C, 134-D"},"geometry":{"type":"LineString","coordinates":[[-99.167817,19.272514],[-99.16557,19.273211],[-99.164626,19.273651],[-99.164425,19.273735],[-99.164191,19.273792],[-99.164069,19.273791],[-99.163909,19.273756],[-99.16374,19.273669],[-99.163557,19.273521],[-99.163422,19.273335],[-99.163359,19.273203],[-99.163313,19.272962],[-99.163362,19.272733],[-99.16341,19.272636],[-99.163487,19.272543],[-99.163589,19.272492],[-99.163691,19.272461],[-99.163823,19.272466],[-99.163981,19.272518],[-99.164143,19.272615]]}},{"type":"Feature","properties":{"mode":"bus","n":11,"arr":["C2E","C2F","C17J","R17-E","R69","R132","R134","R134-A","R134-B","R134-C","R134-D"],"lines":"2E, 2F, 17J, 17-E, 69, 132, 134, 134-A, 134-B, 134-C, 134-D"},"geometry":{"type":"LineString","coordinates":[[-99.167841,19.272687],[-99.168218,19.272407],[-99.168336,19.27229]]}},{"type":"Feature","properties":{"mode":"bus","n":11,"arr":["C2E","C2F","C17J","R17-E","R69","R132","R134","R134-A","R134-B","R134-C","R134-D"],"lines":"2E, 2F, 17J, 17-E, 69, 132, 134, 134-A, 134-B, 134-C, 134-D"},"geometry":{"type":"LineString","coordinates":[[-99.170901,19.266716],[-99.170606,19.269244],[-99.170478,19.269984],[-99.170288,19.270297],[-99.170115,19.270514],[-99.169198,19.27137],[-99.168512,19.272153],[-99.168336,19.27229],[-99.168026,19.27244],[-99.167817,19.272514]]}},{"type":"Feature","properties":{"mode":"bus","n":8,"arr":["C17J","R69","R132","R134","R134-A","R134-B","R134-C","R134-D"],"lines":"17J, 69, 132, 134, 134-A, 134-B, 134-C, 134-D"},"geometry":{"type":"LineString","coordinates":[[-99.17872,19.256074],[-99.178522,19.2561],[-99.1785,19.256107],[-99.178485,19.25612],[-99.178478,19.25614],[-99.178452,19.256281],[-99.178408,19.256362],[-99.178267,19.25652],[-99.177366,19.257199],[-99.176561,19.25775],[-99.176462,19.257799],[-99.17624,19.257841],[-99.175938,19.257807],[-99.175142,19.257466],[-99.174945,19.257417],[-99.174665,19.257403],[-99.174385,19.257461],[-99.1742,19.257538],[-99.173942,19.257722],[-99.173808,19.25787],[-99.173666,19.258142],[-99.173619,19.258367],[-99.173581,19.259015],[-99.173562,19.260082],[-99.173621,19.260483],[-99.173689,19.260677],[-99.173983,19.261266],[-99.174045,19.261484],[-99.174065,19.261703],[-99.174025,19.262065],[-99.173794,19.263006],[-99.173687,19.263245],[-99.173615,19.263344],[-99.173373,19.263574],[-99.173088,19.263723],[-99.172448,19.263939],[-99.172318,19.264024],[-99.172177,19.264185],[-99.17126,19.265639],[-99.171038,19.266148],[-99.170901,19.266716]]}},{"type":"Feature","properties":{"mode":"bus","n":8,"arr":["C17J","R69","R132","R134","R134-A","R134-B","R134-C","R134-D"],"lines":"17J, 69, 132, 134, 134-A, 134-B, 134-C, 134-D"},"geometry":{"type":"LineString","coordinates":[[-99.173563,19.259626],[-99.173644,19.25963]]}},{"type":"Feature","properties":{"mode":"bus","n":14,"arr":["C2E","C2F","C17A","C17J","R2-A","R17-E","R17-F","R69","R132","R134","R134-A","R134-B","R134-C","R134-D"],"lines":"2E, 2F, 17A, 17J, 2-A, 17-E, 17-F, 69, 132, 134, 134-A, 134-B, 134-C, 134-D"},"geometry":{"type":"LineString","coordinates":[[-99.164143,19.272615],[-99.164491,19.273069]]}},{"type":"Feature","properties":{"mode":"bus","n":5,"arr":["C3A","R23","R27-A","R103","T8"],"lines":"3A, 23, 27-A, 103, 8"},"geometry":{"type":"LineString","coordinates":[[-99.151389,19.505174],[-99.149545,19.500487],[-99.147951,19.496561],[-99.147835,19.496172],[-99.146923,19.493905]]}},{"type":"Feature","properties":{"mode":"bus","n":5,"arr":["C3A","R23","R27-A","R103","T8"],"lines":"3A, 23, 27-A, 103, 8"},"geometry":{"type":"LineString","coordinates":[[-99.148253,19.499391],[-99.146061,19.493858]]}},{"type":"Feature","properties":{"mode":"bus","n":5,"arr":["C3A","R23","R27-A","R103","T8"],"lines":"3A, 23, 27-A, 103, 8"},"geometry":{"type":"LineString","coordinates":[[-99.148852,19.500914],[-99.150559,19.505163]]}},{"type":"Feature","properties":{"mode":"bus","n":5,"arr":["C4A","C4B","C4C","C14A","R47-A"],"lines":"4A, 4B, 4C, 14A, 47-A"},"geometry":{"type":"LineString","coordinates":[[-99.059445,19.391878],[-99.059129,19.39379],[-99.058985,19.394446]]}},{"type":"Feature","properties":{"mode":"bus","n":12,"arr":["C4A","C4B","R47-A","R57-A","R57-C","R159","R161","R161-C","R161-E","R161-F","R162","R165-A"],"lines":"4A, 4B, 47-A, 57-A, 57-C, 159, 161, 161-C, 161-E, 161-F, 162, 165-A"},"geometry":{"type":"LineString","coordinates":[[-99.061364,19.3442],[-99.061139,19.345204]]}},{"type":"Feature","properties":{"mode":"bus","n":6,"arr":["C4A","C4B","R47-A","R57-A","R57-C","R162"],"lines":"4A, 4B, 47-A, 57-A, 57-C, 162"},"geometry":{"type":"LineString","coordinates":[[-99.062747,19.341712],[-99.061762,19.342928],[-99.061599,19.343258],[-99.061364,19.3442]]}},{"type":"Feature","properties":{"mode":"bus","n":6,"arr":["C4A","C4B","R47-A","R57-A","R57-C","R162"],"lines":"4A, 4B, 47-A, 57-A, 57-C, 162"},"geometry":{"type":"LineString","coordinates":[[-99.061234,19.344192],[-99.061465,19.343317],[-99.061564,19.343066],[-99.061712,19.342801],[-99.063936,19.340048],[-99.06423,19.339642],[-99.064282,19.339379],[-99.064238,19.338714],[-99.064265,19.337115]]}},{"type":"Feature","properties":{"mode":"bus","n":10,"arr":["R57-A","R57-C","R159","R161","R161-C","R161-E","R161-F","R162","R165-A","T13"],"lines":"57-A, 57-C, 159, 161, 161-C, 161-E, 161-F, 162, 165-A, 13"},"geometry":{"type":"LineString","coordinates":[[-99.062538,19.344518],[-99.06243,19.344283]]}},{"type":"Feature","properties":{"mode":"bus","n":10,"arr":["R57-A","R57-C","R159","R161","R161-C","R161-E","R161-F","R162","R165-A","T13"],"lines":"57-A, 57-C, 159, 161, 161-C, 161-E, 161-F, 162, 165-A, 13"},"geometry":{"type":"LineString","coordinates":[[-99.063855,19.345389],[-99.063001,19.345033],[-99.062741,19.344866]]}},{"type":"Feature","properties":{"mode":"bus","n":10,"arr":["R57-A","R57-C","R159","R161","R161-C","R161-E","R161-F","R162","R165-A","T13"],"lines":"57-A, 57-C, 159, 161, 161-C, 161-E, 161-F, 162, 165-A, 13"},"geometry":{"type":"LineString","coordinates":[[-99.064547,19.346092],[-99.064658,19.346074],[-99.064832,19.346144],[-99.064867,19.346151],[-99.064902,19.346143],[-99.065008,19.346098]]}},{"type":"Feature","properties":{"mode":"bus","n":12,"arr":["C4A","C4B","R57-A","R57-C","R159","R161","R161-C","R161-E","R161-F","R162","R165-A","T13"],"lines":"4A, 4B, 57-A, 57-C, 159, 161, 161-C, 161-E, 161-F, 162, 165-A, 13"},"geometry":{"type":"LineString","coordinates":[[-99.062741,19.344866],[-99.062622,19.344719],[-99.062538,19.344518]]}},{"type":"Feature","properties":{"mode":"bus","n":6,"arr":["R57-A","R57-C","R161","R161-F","R162","T13"],"lines":"57-A, 57-C, 161, 161-F, 162, 13"},"geometry":{"type":"LineString","coordinates":[[-99.065008,19.346098],[-99.065107,19.346009]]}},{"type":"Feature","properties":{"mode":"bus","n":8,"arr":["C4A","C4B","R47-A","R57-A","R57-C","R162","R165-A","T13"],"lines":"4A, 4B, 47-A, 57-A, 57-C, 162, 165-A, 13"},"geometry":{"type":"LineString","coordinates":[[-99.060967,19.345303],[-99.061234,19.344192]]}},{"type":"Feature","properties":{"mode":"bus","n":7,"arr":["R162-B","R163","R163-A","R163-B","R164","R166","R167"],"lines":"162-B, 163, 163-A, 163-B, 164, 166, 167"},"geometry":{"type":"LineString","coordinates":[[-99.076972,19.408277],[-99.076031,19.407789],[-99.072122,19.405569],[-99.071119,19.404964],[-99.070214,19.404487],[-99.068587,19.403518],[-99.060314,19.398734]]}},{"type":"Feature","properties":{"mode":"bus","n":7,"arr":["R162-B","R163","R163-A","R163-B","R164","R166","R167"],"lines":"162-B, 163, 163-A, 163-B, 164, 166, 167"},"geometry":{"type":"LineString","coordinates":[[-99.007085,19.366504],[-99.008669,19.36779],[-99.011103,19.369626],[-99.014802,19.37235],[-99.01548,19.372887],[-99.017357,19.374271],[-99.018368,19.375055],[-99.019333,19.375764],[-99.023523,19.378941]]}},{"type":"Feature","properties":{"mode":"bus","n":7,"arr":["R162-B","R163","R163-A","R163-B","R164","R166","R167"],"lines":"162-B, 163, 163-A, 163-B, 164, 166, 167"},"geometry":{"type":"LineString","coordinates":[[-99.026014,19.379993],[-99.027948,19.381113],[-99.031884,19.383319],[-99.036638,19.386063],[-99.039496,19.387683],[-99.041171,19.388665],[-99.043615,19.390039],[-99.047137,19.392071]]}},{"type":"Feature","properties":{"mode":"bus","n":7,"arr":["R162-B","R163","R163-A","R163-B","R164","R166","R167"],"lines":"162-B, 163, 163-A, 163-B, 164, 166, 167"},"geometry":{"type":"LineString","coordinates":[[-99.077086,19.409253],[-99.079637,19.410734],[-99.081549,19.411811]]}},{"type":"Feature","properties":{"mode":"bus","n":7,"arr":["R162-B","R163","R163-A","R163-B","R164","R166","R167"],"lines":"162-B, 163, 163-A, 163-B, 164, 166, 167"},"geometry":{"type":"LineString","coordinates":[[-99.083679,19.412902],[-99.084143,19.413169],[-99.084335,19.413162],[-99.084453,19.413075],[-99.0845,19.412966],[-99.084502,19.412889],[-99.084415,19.412707],[-99.077482,19.408711]]}},{"type":"Feature","properties":{"mode":"bus","n":7,"arr":["R162-B","R163","R163-A","R163-B","R164","R166","R167"],"lines":"162-B, 163, 163-A, 163-B, 164, 166, 167"},"geometry":{"type":"LineString","coordinates":[[-99.07739,19.408658],[-99.076852,19.408419]]}},{"type":"Feature","properties":{"mode":"bus","n":7,"arr":["R162-B","R163","R163-A","R163-B","R164","R166","R167"],"lines":"162-B, 163, 163-A, 163-B, 164, 166, 167"},"geometry":{"type":"LineString","coordinates":[[-99.058148,19.397499],[-99.056077,19.396338],[-99.052151,19.394059],[-99.046803,19.391001],[-99.045652,19.390438],[-99.043988,19.389506],[-99.040468,19.387475],[-99.03694,19.385481],[-99.03512,19.384404],[-99.034565,19.384108],[-99.028693,19.380769],[-99.02455,19.378367],[-99.024248,19.378173],[-99.022521,19.376867],[-99.016308,19.372344],[-99.013314,19.370218],[-99.012147,19.369358]]}},{"type":"Feature","properties":{"mode":"bus","n":7,"arr":["R162-B","R163","R163-A","R163-B","R164","R166","R167"],"lines":"162-B, 163, 163-A, 163-B, 164, 166, 167"},"geometry":{"type":"LineString","coordinates":[[-99.008656,19.366632],[-99.005754,19.364335],[-99.004269,19.363213],[-99.003331,19.362442],[-99.00249,19.361821],[-99.002475,19.361805],[-99.002471,19.361787],[-99.002477,19.361767],[-99.00251,19.361704],[-99.002681,19.36085],[-99.002965,19.359194],[-99.003343,19.357338]]}},{"type":"Feature","properties":{"mode":"bus","n":7,"arr":["R162-B","R163","R163-A","R163-B","R164","R166","R167"],"lines":"162-B, 163, 163-A, 163-B, 164, 166, 167"},"geometry":{"type":"LineString","coordinates":[[-98.997373,19.359073],[-98.997193,19.358898],[-98.997148,19.358823],[-98.997122,19.358717],[-98.997137,19.358611],[-98.997184,19.358512],[-98.997275,19.358436],[-98.99734,19.358421],[-98.997511,19.358461],[-98.997749,19.358583],[-98.998022,19.358795],[-98.999173,19.359934]]}},{"type":"Feature","properties":{"mode":"bus","n":7,"arr":["R162-B","R163","R163-A","R163-B","R164","R166","R167"],"lines":"162-B, 163, 163-A, 163-B, 164, 166, 167"},"geometry":{"type":"LineString","coordinates":[[-99.00234,19.36249],[-99.002786,19.362836]]}},{"type":"Feature","properties":{"mode":"bus","n":8,"arr":["C4B","R162-B","R163","R163-A","R163-B","R164","R166","R167"],"lines":"4B, 162-B, 163, 163-A, 163-B, 164, 166, 167"},"geometry":{"type":"LineString","coordinates":[[-99.060314,19.398734],[-99.059668,19.398352],[-99.058632,19.397782]]}},{"type":"Feature","properties":{"mode":"bus","n":8,"arr":["R162-B","R163","R163-A","R163-B","R164","R166","R167","T9"],"lines":"162-B, 163, 163-A, 163-B, 164, 166, 167, 9"},"geometry":{"type":"LineString","coordinates":[[-99.058632,19.397782],[-99.058148,19.397499]]}},{"type":"Feature","properties":{"mode":"bus","n":6,"arr":["CZ3C","CZ3D","CZ3E","CZ3F","CZ3G","CZ3H"],"lines":"Z3C, Z3D, Z3E, Z3F, Z3G, Z3H"},"geometry":{"type":"LineString","coordinates":[[-99.130073,19.329706],[-99.136332,19.330187]]}},{"type":"Feature","properties":{"mode":"bus","n":6,"arr":["CZ3C","CZ3D","CZ3E","CZ3F","CZ3G","CZ3H"],"lines":"Z3C, Z3D, Z3E, Z3F, Z3G, Z3H"},"geometry":{"type":"LineString","coordinates":[[-99.124291,19.32915],[-99.125621,19.329271],[-99.128738,19.329507],[-99.129863,19.329646],[-99.130037,19.329696],[-99.130047,19.329699],[-99.130053,19.329702],[-99.130054,19.329704],[-99.130052,19.329706],[-99.130046,19.329707],[-99.130035,19.329708],[-99.129295,19.329744],[-99.128728,19.329738],[-99.124376,19.329373]]}},{"type":"Feature","properties":{"mode":"bus","n":6,"arr":["CZ3C","CZ3D","CZ3E","CZ3F","CZ3G","CZ3H"],"lines":"Z3C, Z3D, Z3E, Z3F, Z3G, Z3H"},"geometry":{"type":"LineString","coordinates":[[-99.137374,19.341087],[-99.137389,19.341219]]}},{"type":"Feature","properties":{"mode":"bus","n":7,"arr":["C5A","CZ3C","CZ3D","CZ3E","CZ3F","CZ3G","CZ3H"],"lines":"5A, Z3C, Z3D, Z3E, Z3F, Z3G, Z3H"},"geometry":{"type":"LineString","coordinates":[[-99.136332,19.330187],[-99.13654,19.330203],[-99.136764,19.330261]]}},{"type":"Feature","properties":{"mode":"bus","n":7,"arr":["C24C","C25A","C25B","C25C","C25D","R81-A","R143"],"lines":"24C, 25A, 25B, 25C, 25D, 81-A, 143"},"geometry":{"type":"LineString","coordinates":[[-99.124396,19.315337],[-99.124482,19.315454],[-99.124851,19.315799],[-99.125345,19.316126],[-99.125799,19.316367],[-99.126854,19.316862],[-99.129356,19.318109]]}},{"type":"Feature","properties":{"mode":"bus","n":7,"arr":["C24C","C25A","C25B","C25C","C25D","R81-A","R143"],"lines":"24C, 25A, 25B, 25C, 25D, 81-A, 143"},"geometry":{"type":"LineString","coordinates":[[-99.124614,19.315262],[-99.124777,19.315473],[-99.125077,19.315708],[-99.125499,19.315968],[-99.131017,19.318729],[-99.131317,19.318964],[-99.131489,19.319134]]}},{"type":"Feature","properties":{"mode":"bus","n":6,"arr":["C25A","C25B","C25C","C25D","R81-A","R143"],"lines":"25A, 25B, 25C, 25D, 81-A, 143"},"geometry":{"type":"LineString","coordinates":[[-99.129356,19.318109],[-99.131059,19.318962],[-99.131391,19.319306],[-99.13151,19.319461]]}},{"type":"Feature","properties":{"mode":"bus","n":6,"arr":["C25A","C25B","C25C","C25D","R81-A","R143"],"lines":"25A, 25B, 25C, 25D, 81-A, 143"},"geometry":{"type":"LineString","coordinates":[[-99.133992,19.322672],[-99.135957,19.325217],[-99.136573,19.32608],[-99.136745,19.326626],[-99.136759,19.330121]]}},{"type":"Feature","properties":{"mode":"bus","n":6,"arr":["C25A","C25B","C25C","C25D","R81-A","R143"],"lines":"25A, 25B, 25C, 25D, 81-A, 143"},"geometry":{"type":"LineString","coordinates":[[-99.131489,19.319134],[-99.131765,19.319483],[-99.131906,19.319713],[-99.132631,19.320612],[-99.134506,19.323057],[-99.135618,19.324399],[-99.13654,19.325663],[-99.136708,19.325995],[-99.136862,19.326424],[-99.136925,19.326725]]}},{"type":"Feature","properties":{"mode":"bus","n":6,"arr":["C25A","C25B","C25C","C25D","R81-A","R143"],"lines":"25A, 25B, 25C, 25D, 81-A, 143"},"geometry":{"type":"LineString","coordinates":[[-99.137023,19.330055],[-99.137015,19.330321]]}},{"type":"Feature","properties":{"mode":"bus","n":7,"arr":["C25A","C25B","C25C","C25D","CZ3E","R81-A","R143"],"lines":"25A, 25B, 25C, 25D, Z3E, 81-A, 143"},"geometry":{"type":"LineString","coordinates":[[-99.136759,19.330121],[-99.136764,19.330261]]}},{"type":"Feature","properties":{"mode":"bus","n":13,"arr":["C5A","C25A","C25B","C25C","C25D","CZ3C","CZ3D","CZ3E","CZ3F","CZ3G","CZ3H","R81-A","R143"],"lines":"5A, 25A, 25B, 25C, 25D, Z3C, Z3D, Z3E, Z3F, Z3G, Z3H, 81-A, 143"},"geometry":{"type":"LineString","coordinates":[[-99.137233,19.33992],[-99.136947,19.337383],[-99.136878,19.336485],[-99.136895,19.33445],[-99.136785,19.331391],[-99.136764,19.330261]]}},{"type":"Feature","properties":{"mode":"bus","n":12,"arr":["C25A","C25B","C25C","C25D","CZ3C","CZ3D","CZ3E","CZ3F","CZ3G","CZ3H","R81-A","R143"],"lines":"25A, 25B, 25C, 25D, Z3C, Z3D, Z3E, Z3F, Z3G, Z3H, 81-A, 143"},"geometry":{"type":"LineString","coordinates":[[-99.137316,19.340608],[-99.137233,19.33992]]}},{"type":"Feature","properties":{"mode":"bus","n":12,"arr":["C25A","C25B","C25C","C25D","CZ3C","CZ3D","CZ3E","CZ3F","CZ3G","CZ3H","R81-A","R143"],"lines":"25A, 25B, 25C, 25D, Z3C, Z3D, Z3E, Z3F, Z3G, Z3H, 81-A, 143"},"geometry":{"type":"LineString","coordinates":[[-99.137015,19.330321],[-99.137095,19.334516],[-99.137116,19.336818],[-99.13714,19.33727],[-99.137493,19.340689],[-99.137511,19.341103]]}},{"type":"Feature","properties":{"mode":"bus","n":11,"arr":["C25A","C25B","C25D","CZ3C","CZ3D","CZ3E","CZ3F","CZ3G","CZ3H","R81-A","R143"],"lines":"25A, 25B, 25D, Z3C, Z3D, Z3E, Z3F, Z3G, Z3H, 81-A, 143"},"geometry":{"type":"LineString","coordinates":[[-99.137316,19.340608],[-99.13735,19.340891]]}},{"type":"Feature","properties":{"mode":"bus","n":10,"arr":["C25B","C25D","CZ3C","CZ3D","CZ3E","CZ3F","CZ3G","CZ3H","R81-A","R143"],"lines":"25B, 25D, Z3C, Z3D, Z3E, Z3F, Z3G, Z3H, 81-A, 143"},"geometry":{"type":"LineString","coordinates":[[-99.13735,19.340891],[-99.137355,19.340933]]}},{"type":"Feature","properties":{"mode":"bus","n":8,"arr":["CZ3C","CZ3D","CZ3E","CZ3F","CZ3G","CZ3H","R81-A","R143"],"lines":"Z3C, Z3D, Z3E, Z3F, Z3G, Z3H, 81-A, 143"},"geometry":{"type":"LineString","coordinates":[[-99.137355,19.340933],[-99.137374,19.341087]]}},{"type":"Feature","properties":{"mode":"bus","n":5,"arr":["C5A","CZ3A","CZ3B","R81-A","R143"],"lines":"5A, Z3A, Z3B, 81-A, 143"},"geometry":{"type":"LineString","coordinates":[[-99.137305,19.341208],[-99.137284,19.341717]]}},{"type":"Feature","properties":{"mode":"bus","n":7,"arr":["C5A","CZ3A","CZ3B","CZ3G","CZ3H","R81-A","R143"],"lines":"5A, Z3A, Z3B, Z3G, Z3H, 81-A, 143"},"geometry":{"type":"LineString","coordinates":[[-99.137227,19.343539],[-99.137186,19.34394]]}},{"type":"Feature","properties":{"mode":"bus","n":6,"arr":["C5A","C9A","C9C","C9E","C9F","C14A"],"lines":"5A, 9A, 9C, 9E, 9F, 14A"},"geometry":{"type":"LineString","coordinates":[[-99.126713,19.408957],[-99.126954,19.408965]]}},{"type":"Feature","properties":{"mode":"bus","n":5,"arr":["C9A","C9C","C9E","C9F","C14A"],"lines":"9A, 9C, 9E, 9F, 14A"},"geometry":{"type":"LineString","coordinates":[[-99.126954,19.408965],[-99.127638,19.408981],[-99.127966,19.408964]]}},{"type":"Feature","properties":{"mode":"bus","n":5,"arr":["C9A","C9C","C9E","C9F","C14A"],"lines":"9A, 9C, 9E, 9F, 14A"},"geometry":{"type":"LineString","coordinates":[[-99.121609,19.409171],[-99.123784,19.408956],[-99.125303,19.408856],[-99.126028,19.408872],[-99.126713,19.408957]]}},{"type":"Feature","properties":{"mode":"bus","n":5,"arr":["C5A","C14A","CZ4A","CZ4B","R33"],"lines":"5A, 14A, Z4A, Z4B, 33"},"geometry":{"type":"LineString","coordinates":[[-99.128053,19.414638],[-99.128199,19.413732]]}},{"type":"Feature","properties":{"mode":"bus","n":5,"arr":["C5A","CZ4A","CZ4B","CZ4E","R33"],"lines":"5A, Z4A, Z4B, Z4E, 33"},"geometry":{"type":"LineString","coordinates":[[-99.126082,19.422811],[-99.125921,19.423272],[-99.125591,19.42561]]}},{"type":"Feature","properties":{"mode":"bus","n":5,"arr":["C5A","CZ4A","CZ4B","CZ4E","R33"],"lines":"5A, Z4A, Z4B, Z4E, 33"},"geometry":{"type":"LineString","coordinates":[[-99.123958,19.436382],[-99.123345,19.440184],[-99.123065,19.442448],[-99.123089,19.442656]]}},{"type":"Feature","properties":{"mode":"bus","n":9,"arr":["C5A","C19A","C19B","C19C","C19D","C19E","C19G","C19H","C19I"],"lines":"5A, 19A, 19B, 19C, 19D, 19E, 19G, 19H, 19I"},"geometry":{"type":"LineString","coordinates":[[-99.125671,19.422912],[-99.126026,19.422953]]}},{"type":"Feature","properties":{"mode":"bus","n":6,"arr":["C5A","CZ4A","CZ4B","CZ4E","CZ4H","R33"],"lines":"5A, Z4A, Z4B, Z4E, Z4H, 33"},"geometry":{"type":"LineString","coordinates":[[-99.125591,19.42561],[-99.125072,19.429185],[-99.124413,19.433485],[-99.124196,19.434715],[-99.123958,19.436382]]}},{"type":"Feature","properties":{"mode":"bus","n":12,"arr":["C5A","C10A","C10C","C10E","C11A","C11B","C11C","C11D","C11E","C11F","R18","R33"],"lines":"5A, 10A, 10C, 10E, 11A, 11B, 11C, 11D, 11E, 11F, 18, 33"},"geometry":{"type":"LineString","coordinates":[[-99.123089,19.442656],[-99.122843,19.442545]]}},{"type":"Feature","properties":{"mode":"bus","n":11,"arr":["C10A","C10C","C10E","C11A","C11B","C11C","C11D","C11E","C11F","R18","R33"],"lines":"10A, 10C, 10E, 11A, 11B, 11C, 11D, 11E, 11F, 18, 33"},"geometry":{"type":"LineString","coordinates":[[-99.122843,19.442545],[-99.122593,19.442385]]}},{"type":"Feature","properties":{"mode":"bus","n":10,"arr":["C10A","C10C","C10E","C11A","C11B","C11C","C11D","C11E","C11F","R18"],"lines":"10A, 10C, 10E, 11A, 11B, 11C, 11D, 11E, 11F, 18"},"geometry":{"type":"LineString","coordinates":[[-99.122593,19.442385],[-99.12246,19.442279],[-99.121888,19.441714]]}},{"type":"Feature","properties":{"mode":"bus","n":10,"arr":["C10A","C10C","C10E","C11A","C11B","C11C","C11D","C11E","C11F","R18"],"lines":"10A, 10C, 10E, 11A, 11B, 11C, 11D, 11E, 11F, 18"},"geometry":{"type":"LineString","coordinates":[[-99.121592,19.441389],[-99.120425,19.440117]]}},{"type":"Feature","properties":{"mode":"bus","n":10,"arr":["C10A","C10C","C10E","C11A","C11B","C11C","C11D","C11E","C11F","R18"],"lines":"10A, 10C, 10E, 11A, 11B, 11C, 11D, 11E, 11F, 18"},"geometry":{"type":"LineString","coordinates":[[-99.13987,19.444084],[-99.139008,19.443982]]}},{"type":"Feature","properties":{"mode":"bus","n":10,"arr":["C10A","C10C","C10E","C11A","C11B","C11C","C11D","C11E","C11F","R18"],"lines":"10A, 10C, 10E, 11A, 11B, 11C, 11D, 11E, 11F, 18"},"geometry":{"type":"LineString","coordinates":[[-99.138769,19.443961],[-99.135234,19.44366],[-99.131302,19.443268],[-99.127372,19.443066],[-99.12477,19.442824],[-99.123597,19.442738],[-99.123089,19.442656]]}},{"type":"Feature","properties":{"mode":"bus","n":11,"arr":["C5A","C10D","C11A","C11B","C11C","C11D","C11E","C11F","CZ4A","CZ4B","R33"],"lines":"5A, 10D, 11A, 11B, 11C, 11D, 11E, 11F, Z4A, Z4B, 33"},"geometry":{"type":"LineString","coordinates":[[-99.124837,19.451893],[-99.124781,19.451989]]}},{"type":"Feature","properties":{"mode":"bus","n":9,"arr":["C11A","C11B","C11C","C11D","C11E","C11F","CZ4A","CZ4B","R33"],"lines":"11A, 11B, 11C, 11D, 11E, 11F, Z4A, Z4B, 33"},"geometry":{"type":"LineString","coordinates":[[-99.125163,19.451076],[-99.12489,19.451802],[-99.124837,19.451893]]}},{"type":"Feature","properties":{"mode":"bus","n":10,"arr":["C11A","C11B","C11C","C11D","C11E","C11F","CZ4A","CZ4B","CZ4E","R33"],"lines":"11A, 11B, 11C, 11D, 11E, 11F, Z4A, Z4B, Z4E, 33"},"geometry":{"type":"LineString","coordinates":[[-99.125543,19.446929],[-99.125864,19.447463],[-99.125903,19.447628],[-99.125902,19.447871],[-99.125855,19.448219],[-99.125657,19.44923],[-99.12544,19.450188],[-99.125305,19.45069],[-99.125163,19.451076]]}},{"type":"Feature","properties":{"mode":"bus","n":11,"arr":["C5A","C11A","C11B","C11C","C11D","C11E","C11F","CZ4A","CZ4B","CZ4E","R33"],"lines":"5A, 11A, 11B, 11C, 11D, 11E, 11F, Z4A, Z4B, Z4E, 33"},"geometry":{"type":"LineString","coordinates":[[-99.123103,19.44268],[-99.12418,19.444412],[-99.124766,19.445634],[-99.125543,19.446929]]}},{"type":"Feature","properties":{"mode":"bus","n":6,"arr":["C10A","C10B","C10C","C10D","C10E","R37"],"lines":"10A, 10B, 10C, 10D, 10E, 37"},"geometry":{"type":"LineString","coordinates":[[-99.115769,19.450037],[-99.115953,19.450078]]}},{"type":"Feature","properties":{"mode":"bus","n":6,"arr":["C5A","C10A","C10B","C10C","C10D","C10E"],"lines":"5A, 10A, 10B, 10C, 10D, 10E"},"geometry":{"type":"LineString","coordinates":[[-99.124552,19.451942],[-99.124085,19.451843]]}},{"type":"Feature","properties":{"mode":"bus","n":7,"arr":["C5A","C10A","C10B","C10C","C10D","C10E","R33"],"lines":"5A, 10A, 10B, 10C, 10D, 10E, 33"},"geometry":{"type":"LineString","coordinates":[[-99.124781,19.451989],[-99.124552,19.451942]]}},{"type":"Feature","properties":{"mode":"bus","n":6,"arr":["C5A","C10B","C10E","CZ4A","CZ4B","R33"],"lines":"5A, 10B, 10E, Z4A, Z4B, 33"},"geometry":{"type":"LineString","coordinates":[[-99.124781,19.451989],[-99.124754,19.452096]]}},{"type":"Feature","properties":{"mode":"bus","n":5,"arr":["C5A","C20B","CZ4A","CZ4B","R33"],"lines":"5A, 20B, Z4A, Z4B, 33"},"geometry":{"type":"LineString","coordinates":[[-99.123703,19.456423],[-99.123521,19.456402],[-99.123345,19.456351]]}},{"type":"Feature","properties":{"mode":"bus","n":7,"arr":["C7A","C7B","C7C","C7D","R11-A","R12","T4"],"lines":"7A, 7B, 7C, 7D, 11-A, 12, 4"},"geometry":{"type":"LineString","coordinates":[[-99.124976,19.468207],[-99.121292,19.466909],[-99.112336,19.463818]]}},{"type":"Feature","properties":{"mode":"bus","n":7,"arr":["C7A","C7B","C7C","C7D","R11-A","R12","T4"],"lines":"7A, 7B, 7C, 7D, 11-A, 12, 4"},"geometry":{"type":"LineString","coordinates":[[-99.112211,19.463772],[-99.107221,19.461997],[-99.103731,19.460805],[-99.098659,19.458992],[-99.097425,19.458578]]}},{"type":"Feature","properties":{"mode":"bus","n":7,"arr":["C7A","C7B","C7C","C7D","R11-A","R12","T4"],"lines":"7A, 7B, 7C, 7D, 11-A, 12, 4"},"geometry":{"type":"LineString","coordinates":[[-99.09635,19.45892],[-99.096528,19.458746],[-99.096656,19.458669],[-99.096791,19.458624],[-99.097078,19.458597],[-99.097344,19.458658],[-99.104067,19.461022],[-99.105894,19.461696],[-99.11217,19.463867],[-99.113905,19.464495],[-99.118073,19.465932],[-99.119167,19.466342],[-99.123135,19.467737],[-99.124911,19.468325],[-99.12502,19.468382],[-99.131872,19.470025]]}},{"type":"Feature","properties":{"mode":"bus","n":7,"arr":["C7A","C7B","C7C","C7D","R11-A","R12","T4"],"lines":"7A, 7B, 7C, 7D, 11-A, 12, 4"},"geometry":{"type":"LineString","coordinates":[[-99.140769,19.471927],[-99.142561,19.472323],[-99.145522,19.473026],[-99.145864,19.472958],[-99.14655,19.473078],[-99.147295,19.47314],[-99.149087,19.473193],[-99.150898,19.473042],[-99.152176,19.473113]]}},{"type":"Feature","properties":{"mode":"bus","n":7,"arr":["C7A","C7B","C7C","C7D","R11-A","R12","T4"],"lines":"7A, 7B, 7C, 7D, 11-A, 12, 4"},"geometry":{"type":"LineString","coordinates":[[-99.140867,19.472128],[-99.142547,19.472532],[-99.145254,19.473145],[-99.145598,19.473394],[-99.145756,19.473454],[-99.146414,19.473252],[-99.14726,19.473351],[-99.149055,19.473382],[-99.150869,19.473208],[-99.15264,19.473342]]}},{"type":"Feature","properties":{"mode":"bus","n":7,"arr":["C7A","C7B","C7C","C7D","R11-A","R12","T4"],"lines":"7A, 7B, 7C, 7D, 11-A, 12, 4"},"geometry":{"type":"LineString","coordinates":[[-99.125074,19.468238],[-99.127432,19.468827],[-99.130557,19.469565],[-99.132724,19.470118]]}},{"type":"Feature","properties":{"mode":"bus","n":8,"arr":["C5A","C7A","C7B","C7C","C7D","R11-A","R12","T4"],"lines":"5A, 7A, 7B, 7C, 7D, 11-A, 12, 4"},"geometry":{"type":"LineString","coordinates":[[-99.112336,19.463818],[-99.112211,19.463772]]}},{"type":"Feature","properties":{"mode":"bus","n":5,"arr":["C5A","CZ4A","CZ4B","CZ4E","R37"],"lines":"5A, Z4A, Z4B, Z4E, 37"},"geometry":{"type":"LineString","coordinates":[[-99.118655,19.435861],[-99.118521,19.436926],[-99.11799,19.439875],[-99.117818,19.441025],[-99.117244,19.44398]]}},{"type":"Feature","properties":{"mode":"bus","n":5,"arr":["C5A","C10B","CZ4A","CZ4B","R37"],"lines":"5A, 10B, Z4A, Z4B, 37"},"geometry":{"type":"LineString","coordinates":[[-99.115791,19.449947],[-99.115769,19.450037]]}},{"type":"Feature","properties":{"mode":"bus","n":5,"arr":["C5A","C20B","CZ4A","CZ4B","R37"],"lines":"5A, 20B, Z4A, Z4B, 37"},"geometry":{"type":"LineString","coordinates":[[-99.114857,19.453744],[-99.114819,19.453897]]}},{"type":"Feature","properties":{"mode":"bus","n":5,"arr":["CZ4A","CZ4B","CZ4E","CZ4H","R37"],"lines":"Z4A, Z4B, Z4E, Z4H, 37"},"geometry":{"type":"LineString","coordinates":[[-99.120311,19.422127],[-99.120266,19.422694],[-99.119992,19.424561],[-99.119604,19.426896],[-99.119405,19.427633]]}},{"type":"Feature","properties":{"mode":"bus","n":7,"arr":["C21A","C21B","C21C","C21D","R13-A","R116","R121-A"],"lines":"21A, 21B, 21C, 21D, 13-A, 116, 121-A"},"geometry":{"type":"LineString","coordinates":[[-99.190501,19.348693],[-99.190579,19.349096],[-99.190586,19.349467],[-99.190014,19.354306],[-99.189305,19.360622]]}},{"type":"Feature","properties":{"mode":"bus","n":8,"arr":["C6A","C21A","C21B","C21C","C21D","R13-A","R116","R121-A"],"lines":"6A, 21A, 21B, 21C, 21D, 13-A, 116, 121-A"},"geometry":{"type":"LineString","coordinates":[[-99.189305,19.360622],[-99.189192,19.361514]]}},{"type":"Feature","properties":{"mode":"bus","n":7,"arr":["C6A","C21A","C21B","C21D","R13-A","R116","R121-A"],"lines":"6A, 21A, 21B, 21D, 13-A, 116, 121-A"},"geometry":{"type":"LineString","coordinates":[[-99.189192,19.361514],[-99.189053,19.362877]]}},{"type":"Feature","properties":{"mode":"bus","n":5,"arr":["C6A","R1-D","R120","R121-A","T13"],"lines":"6A, 1-D, 120, 121-A, 13"},"geometry":{"type":"LineString","coordinates":[[-99.167669,19.366339],[-99.170557,19.366997],[-99.172938,19.367502],[-99.175342,19.368064]]}},{"type":"Feature","properties":{"mode":"bus","n":6,"arr":["C6A","R1-D","R52-C","R120","R121-A","T13"],"lines":"6A, 1-D, 52-C, 120, 121-A, 13"},"geometry":{"type":"LineString","coordinates":[[-99.167526,19.366309],[-99.167669,19.366339]]}},{"type":"Feature","properties":{"mode":"bus","n":8,"arr":["C7A","C7B","C7C","C7D","C20A","C20B","C20C","C20D"],"lines":"7A, 7B, 7C, 7D, 20A, 20B, 20C, 20D"},"geometry":{"type":"LineString","coordinates":[[-99.177325,19.42051],[-99.177205,19.420324]]}},{"type":"Feature","properties":{"mode":"bus","n":14,"arr":["C7A","C7B","C7C","C7D","C8A","C8B","C8D","C18B","C18C","C18D","C20A","C20B","C20C","C20D"],"lines":"7A, 7B, 7C, 7D, 8A, 8B, 8D, 18B, 18C, 18D, 20A, 20B, 20C, 20D"},"geometry":{"type":"LineString","coordinates":[[-99.177572,19.420774],[-99.177477,19.420706],[-99.177325,19.42051]]}},{"type":"Feature","properties":{"mode":"bus","n":15,"arr":["C7A","C7B","C7C","C7D","C8A","C8B","C8D","C18B","C18C","C18D","C20A","C20B","C20C","C20D","R200"],"lines":"7A, 7B, 7C, 7D, 8A, 8B, 8D, 18B, 18C, 18D, 20A, 20B, 20C, 20D, 200"},"geometry":{"type":"LineString","coordinates":[[-99.176911,19.424472],[-99.177505,19.423542],[-99.177601,19.423269],[-99.177661,19.422993]]}},{"type":"Feature","properties":{"mode":"bus","n":10,"arr":["C7A","C7B","C7C","C7D","C8A","C8B","C8D","C18B","C18C","C18D"],"lines":"7A, 7B, 7C, 7D, 8A, 8B, 8D, 18B, 18C, 18D"},"geometry":{"type":"LineString","coordinates":[[-99.17672,19.423486],[-99.176452,19.423517],[-99.176333,19.423583],[-99.176207,19.423726],[-99.176162,19.423876],[-99.176169,19.423958],[-99.176432,19.424468],[-99.176485,19.424524],[-99.176627,19.424581],[-99.176808,19.424541],[-99.176911,19.424472]]}},{"type":"Feature","properties":{"mode":"bus","n":5,"arr":["C7A","C7B","C7C","C7D","R59"],"lines":"7A, 7B, 7C, 7D, 59"},"geometry":{"type":"LineString","coordinates":[[-99.179147,19.42674],[-99.178408,19.4249]]}},{"type":"Feature","properties":{"mode":"bus","n":6,"arr":["C7A","C7B","C7C","C7D","R59","T6"],"lines":"7A, 7B, 7C, 7D, 59, 6"},"geometry":{"type":"LineString","coordinates":[[-99.180545,19.43025],[-99.180218,19.429436],[-99.179893,19.428517],[-99.179544,19.427743],[-99.179147,19.42674]]}},{"type":"Feature","properties":{"mode":"bus","n":7,"arr":["C7A","C7B","C7C","C7D","R11-A","R59","T6"],"lines":"7A, 7B, 7C, 7D, 11-A, 59, 6"},"geometry":{"type":"LineString","coordinates":[[-99.183455,19.43788],[-99.183405,19.437298],[-99.183287,19.436932],[-99.180545,19.43025]]}},{"type":"Feature","properties":{"mode":"bus","n":7,"arr":["C7A","C7B","C7C","C7D","R11-A","R59","T6"],"lines":"7A, 7B, 7C, 7D, 11-A, 59, 6"},"geometry":{"type":"LineString","coordinates":[[-99.183509,19.438627],[-99.183578,19.439325],[-99.182574,19.446081],[-99.182292,19.448352]]}},{"type":"Feature","properties":{"mode":"bus","n":10,"arr":["C7A","C7B","C7C","C7D","C13A","C13C","C13E","R11-A","R59","T6"],"lines":"7A, 7B, 7C, 7D, 13A, 13C, 13E, 11-A, 59, 6"},"geometry":{"type":"LineString","coordinates":[[-99.183455,19.43788],[-99.183509,19.438627]]}},{"type":"Feature","properties":{"mode":"bus","n":7,"arr":["C7A","C7B","C7C","C7D","R11-A","R19","T6"],"lines":"7A, 7B, 7C, 7D, 11-A, 19, 6"},"geometry":{"type":"LineString","coordinates":[[-99.182292,19.448352],[-99.182157,19.449037],[-99.18109,19.455272],[-99.180971,19.455564],[-99.178704,19.458904],[-99.177811,19.460349],[-99.177728,19.460611],[-99.177349,19.464855],[-99.177164,19.466466],[-99.17706,19.466788],[-99.176271,19.468152]]}},{"type":"Feature","properties":{"mode":"bus","n":7,"arr":["C7A","C7B","C7C","C7D","R11-A","R19","T6"],"lines":"7A, 7B, 7C, 7D, 11-A, 19, 6"},"geometry":{"type":"LineString","coordinates":[[-99.176556,19.468003],[-99.177258,19.466829],[-99.177351,19.46662],[-99.177386,19.466466],[-99.177559,19.464868],[-99.177777,19.462128],[-99.177919,19.460645],[-99.178057,19.460331],[-99.178902,19.458944],[-99.179351,19.458224],[-99.181098,19.455591],[-99.181229,19.455309],[-99.182452,19.448204]]}},{"type":"Feature","properties":{"mode":"bus","n":8,"arr":["C7A","C7B","C7C","C7D","R11-A","R19","T4","T6"],"lines":"7A, 7B, 7C, 7D, 11-A, 19, 4, 6"},"geometry":{"type":"LineString","coordinates":[[-99.176271,19.468152],[-99.176152,19.468248]]}},{"type":"Feature","properties":{"mode":"bus","n":6,"arr":["C7A","C7B","C7C","C7D","R11-A","T6"],"lines":"7A, 7B, 7C, 7D, 11-A, 6"},"geometry":{"type":"LineString","coordinates":[[-99.176152,19.468248],[-99.17606,19.468159]]}},{"type":"Feature","properties":{"mode":"bus","n":9,"arr":["C7A","C7B","C7C","C7D","R11-A","R12","R59-A","T4","T6"],"lines":"7A, 7B, 7C, 7D, 11-A, 12, 59-A, 4, 6"},"geometry":{"type":"LineString","coordinates":[[-99.176152,19.468248],[-99.176049,19.468304]]}},{"type":"Feature","properties":{"mode":"bus","n":9,"arr":["C7A","C7B","C7C","C7D","R11-A","R12","R59-A","T4","T6"],"lines":"7A, 7B, 7C, 7D, 11-A, 12, 59-A, 4, 6"},"geometry":{"type":"LineString","coordinates":[[-99.176155,19.468415],[-99.176021,19.468485]]}},{"type":"Feature","properties":{"mode":"bus","n":8,"arr":["C7A","C7B","C7C","C7D","R11-A","R12","R59-A","T4"],"lines":"7A, 7B, 7C, 7D, 11-A, 12, 59-A, 4"},"geometry":{"type":"LineString","coordinates":[[-99.176049,19.468304],[-99.174249,19.468876],[-99.169909,19.470202]]}},{"type":"Feature","properties":{"mode":"bus","n":8,"arr":["C7A","C7B","C7C","C7D","R11-A","R12","R59-A","T4"],"lines":"7A, 7B, 7C, 7D, 11-A, 12, 59-A, 4"},"geometry":{"type":"LineString","coordinates":[[-99.152176,19.473113],[-99.156199,19.473477],[-99.157946,19.473574],[-99.159124,19.473603],[-99.159414,19.47355],[-99.159778,19.473438],[-99.166138,19.471426]]}},{"type":"Feature","properties":{"mode":"bus","n":8,"arr":["C7A","C7B","C7C","C7D","R11-A","R12","R59-A","T4"],"lines":"7A, 7B, 7C, 7D, 11-A, 12, 59-A, 4"},"geometry":{"type":"LineString","coordinates":[[-99.15264,19.473342],[-99.156159,19.473639],[-99.159084,19.473761],[-99.162979,19.47257],[-99.164643,19.47202],[-99.16607,19.471582]]}},{"type":"Feature","properties":{"mode":"bus","n":8,"arr":["C7A","C7B","C7C","C7D","R11-A","R12","R59-A","T4"],"lines":"7A, 7B, 7C, 7D, 11-A, 12, 59-A, 4"},"geometry":{"type":"LineString","coordinates":[[-99.169495,19.470529],[-99.173875,19.46918],[-99.176021,19.468485]]}},{"type":"Feature","properties":{"mode":"bus","n":9,"arr":["C7A","C7B","C7C","C7D","R11-A","R12","R19-A","R59-A","T4"],"lines":"7A, 7B, 7C, 7D, 11-A, 12, 19-A, 59-A, 4"},"geometry":{"type":"LineString","coordinates":[[-99.169909,19.470202],[-99.168759,19.470571],[-99.168265,19.470759],[-99.166138,19.471426]]}},{"type":"Feature","properties":{"mode":"bus","n":9,"arr":["C7A","C7B","C7C","C7D","R11-A","R12","R19-A","R59-A","T4"],"lines":"7A, 7B, 7C, 7D, 11-A, 12, 19-A, 59-A, 4"},"geometry":{"type":"LineString","coordinates":[[-99.16607,19.471582],[-99.169495,19.470529]]}},{"type":"Feature","properties":{"mode":"bus","n":5,"arr":["C7A","C7D","R11-A","R12","T4"],"lines":"7A, 7D, 11-A, 12, 4"},"geometry":{"type":"LineString","coordinates":[[-99.132724,19.470118],[-99.133644,19.470381],[-99.13697,19.471155],[-99.140327,19.471868],[-99.140769,19.471927]]}},{"type":"Feature","properties":{"mode":"bus","n":5,"arr":["C7A","C7D","R11-A","R12","T4"],"lines":"7A, 7D, 11-A, 12, 4"},"geometry":{"type":"LineString","coordinates":[[-99.131872,19.470025],[-99.132683,19.470212],[-99.133613,19.470467],[-99.136953,19.471233],[-99.138318,19.471523],[-99.140867,19.472128]]}},{"type":"Feature","properties":{"mode":"bus","n":6,"arr":["C7A","C7B","C7C","C7D","R11-A","R12"],"lines":"7A, 7B, 7C, 7D, 11-A, 12"},"geometry":{"type":"LineString","coordinates":[[-99.097425,19.458578],[-99.09632,19.458266],[-99.085933,19.45472]]}},{"type":"Feature","properties":{"mode":"bus","n":6,"arr":["C7A","C7B","C7C","C7D","R11-A","R12"],"lines":"7A, 7B, 7C, 7D, 11-A, 12"},"geometry":{"type":"LineString","coordinates":[[-99.082616,19.458264],[-99.086313,19.460402],[-99.089491,19.461462],[-99.091768,19.462269],[-99.094457,19.463157],[-99.09468,19.463106],[-99.094792,19.463023]]}},{"type":"Feature","properties":{"mode":"bus","n":8,"arr":["C7A","C7B","CZ4H","CZ4I","CZ4J","CZ4K","R11-A","R12"],"lines":"7A, 7B, Z4H, Z4I, Z4J, Z4K, 11-A, 12"},"geometry":{"type":"LineString","coordinates":[[-99.08185,19.453313],[-99.08164,19.453238]]}},{"type":"Feature","properties":{"mode":"bus","n":6,"arr":["C7A","C7B","CZ4H","CZ4I","CZ4J","CZ4K"],"lines":"7A, 7B, Z4H, Z4I, Z4J, Z4K"},"geometry":{"type":"LineString","coordinates":[[-99.08164,19.453238],[-99.081465,19.453074],[-99.081383,19.453034],[-99.080433,19.452716],[-99.080143,19.452537],[-99.079887,19.452242],[-99.07975,19.451877],[-99.079735,19.451673],[-99.079799,19.451493]]}},{"type":"Feature","properties":{"mode":"bus","n":6,"arr":["C7A","C7B","CZ4H","CZ4I","CZ4J","CZ4K"],"lines":"7A, 7B, Z4H, Z4I, Z4J, Z4K"},"geometry":{"type":"LineString","coordinates":[[-99.079823,19.451425],[-99.079992,19.451125],[-99.080177,19.450928],[-99.08069,19.450565],[-99.08111,19.450195],[-99.082047,19.449526],[-99.082316,19.449479],[-99.082455,19.449485],[-99.08259,19.449522],[-99.082706,19.449591],[-99.082793,19.449696],[-99.082844,19.44982],[-99.082866,19.449961],[-99.082318,19.45146],[-99.080325,19.456681],[-99.080295,19.4569]]}},{"type":"Feature","properties":{"mode":"bus","n":5,"arr":["C7A","CZ4H","CZ4I","CZ4J","CZ4K"],"lines":"7A, Z4H, Z4I, Z4J, Z4K"},"geometry":{"type":"LineString","coordinates":[[-99.079799,19.451493],[-99.079823,19.451425]]}},{"type":"Feature","properties":{"mode":"bus","n":5,"arr":["CZ4H","CZ4I","CZ4J","CZ4K","R43"],"lines":"Z4H, Z4I, Z4J, Z4K, 43"},"geometry":{"type":"LineString","coordinates":[[-99.080654,19.46371],[-99.080638,19.463146],[-99.080306,19.457605]]}},{"type":"Feature","properties":{"mode":"bus","n":5,"arr":["CZ4H","CZ4I","CZ4J","CZ4K","R43"],"lines":"Z4H, Z4I, Z4J, Z4K, 43"},"geometry":{"type":"LineString","coordinates":[[-99.080849,19.464308],[-99.080898,19.463769],[-99.080891,19.463376],[-99.080518,19.457046],[-99.080544,19.45681],[-99.080629,19.456537],[-99.08185,19.453313]]}},{"type":"Feature","properties":{"mode":"bus","n":5,"arr":["CZ4H","CZ4I","CZ4J","CZ4K","R43"],"lines":"Z4H, Z4I, Z4J, Z4K, 43"},"geometry":{"type":"LineString","coordinates":[[-99.083744,19.448362],[-99.086542,19.446365],[-99.088913,19.44462]]}},{"type":"Feature","properties":{"mode":"bus","n":5,"arr":["CZ4H","CZ4I","CZ4J","CZ4K","R43"],"lines":"Z4H, Z4I, Z4J, Z4K, 43"},"geometry":{"type":"LineString","coordinates":[[-99.079624,19.450677],[-99.080919,19.450017],[-99.083378,19.448222],[-99.084657,19.447403]]}},{"type":"Feature","properties":{"mode":"bus","n":5,"arr":["CZ4H","CZ4I","CZ4J","CZ4K","R43"],"lines":"Z4H, Z4I, Z4J, Z4K, 43"},"geometry":{"type":"LineString","coordinates":[[-99.078828,19.450561],[-99.078661,19.450436],[-99.078564,19.450391],[-99.078359,19.450368],[-99.078152,19.45044],[-99.078079,19.450499],[-99.077987,19.450657],[-99.077987,19.450883],[-99.078046,19.45107],[-99.078145,19.451191],[-99.078205,19.451225],[-99.078346,19.451243],[-99.078763,19.451135]]}},{"type":"Feature","properties":{"mode":"bus","n":8,"arr":["C15B","CZ4A","CZ4B","CZ4H","CZ4I","CZ4J","CZ4K","R43"],"lines":"15B, Z4A, Z4B, Z4H, Z4I, Z4J, Z4K, 43"},"geometry":{"type":"LineString","coordinates":[[-99.078986,19.473411],[-99.079811,19.469323],[-99.080114,19.467629],[-99.080617,19.464296],[-99.080654,19.46371]]}},{"type":"Feature","properties":{"mode":"bus","n":8,"arr":["C15B","CZ4A","CZ4B","CZ4H","CZ4I","CZ4J","CZ4K","R43"],"lines":"15B, Z4A, Z4B, Z4H, Z4I, Z4J, Z4K, 43"},"geometry":{"type":"LineString","coordinates":[[-99.0798,19.470578],[-99.080111,19.469],[-99.080382,19.467389],[-99.080734,19.46507]]}},{"type":"Feature","properties":{"mode":"bus","n":8,"arr":["C15B","CZ4A","CZ4B","CZ4H","CZ4I","CZ4J","CZ4K","R43"],"lines":"15B, Z4A, Z4B, Z4H, Z4I, Z4J, Z4K, 43"},"geometry":{"type":"LineString","coordinates":[[-99.080739,19.465025],[-99.080849,19.464308]]}},{"type":"Feature","properties":{"mode":"bus","n":8,"arr":["C7A","C7B","C7C","C7D","CZ4F","CZ4G","R11-A","R12"],"lines":"7A, 7B, 7C, 7D, Z4F, Z4G, 11-A, 12"},"geometry":{"type":"LineString","coordinates":[[-99.094792,19.463023],[-99.09576,19.460417]]}},{"type":"Feature","properties":{"mode":"bus","n":9,"arr":["C7A","C7B","C7C","C7D","CZ4F","CZ4G","R11-A","R12","T4"],"lines":"7A, 7B, 7C, 7D, Z4F, Z4G, 11-A, 12, 4"},"geometry":{"type":"LineString","coordinates":[[-99.09576,19.460417],[-99.09635,19.45892]]}},{"type":"Feature","properties":{"mode":"bus","n":6,"arr":["C7A","C7B","C7C","C7D","R11-A","R59-A"],"lines":"7A, 7B, 7C, 7D, 11-A, 59-A"},"geometry":{"type":"LineString","coordinates":[[-99.17639,19.468261],[-99.176257,19.468356]]}},{"type":"Feature","properties":{"mode":"bus","n":6,"arr":["C7A","C7B","C7C","C7D","R11-A","R19"],"lines":"7A, 7B, 7C, 7D, 11-A, 19"},"geometry":{"type":"LineString","coordinates":[[-99.17639,19.468261],[-99.176556,19.468003]]}},{"type":"Feature","properties":{"mode":"bus","n":8,"arr":["C7A","C7B","C7C","C7D","R11-A","R19","R59","T6"],"lines":"7A, 7B, 7C, 7D, 11-A, 19, 59, 6"},"geometry":{"type":"LineString","coordinates":[[-99.182452,19.448204],[-99.183354,19.441665],[-99.183708,19.439335],[-99.18361,19.438222],[-99.18348,19.437225],[-99.183338,19.436759],[-99.183058,19.436021],[-99.182712,19.43521]]}},{"type":"Feature","properties":{"mode":"bus","n":9,"arr":["C7A","C7B","C7C","C7D","C13A","R11-A","R19","R59","T6"],"lines":"7A, 7B, 7C, 7D, 13A, 11-A, 19, 59, 6"},"geometry":{"type":"LineString","coordinates":[[-99.182712,19.43521],[-99.181748,19.432866]]}},{"type":"Feature","properties":{"mode":"bus","n":12,"arr":["C7A","C7B","C7C","C7D","C13A","C13B","C13D","C13E","R11-A","R19","R59","T6"],"lines":"7A, 7B, 7C, 7D, 13A, 13B, 13D, 13E, 11-A, 19, 59, 6"},"geometry":{"type":"LineString","coordinates":[[-99.181748,19.432866],[-99.181081,19.431342]]}},{"type":"Feature","properties":{"mode":"bus","n":11,"arr":["C7A","C7B","C7C","C7D","C13A","C13B","C13D","C13E","R11-A","R59","T6"],"lines":"7A, 7B, 7C, 7D, 13A, 13B, 13D, 13E, 11-A, 59, 6"},"geometry":{"type":"LineString","coordinates":[[-99.181081,19.431342],[-99.181052,19.431266]]}},{"type":"Feature","properties":{"mode":"bus","n":10,"arr":["C7A","C7B","C7C","C7D","C13A","C13B","C13E","R11-A","R59","T6"],"lines":"7A, 7B, 7C, 7D, 13A, 13B, 13E, 11-A, 59, 6"},"geometry":{"type":"LineString","coordinates":[[-99.181052,19.431266],[-99.18061,19.430229],[-99.180337,19.429519],[-99.180118,19.428756],[-99.179987,19.428392],[-99.179663,19.427639],[-99.178295,19.424199]]}},{"type":"Feature","properties":{"mode":"bus","n":17,"arr":["C7A","C7B","C7C","C7D","C8A","C8B","C8C","C8D","C13A","C13B","C13E","C18A","C18B","C18C","C18D","R59","T6"],"lines":"7A, 7B, 7C, 7D, 8A, 8B, 8C, 8D, 13A, 13B, 13E, 18A, 18B, 18C, 18D, 59, 6"},"geometry":{"type":"LineString","coordinates":[[-99.177993,19.420855],[-99.178138,19.420717],[-99.178297,19.420625],[-99.178498,19.420615],[-99.178646,19.420693],[-99.178741,19.420825],[-99.178752,19.420986],[-99.178695,19.421123],[-99.178571,19.421234],[-99.178377,19.421279],[-99.177252,19.421296]]}},{"type":"Feature","properties":{"mode":"bus","n":14,"arr":["C7A","C7B","C7C","C7D","C8A","C8B","C8C","C8D","C13A","C13B","C13E","C18A","R59","T6"],"lines":"7A, 7B, 7C, 7D, 8A, 8B, 8C, 8D, 13A, 13B, 13E, 18A, 59, 6"},"geometry":{"type":"LineString","coordinates":[[-99.177252,19.421296],[-99.1769,19.421297]]}},{"type":"Feature","properties":{"mode":"bus","n":7,"arr":["C7A","C7B","C7C","C7D","C13B","C18A","T6"],"lines":"7A, 7B, 7C, 7D, 13B, 18A, 6"},"geometry":{"type":"LineString","coordinates":[[-99.1769,19.421297],[-99.176804,19.421268]]}},{"type":"Feature","properties":{"mode":"bus","n":6,"arr":["C7A","C7B","C7C","C7D","C18A","T6"],"lines":"7A, 7B, 7C, 7D, 18A, 6"},"geometry":{"type":"LineString","coordinates":[[-99.176804,19.421268],[-99.176316,19.421015]]}},{"type":"Feature","properties":{"mode":"bus","n":10,"arr":["C7A","C7B","C7C","C7D","C18A","C19E","C19F","C19I","R59","T6"],"lines":"7A, 7B, 7C, 7D, 18A, 19E, 19F, 19I, 59, 6"},"geometry":{"type":"LineString","coordinates":[[-99.176316,19.421015],[-99.176172,19.420951]]}},{"type":"Feature","properties":{"mode":"bus","n":8,"arr":["C7A","C7B","C7C","C7D","C18A","C19E","C19F","C19I"],"lines":"7A, 7B, 7C, 7D, 18A, 19E, 19F, 19I"},"geometry":{"type":"LineString","coordinates":[[-99.176172,19.420951],[-99.175987,19.420904]]}},{"type":"Feature","properties":{"mode":"bus","n":7,"arr":["C7A","C7B","C7C","C7D","C18A","C19F","C19I"],"lines":"7A, 7B, 7C, 7D, 18A, 19F, 19I"},"geometry":{"type":"LineString","coordinates":[[-99.175987,19.420904],[-99.17589,19.420916]]}},{"type":"Feature","properties":{"mode":"bus","n":7,"arr":["C7B","C7D","C10A","C10B","C10D","C10E","R19"],"lines":"7B, 7D, 10A, 10B, 10D, 10E, 19"},"geometry":{"type":"LineString","coordinates":[[-99.176271,19.468152],[-99.176106,19.467994]]}},{"type":"Feature","properties":{"mode":"bus","n":6,"arr":["C7B","C7C","R23","R27-A","R103","T1"],"lines":"7B, 7C, 23, 27-A, 103, 1"},"geometry":{"type":"LineString","coordinates":[[-99.136168,19.468912],[-99.136684,19.469625],[-99.137261,19.47049]]}},{"type":"Feature","properties":{"mode":"bus","n":6,"arr":["C7B","C7C","R23","R27-A","R103","T1"],"lines":"7B, 7C, 23, 27-A, 103, 1"},"geometry":{"type":"LineString","coordinates":[[-99.139932,19.476335],[-99.139995,19.476484]]}},{"type":"Feature","properties":{"mode":"bus","n":6,"arr":["C7B","C7C","C15A","C15C","CZ4C","CZ4D"],"lines":"7B, 7C, 15A, 15C, Z4C, Z4D"},"geometry":{"type":"LineString","coordinates":[[-99.132675,19.475271],[-99.13043,19.474478]]}},{"type":"Feature","properties":{"mode":"bus","n":5,"arr":["C7B","C7C","C15A","R25","R104"],"lines":"7B, 7C, 15A, 25, 104"},"geometry":{"type":"LineString","coordinates":[[-99.136571,19.476096],[-99.134152,19.475698]]}},{"type":"Feature","properties":{"mode":"bus","n":6,"arr":["C8A","C8B","C8C","R76","R76-A","R113-B"],"lines":"8A, 8B, 8C, 76, 76-A, 113-B"},"geometry":{"type":"LineString","coordinates":[[-99.2294,19.404709],[-99.228697,19.405552]]}},{"type":"Feature","properties":{"mode":"bus","n":6,"arr":["C8A","C8B","C8C","R76","R76-A","R113-B"],"lines":"8A, 8B, 8C, 76, 76-A, 113-B"},"geometry":{"type":"LineString","coordinates":[[-99.2281,19.406475],[-99.228824,19.405708],[-99.229423,19.404999]]}},{"type":"Feature","properties":{"mode":"bus","n":8,"arr":["C8A","C8C","C18A","C18B","C18C","C18D","R76","R76-A"],"lines":"8A, 8C, 18A, 18B, 18C, 18D, 76, 76-A"},"geometry":{"type":"LineString","coordinates":[[-99.207188,19.425696],[-99.205819,19.426703]]}},{"type":"Feature","properties":{"mode":"bus","n":8,"arr":["C8A","C8B","C8C","C8D","R57-A","R57-C","R76","R76-A"],"lines":"8A, 8B, 8C, 8D, 57-A, 57-C, 76, 76-A"},"geometry":{"type":"LineString","coordinates":[[-99.202272,19.426929],[-99.202399,19.426912],[-99.202636,19.426929],[-99.202966,19.427012]]}},{"type":"Feature","properties":{"mode":"bus","n":6,"arr":["C8A","C8B","C8C","C8D","R76","R76-A"],"lines":"8A, 8B, 8C, 8D, 76, 76-A"},"geometry":{"type":"LineString","coordinates":[[-99.198801,19.426715],[-99.201314,19.42709],[-99.201579,19.427081],[-99.202033,19.426966],[-99.202272,19.426929]]}},{"type":"Feature","properties":{"mode":"bus","n":8,"arr":["C8A","C8B","C8C","C8D","C18A","C18B","C18C","C18D"],"lines":"8A, 8B, 8C, 8D, 18A, 18B, 18C, 18D"},"geometry":{"type":"LineString","coordinates":[[-99.178574,19.423633],[-99.178338,19.423463],[-99.17818,19.423243],[-99.178124,19.423024],[-99.178115,19.422342],[-99.178028,19.422245]]}},{"type":"Feature","properties":{"mode":"bus","n":7,"arr":["C8A","C8B","C8C","C8D","C13A","C13E","R59"],"lines":"8A, 8B, 8C, 8D, 13A, 13E, 59"},"geometry":{"type":"LineString","coordinates":[[-99.1769,19.421297],[-99.176736,19.421369]]}},{"type":"Feature","properties":{"mode":"bus","n":5,"arr":["C8A","C8B","C8C","C8D","R59"],"lines":"8A, 8B, 8C, 8D, 59"},"geometry":{"type":"LineString","coordinates":[[-99.176736,19.421369],[-99.176408,19.421717]]}},{"type":"Feature","properties":{"mode":"bus","n":6,"arr":["C8A","C8B","C8D","C18B","C18C","C18D"],"lines":"8A, 8B, 8D, 18B, 18C, 18D"},"geometry":{"type":"LineString","coordinates":[[-99.177325,19.42051],[-99.177239,19.420525]]}},{"type":"Feature","properties":{"mode":"bus","n":9,"arr":["C8A","C8B","C8D","C18A","C18B","C18C","C18D","R76","R76-A"],"lines":"8A, 8B, 8D, 18A, 18B, 18C, 18D, 76, 76-A"},"geometry":{"type":"LineString","coordinates":[[-99.202284,19.42785],[-99.202014,19.427734],[-99.201603,19.427464],[-99.201274,19.427299],[-99.201065,19.427246],[-99.199472,19.426991]]}},{"type":"Feature","properties":{"mode":"bus","n":9,"arr":["C8A","C8B","C8D","C18A","C18B","C18C","C18D","R76","R76-A"],"lines":"8A, 8B, 8D, 18A, 18B, 18C, 18D, 76, 76-A"},"geometry":{"type":"LineString","coordinates":[[-99.203592,19.427659],[-99.204613,19.427473],[-99.205,19.427377]]}},{"type":"Feature","properties":{"mode":"bus","n":7,"arr":["C8A","C8B","C8D","R57-A","R57-C","R76","R76-A"],"lines":"8A, 8B, 8D, 57-A, 57-C, 76, 76-A"},"geometry":{"type":"LineString","coordinates":[[-99.202284,19.42785],[-99.202679,19.427917],[-99.20297,19.427867]]}},{"type":"Feature","properties":{"mode":"bus","n":5,"arr":["C8A","C8B","C8D","R76","R76-A"],"lines":"8A, 8B, 8D, 76, 76-A"},"geometry":{"type":"LineString","coordinates":[[-99.20297,19.427867],[-99.20327,19.427797],[-99.203592,19.427659]]}},{"type":"Feature","properties":{"mode":"bus","n":7,"arr":["C8A","C8D","C18A","C18B","C18C","C18D","R76-A"],"lines":"8A, 8D, 18A, 18B, 18C, 18D, 76-A"},"geometry":{"type":"LineString","coordinates":[[-99.205,19.427377],[-99.205369,19.427212],[-99.205793,19.426964],[-99.207305,19.425844]]}},{"type":"Feature","properties":{"mode":"bus","n":7,"arr":["C8B","R34-A","R76","R76-A","R110","R110-B","R110-C"],"lines":"8B, 34-A, 76, 76-A, 110, 110-B, 110-C"},"geometry":{"type":"LineString","coordinates":[[-99.242568,19.386993],[-99.242029,19.387313],[-99.241779,19.387496],[-99.241382,19.38786],[-99.241154,19.388011],[-99.240083,19.388598],[-99.239944,19.388692],[-99.239629,19.389005],[-99.239461,19.389277],[-99.2393,19.389638],[-99.238799,19.391142],[-99.23874,19.391479]]}},{"type":"Feature","properties":{"mode":"bus","n":7,"arr":["C8B","R34-A","R76","R76-A","R110","R110-B","R110-C"],"lines":"8B, 34-A, 76, 76-A, 110, 110-B, 110-C"},"geometry":{"type":"LineString","coordinates":[[-99.241226,19.388218],[-99.240258,19.388763],[-99.240008,19.388949],[-99.239798,19.389187],[-99.239622,19.389455],[-99.239485,19.389788],[-99.239166,19.390676],[-99.239138,19.390834]]}},{"type":"Feature","properties":{"mode":"bus","n":7,"arr":["C8C","C19F","C19G","C21A","C21B","R34-A","RL1"],"lines":"8C, 19F, 19G, 21A, 21B, 34-A, L1"},"geometry":{"type":"LineString","coordinates":[[-99.175241,19.421045],[-99.1782,19.420515]]}},{"type":"Feature","properties":{"mode":"bus","n":6,"arr":["C8C","C19G","C21A","C21B","R34-A","RL1"],"lines":"8C, 19G, 21A, 21B, 34-A, L1"},"geometry":{"type":"LineString","coordinates":[[-99.1782,19.420515],[-99.178626,19.420317],[-99.178829,19.420159],[-99.178941,19.420037],[-99.179078,19.419803],[-99.179206,19.41955],[-99.179262,19.419373]]}},{"type":"Feature","properties":{"mode":"bus","n":10,"arr":["C9A","C9C","C9E","C9F","C20A","R110","R110-B","R110-C","R113-B","RL1"],"lines":"9A, 9C, 9E, 9F, 20A, 110, 110-B, 110-C, 113-B, L1"},"geometry":{"type":"LineString","coordinates":[[-99.186704,19.403881],[-99.187034,19.403895]]}},{"type":"Feature","properties":{"mode":"bus","n":5,"arr":["C9A","C9C","C9E","C9F","C20A"],"lines":"9A, 9C, 9E, 9F, 20A"},"geometry":{"type":"LineString","coordinates":[[-99.187034,19.403895],[-99.187276,19.403967],[-99.187552,19.403979]]}},{"type":"Feature","properties":{"mode":"bus","n":5,"arr":["C9A","C9C","C9E","C9F","C20A"],"lines":"9A, 9C, 9E, 9F, 20A"},"geometry":{"type":"LineString","coordinates":[[-99.187596,19.403987],[-99.187701,19.404069],[-99.187861,19.404397],[-99.187973,19.404538],[-99.188444,19.405555],[-99.189504,19.40768]]}},{"type":"Feature","properties":{"mode":"bus","n":5,"arr":["C9A","C20B","C20C","C20D","R34-A"],"lines":"9A, 20B, 20C, 20D, 34-A"},"geometry":{"type":"LineString","coordinates":[[-99.180189,19.416673],[-99.179285,19.416852],[-99.179064,19.416866],[-99.178837,19.416839]]}},{"type":"Feature","properties":{"mode":"bus","n":6,"arr":["C9A","C9C","C9E","C9F","C14A","R33"],"lines":"9A, 9C, 9E, 9F, 14A, 33"},"geometry":{"type":"LineString","coordinates":[[-99.127966,19.408964],[-99.133652,19.408501]]}},{"type":"Feature","properties":{"mode":"bus","n":6,"arr":["C9A","C9C","C9E","C9F","C14A","T2"],"lines":"9A, 9C, 9E, 9F, 14A, 2"},"geometry":{"type":"LineString","coordinates":[[-99.102636,19.406471],[-99.102697,19.407049],[-99.102754,19.407202],[-99.102882,19.407385],[-99.103358,19.407765],[-99.103794,19.408169],[-99.103938,19.408249],[-99.104099,19.40829],[-99.104363,19.408306],[-99.112489,19.408311],[-99.113062,19.408337],[-99.11988,19.409092],[-99.121609,19.409171]]}},{"type":"Feature","properties":{"mode":"bus","n":6,"arr":["C9A","C9C","C9E","C9F","C14A","T2"],"lines":"9A, 9C, 9E, 9F, 14A, 2"},"geometry":{"type":"LineString","coordinates":[[-99.098319,19.402879],[-99.100396,19.403169],[-99.10068,19.403251],[-99.100888,19.403369],[-99.101067,19.403531],[-99.101161,19.403663],[-99.102476,19.405657],[-99.102565,19.405857],[-99.102616,19.40612]]}},{"type":"Feature","properties":{"mode":"bus","n":9,"arr":["C9A","C9C","C9F","C22A","C22B","C22C","C22D","R43","R200"],"lines":"9A, 9C, 9F, 22A, 22B, 22C, 22D, 43, 200"},"geometry":{"type":"LineString","coordinates":[[-99.09872,19.400126],[-99.098319,19.402879]]}},{"type":"Feature","properties":{"mode":"bus","n":10,"arr":["C9A","C9C","C9F","C14A","C22A","C22B","C22C","C22D","R43","R200"],"lines":"9A, 9C, 9F, 14A, 22A, 22B, 22C, 22D, 43, 200"},"geometry":{"type":"LineString","coordinates":[[-99.09872,19.400126],[-99.099127,19.397325]]}},{"type":"Feature","properties":{"mode":"bus","n":5,"arr":["C22A","C22B","C22C","C22D","R43"],"lines":"22A, 22B, 22C, 22D, 43"},"geometry":{"type":"LineString","coordinates":[[-99.098858,19.394092],[-99.098461,19.396908]]}},{"type":"Feature","properties":{"mode":"bus","n":5,"arr":["C22A","C22B","C22C","C22D","R43"],"lines":"22A, 22B, 22C, 22D, 43"},"geometry":{"type":"LineString","coordinates":[[-99.0972,19.41789],[-99.098068,19.416293],[-99.098129,19.416054],[-99.098113,19.415799],[-99.097449,19.411556]]}},{"type":"Feature","properties":{"mode":"bus","n":8,"arr":["C9A","C9C","C9F","C22A","C22B","C22C","C22D","R43"],"lines":"9A, 9C, 9F, 22A, 22B, 22C, 22D, 43"},"geometry":{"type":"LineString","coordinates":[[-99.098461,19.396908],[-99.097625,19.402768]]}},{"type":"Feature","properties":{"mode":"bus","n":9,"arr":["C9A","C9C","C9F","C22A","C22B","C22C","C22D","R43","T2"],"lines":"9A, 9C, 9F, 22A, 22B, 22C, 22D, 43, 2"},"geometry":{"type":"LineString","coordinates":[[-99.097595,19.402992],[-99.097625,19.402768]]}},{"type":"Feature","properties":{"mode":"bus","n":5,"arr":["C9A","C9C","C9F","C22D","T2"],"lines":"9A, 9C, 9F, 22D, 2"},"geometry":{"type":"LineString","coordinates":[[-99.096901,19.408236],[-99.096962,19.407582],[-99.097595,19.402992]]}},{"type":"Feature","properties":{"mode":"bus","n":5,"arr":["C9A","C9C","C9E","C9F","T2"],"lines":"9A, 9C, 9E, 9F, 2"},"geometry":{"type":"LineString","coordinates":[[-99.083013,19.407134],[-99.088852,19.40794],[-99.095471,19.408889]]}},{"type":"Feature","properties":{"mode":"bus","n":7,"arr":["C9A","C9B","C9C","C9D","C9E","C9F","T2"],"lines":"9A, 9B, 9C, 9D, 9E, 9F, 2"},"geometry":{"type":"LineString","coordinates":[[-99.080754,19.406808],[-99.083013,19.407134]]}},{"type":"Feature","properties":{"mode":"bus","n":9,"arr":["C9A","C9B","C9C","C9D","C9E","C9F","C19D","C19E","T2"],"lines":"9A, 9B, 9C, 9D, 9E, 9F, 19D, 19E, 2"},"geometry":{"type":"LineString","coordinates":[[-99.07956,19.406766],[-99.080055,19.406725],[-99.080754,19.406808]]}},{"type":"Feature","properties":{"mode":"bus","n":7,"arr":["C9A","C9B","C9C","C9D","C9E","C19D","C19E"],"lines":"9A, 9B, 9C, 9D, 9E, 19D, 19E"},"geometry":{"type":"LineString","coordinates":[[-99.07956,19.406766],[-99.079274,19.406735],[-99.078703,19.406826],[-99.078572,19.40677],[-99.078514,19.406681]]}},{"type":"Feature","properties":{"mode":"bus","n":5,"arr":["C9A","C9B","C9C","C9D","C9E"],"lines":"9A, 9B, 9C, 9D, 9E"},"geometry":{"type":"LineString","coordinates":[[-99.078514,19.406681],[-99.078365,19.406313],[-99.078323,19.40627],[-99.07738,19.405817],[-99.077363,19.405805],[-99.077357,19.405788],[-99.077361,19.405768],[-99.078199,19.403958],[-99.079356,19.40119]]}},{"type":"Feature","properties":{"mode":"bus","n":5,"arr":["C9A","C9B","C9C","C9D","C9E"],"lines":"9A, 9B, 9C, 9D, 9E"},"geometry":{"type":"LineString","coordinates":[[-99.062171,19.390058],[-99.06352,19.390285]]}},{"type":"Feature","properties":{"mode":"bus","n":5,"arr":["C9A","C9B","C9C","C9D","C9E"],"lines":"9A, 9B, 9C, 9D, 9E"},"geometry":{"type":"LineString","coordinates":[[-99.059192,19.389611],[-99.059288,19.389618]]}},{"type":"Feature","properties":{"mode":"bus","n":5,"arr":["C9A","C9B","C9C","C9D","C9E"],"lines":"9A, 9B, 9C, 9D, 9E"},"geometry":{"type":"LineString","coordinates":[[-99.048355,19.390961],[-99.051941,19.384899],[-99.051951,19.384887],[-99.051963,19.384881],[-99.051976,19.384882],[-99.051991,19.384889],[-99.052473,19.385208]]}},{"type":"Feature","properties":{"mode":"bus","n":5,"arr":["C9A","C9B","C9C","C9D","C9E"],"lines":"9A, 9B, 9C, 9D, 9E"},"geometry":{"type":"LineString","coordinates":[[-99.046086,19.389771],[-99.045852,19.390166]]}},{"type":"Feature","properties":{"mode":"bus","n":6,"arr":["C9A","C9B","C9C","C9D","C9E","C14A"],"lines":"9A, 9B, 9C, 9D, 9E, 14A"},"geometry":{"type":"LineString","coordinates":[[-99.059288,19.389618],[-99.059662,19.389617],[-99.059823,19.389666],[-99.062171,19.390058]]}},{"type":"Feature","properties":{"mode":"bus","n":5,"arr":["C9A","C9B","C9C","C9E","T9"],"lines":"9A, 9B, 9C, 9E, 9"},"geometry":{"type":"LineString","coordinates":[[-99.048437,19.39101],[-99.047063,19.390282]]}},{"type":"Feature","properties":{"mode":"bus","n":5,"arr":["C9A","C9B","C9C","C9E","T9"],"lines":"9A, 9B, 9C, 9E, 9"},"geometry":{"type":"LineString","coordinates":[[-99.05926,19.389809],[-99.052424,19.385287]]}},{"type":"Feature","properties":{"mode":"bus","n":5,"arr":["C9A","C9C","C9E","C14A","T2"],"lines":"9A, 9C, 9E, 14A, 2"},"geometry":{"type":"LineString","coordinates":[[-99.097625,19.402768],[-99.098319,19.402879]]}},{"type":"Feature","properties":{"mode":"bus","n":5,"arr":["C9A","C9C","C9E","C9F","RL1"],"lines":"9A, 9C, 9E, 9F, L1"},"geometry":{"type":"LineString","coordinates":[[-99.189286,19.403543],[-99.189297,19.4034]]}},{"type":"Feature","properties":{"mode":"bus","n":5,"arr":["C9E","C14A","CZ4A","CZ4B","R33"],"lines":"9E, 14A, Z4A, Z4B, 33"},"geometry":{"type":"LineString","coordinates":[[-99.127787,19.40875],[-99.127638,19.408981]]}},{"type":"Feature","properties":{"mode":"bus","n":9,"arr":["C9F","R162-B","R163","R163-A","R163-B","R164","R166","R167","T2"],"lines":"9F, 162-B, 163, 163-A, 163-B, 164, 166, 167, 2"},"geometry":{"type":"LineString","coordinates":[[-99.076852,19.408419],[-99.076972,19.408277]]}},{"type":"Feature","properties":{"mode":"bus","n":6,"arr":["C9F","C19A","C19B","C19F","C19I","T2"],"lines":"9F, 19A, 19B, 19F, 19I, 2"},"geometry":{"type":"LineString","coordinates":[[-99.072794,19.415644],[-99.073736,19.414223],[-99.075747,19.411059],[-99.076209,19.41037],[-99.076577,19.409986],[-99.077086,19.409253]]}},{"type":"Feature","properties":{"mode":"bus","n":7,"arr":["C9F","C19A","C19B","C19F","C19G","C19I","T2"],"lines":"9F, 19A, 19B, 19F, 19G, 19I, 2"},"geometry":{"type":"LineString","coordinates":[[-99.077086,19.409253],[-99.077466,19.40853]]}},{"type":"Feature","properties":{"mode":"bus","n":9,"arr":["C9F","C19A","C19B","C19C","C19F","C19G","C19H","C19I","T2"],"lines":"9F, 19A, 19B, 19C, 19F, 19G, 19H, 19I, 2"},"geometry":{"type":"LineString","coordinates":[[-99.077466,19.40853],[-99.077796,19.408003],[-99.078005,19.407728],[-99.078294,19.407497],[-99.078655,19.407299],[-99.078895,19.4072],[-99.079176,19.407116],[-99.079642,19.407054],[-99.080219,19.407069],[-99.08077,19.407139]]}},{"type":"Feature","properties":{"mode":"bus","n":5,"arr":["C10A","CZ4J","CZ4K","R43","T4"],"lines":"10A, Z4J, Z4K, 43, 4"},"geometry":{"type":"LineString","coordinates":[[-99.08915,19.441052],[-99.089978,19.439682]]}},{"type":"Feature","properties":{"mode":"bus","n":9,"arr":["C10A","C10B","C10C","C10D","CZ4H","CZ4I","CZ4J","CZ4K","R18"],"lines":"10A, 10B, 10C, 10D, Z4H, Z4I, Z4J, Z4K, 18"},"geometry":{"type":"LineString","coordinates":[[-99.094977,19.440296],[-99.0934,19.441043]]}},{"type":"Feature","properties":{"mode":"bus","n":9,"arr":["C10A","C10B","C10C","C10D","CZ4H","CZ4I","CZ4J","CZ4K","R18"],"lines":"10A, 10B, 10C, 10D, Z4H, Z4I, Z4J, Z4K, 18"},"geometry":{"type":"LineString","coordinates":[[-99.093272,19.441115],[-99.092088,19.441912]]}},{"type":"Feature","properties":{"mode":"bus","n":9,"arr":["C10A","C10B","C10C","C10D","CZ4H","CZ4I","CZ4J","CZ4K","R18"],"lines":"10A, 10B, 10C, 10D, Z4H, Z4I, Z4J, Z4K, 18"},"geometry":{"type":"LineString","coordinates":[[-99.092598,19.44204],[-99.093552,19.441397]]}},{"type":"Feature","properties":{"mode":"bus","n":9,"arr":["C10A","C10B","C10C","C10D","CZ4H","CZ4I","CZ4J","CZ4K","R18"],"lines":"10A, 10B, 10C, 10D, Z4H, Z4I, Z4J, Z4K, 18"},"geometry":{"type":"LineString","coordinates":[[-99.093629,19.441354],[-99.094077,19.441107],[-99.095182,19.440603]]}},{"type":"Feature","properties":{"mode":"bus","n":5,"arr":["CZ4H","CZ4I","CZ4J","CZ4K","R18"],"lines":"Z4H, Z4I, Z4J, Z4K, 18"},"geometry":{"type":"LineString","coordinates":[[-99.0934,19.441043],[-99.093272,19.441115]]}},{"type":"Feature","properties":{"mode":"bus","n":5,"arr":["C10A","C10B","C10C","C10D","R18"],"lines":"10A, 10B, 10C, 10D, 18"},"geometry":{"type":"LineString","coordinates":[[-99.092088,19.441912],[-99.091921,19.442122],[-99.091765,19.44221],[-99.090765,19.442942],[-99.090718,19.443015],[-99.090714,19.443095],[-99.090738,19.443148],[-99.090801,19.443181],[-99.090887,19.443186],[-99.090944,19.443166],[-99.092183,19.442278],[-99.092598,19.44204]]}},{"type":"Feature","properties":{"mode":"bus","n":5,"arr":["C10A","C10B","C10C","C10D","R18"],"lines":"10A, 10B, 10C, 10D, 18"},"geometry":{"type":"LineString","coordinates":[[-99.093626,19.441469],[-99.093552,19.441397]]}},{"type":"Feature","properties":{"mode":"bus","n":5,"arr":["C10A","C10B","C10C","C10D","R18"],"lines":"10A, 10B, 10C, 10D, 18"},"geometry":{"type":"LineString","coordinates":[[-99.097576,19.4427],[-99.093629,19.441354]]}},{"type":"Feature","properties":{"mode":"bus","n":12,"arr":["C10A","C10B","C10C","C10D","C10E","C11A","C11B","C11C","C11D","C11E","C11F","R33"],"lines":"10A, 10B, 10C, 10D, 10E, 11A, 11B, 11C, 11D, 11E, 11F, 33"},"geometry":{"type":"LineString","coordinates":[[-99.124781,19.451989],[-99.124926,19.452015]]}},{"type":"Feature","properties":{"mode":"bus","n":11,"arr":["C10A","C10B","C10C","C10D","C10E","C11A","C11B","C11C","C11D","C11E","C11F"],"lines":"10A, 10B, 10C, 10D, 10E, 11A, 11B, 11C, 11D, 11E, 11F"},"geometry":{"type":"LineString","coordinates":[[-99.124926,19.452015],[-99.125914,19.452234]]}},{"type":"Feature","properties":{"mode":"bus","n":11,"arr":["C10A","C10B","C10C","C10D","C10E","C11A","C11B","C11C","C11D","C11E","C11F"],"lines":"10A, 10B, 10C, 10D, 10E, 11A, 11B, 11C, 11D, 11E, 11F"},"geometry":{"type":"LineString","coordinates":[[-99.127871,19.452671],[-99.128804,19.452856],[-99.130246,19.453068],[-99.130742,19.453116]]}},{"type":"Feature","properties":{"mode":"bus","n":9,"arr":["C10A","C10B","C10C","C10D","C10E","C11A","C11C","C11D","C11F"],"lines":"10A, 10B, 10C, 10D, 10E, 11A, 11C, 11D, 11F"},"geometry":{"type":"LineString","coordinates":[[-99.125914,19.452234],[-99.126492,19.452494],[-99.127554,19.452736],[-99.127871,19.452671]]}},{"type":"Feature","properties":{"mode":"bus","n":6,"arr":["C10A","C10B","C10C","C10D","C10E","T5"],"lines":"10A, 10B, 10C, 10D, 10E, 5"},"geometry":{"type":"LineString","coordinates":[[-99.131102,19.453154],[-99.130992,19.45314]]}},{"type":"Feature","properties":{"mode":"bus","n":6,"arr":["C10A","C10B","C10C","C10D","C10E","T1"],"lines":"10A, 10B, 10C, 10D, 10E, 1"},"geometry":{"type":"LineString","coordinates":[[-99.138446,19.454935],[-99.1383,19.454901]]}},{"type":"Feature","properties":{"mode":"bus","n":5,"arr":["C10A","C10B","C10D","C10E","T6"],"lines":"10A, 10B, 10D, 10E, 6"},"geometry":{"type":"LineString","coordinates":[[-99.175899,19.468162],[-99.176155,19.468415]]}},{"type":"Feature","properties":{"mode":"bus","n":5,"arr":["C10A","C10B","C10D","C10E","T6"],"lines":"10A, 10B, 10D, 10E, 6"},"geometry":{"type":"LineString","coordinates":[[-99.176581,19.468273],[-99.176596,19.468447]]}},{"type":"Feature","properties":{"mode":"bus","n":8,"arr":["C10A","C10B","C10D","C10E","R12","R59-A","T4","T6"],"lines":"10A, 10B, 10D, 10E, 12, 59-A, 4, 6"},"geometry":{"type":"LineString","coordinates":[[-99.184502,19.477687],[-99.182715,19.47556],[-99.17881,19.471029],[-99.177336,19.469536],[-99.176155,19.468415]]}},{"type":"Feature","properties":{"mode":"bus","n":8,"arr":["C10A","C10B","C10D","C10E","R12","R59-A","T4","T6"],"lines":"10A, 10B, 10D, 10E, 12, 59-A, 4, 6"},"geometry":{"type":"LineString","coordinates":[[-99.176596,19.468447],[-99.177717,19.4695],[-99.178745,19.470507],[-99.179052,19.470844],[-99.181436,19.473687],[-99.183355,19.475931],[-99.184037,19.476803],[-99.184609,19.477632],[-99.184667,19.477687],[-99.184809,19.477783],[-99.184989,19.477844],[-99.188095,19.478733]]}},{"type":"Feature","properties":{"mode":"bus","n":6,"arr":["C10A","C10B","C10D","C10E","R12","R59-A"],"lines":"10A, 10B, 10D, 10E, 12, 59-A"},"geometry":{"type":"LineString","coordinates":[[-99.186979,19.478539],[-99.184743,19.477906],[-99.184613,19.47781],[-99.184502,19.477687]]}},{"type":"Feature","properties":{"mode":"bus","n":5,"arr":["C10A","C10B","C10D","C10E","R12"],"lines":"10A, 10B, 10D, 10E, 12"},"geometry":{"type":"LineString","coordinates":[[-99.189978,19.47946],[-99.188444,19.478941],[-99.186979,19.478539]]}},{"type":"Feature","properties":{"mode":"bus","n":5,"arr":["C10A","C10B","C10D","C10E","R12"],"lines":"10A, 10B, 10D, 10E, 12"},"geometry":{"type":"LineString","coordinates":[[-99.189967,19.478434],[-99.190122,19.478289]]}},{"type":"Feature","properties":{"mode":"bus","n":5,"arr":["C10A","C10B","C10D","C10E","R12"],"lines":"10A, 10B, 10D, 10E, 12"},"geometry":{"type":"LineString","coordinates":[[-99.188845,19.478951],[-99.189001,19.478988],[-99.189155,19.478989]]}},{"type":"Feature","properties":{"mode":"bus","n":7,"arr":["C10A","C10B","C10D","C10E","R12","T4","T6"],"lines":"10A, 10B, 10D, 10E, 12, 4, 6"},"geometry":{"type":"LineString","coordinates":[[-99.188095,19.478733],[-99.188845,19.478951]]}},{"type":"Feature","properties":{"mode":"bus","n":7,"arr":["C10A","C10B","C10D","C10E","R11-A","R12","T4"],"lines":"10A, 10B, 10D, 10E, 11-A, 12, 4"},"geometry":{"type":"LineString","coordinates":[[-99.176271,19.468152],[-99.17639,19.468261]]}},{"type":"Feature","properties":{"mode":"bus","n":6,"arr":["C10A","C10C","C10E","C11D","C11F","R19-A"],"lines":"10A, 10C, 10E, 11D, 11F, 19-A"},"geometry":{"type":"LineString","coordinates":[[-99.166733,19.45044],[-99.166728,19.450262]]}},{"type":"Feature","properties":{"mode":"bus","n":8,"arr":["C10A","C10C","C10E","C11A","C11B","C11C","C11E","R19-A"],"lines":"10A, 10C, 10E, 11A, 11B, 11C, 11E, 19-A"},"geometry":{"type":"LineString","coordinates":[[-99.166728,19.450262],[-99.166867,19.448534]]}},{"type":"Feature","properties":{"mode":"bus","n":7,"arr":["C10A","C10C","C10E","C11A","C11B","C11C","C11E"],"lines":"10A, 10C, 10E, 11A, 11B, 11C, 11E"},"geometry":{"type":"LineString","coordinates":[[-99.166867,19.448534],[-99.164505,19.448139],[-99.163951,19.448093],[-99.157329,19.447016],[-99.150839,19.445911]]}},{"type":"Feature","properties":{"mode":"bus","n":7,"arr":["C10A","C10C","C10E","C11A","C11B","C11C","C11E"],"lines":"10A, 10C, 10E, 11A, 11B, 11C, 11E"},"geometry":{"type":"LineString","coordinates":[[-99.150459,19.445845],[-99.13987,19.444084]]}},{"type":"Feature","properties":{"mode":"bus","n":9,"arr":["C10A","C10C","C10E","C11A","C11B","C11C","C11E","C12A","C12B"],"lines":"10A, 10C, 10E, 11A, 11B, 11C, 11E, 12A, 12B"},"geometry":{"type":"LineString","coordinates":[[-99.150839,19.445911],[-99.150459,19.445845]]}},{"type":"Feature","properties":{"mode":"bus","n":11,"arr":["C10A","C10C","C10E","C11A","C11B","C11C","C11D","C11E","C11F","R18","T5"],"lines":"10A, 10C, 10E, 11A, 11B, 11C, 11D, 11E, 11F, 18, 5"},"geometry":{"type":"LineString","coordinates":[[-99.139008,19.443982],[-99.138769,19.443961]]}},{"type":"Feature","properties":{"mode":"bus","n":7,"arr":["C10A","C10C","C10E","C11B","C11D","C11E","C11F"],"lines":"10A, 10C, 10E, 11B, 11D, 11E, 11F"},"geometry":{"type":"LineString","coordinates":[[-99.121972,19.441655],[-99.121909,19.441739]]}},{"type":"Feature","properties":{"mode":"bus","n":6,"arr":["C10A","C10C","C10E","C11D","C11F","R18"],"lines":"10A, 10C, 10E, 11D, 11F, 18"},"geometry":{"type":"LineString","coordinates":[[-99.121888,19.441714],[-99.121918,19.441514],[-99.121968,19.441473],[-99.121976,19.441465],[-99.12198,19.441458],[-99.121978,19.441453],[-99.121971,19.441448],[-99.12196,19.441446],[-99.121592,19.441389]]}},{"type":"Feature","properties":{"mode":"bus","n":11,"arr":["C10A","C10B","C10C","C10D","CZ4F","CZ4G","CZ4H","CZ4I","CZ4J","CZ4K","R18"],"lines":"10A, 10B, 10C, 10D, Z4F, Z4G, Z4H, Z4I, Z4J, Z4K, 18"},"geometry":{"type":"LineString","coordinates":[[-99.095182,19.440603],[-99.095299,19.440551]]}},{"type":"Feature","properties":{"mode":"bus","n":8,"arr":["C10A","C10B","C10C","C10D","CZ4I","CZ4J","CZ4K","R18"],"lines":"10A, 10B, 10C, 10D, Z4I, Z4J, Z4K, 18"},"geometry":{"type":"LineString","coordinates":[[-99.095299,19.440551],[-99.095621,19.44036],[-99.096754,19.439854],[-99.096853,19.439786],[-99.096876,19.439712],[-99.096858,19.439642],[-99.096799,19.439584],[-99.096754,19.439566],[-99.09666,19.439574],[-99.096448,19.43965],[-99.09535,19.440158],[-99.094977,19.440296]]}},{"type":"Feature","properties":{"mode":"bus","n":6,"arr":["C10A","C10B","C10C","C10D","CZ4I","R18"],"lines":"10A, 10B, 10C, 10D, Z4I, 18"},"geometry":{"type":"LineString","coordinates":[[-99.0934,19.441043],[-99.093054,19.440759],[-99.092751,19.440564]]}},{"type":"Feature","properties":{"mode":"bus","n":6,"arr":["C10A","C10B","C10C","C10D","CZ4J","CZ4K"],"lines":"10A, 10B, 10C, 10D, Z4J, Z4K"},"geometry":{"type":"LineString","coordinates":[[-99.087983,19.442798],[-99.08993,19.439533]]}},{"type":"Feature","properties":{"mode":"bus","n":5,"arr":["C20A","C20B","C20C","C20D","R200"],"lines":"20A, 20B, 20C, 20D, 200"},"geometry":{"type":"LineString","coordinates":[[-99.165594,19.44348],[-99.165484,19.443786],[-99.165117,19.445509],[-99.165068,19.44562],[-99.164096,19.449927],[-99.164052,19.4519],[-99.16387,19.453665],[-99.163566,19.455951],[-99.162956,19.458751],[-99.162788,19.459158],[-99.162543,19.459487]]}},{"type":"Feature","properties":{"mode":"bus","n":5,"arr":["C20A","C20B","C20C","C20D","R200"],"lines":"20A, 20B, 20C, 20D, 200"},"geometry":{"type":"LineString","coordinates":[[-99.16245,19.459573],[-99.161048,19.460695],[-99.160891,19.460846],[-99.160614,19.461189],[-99.160431,19.461473],[-99.16038,19.461612],[-99.159974,19.462366]]}},{"type":"Feature","properties":{"mode":"bus","n":5,"arr":["C20A","C20B","C20C","C20D","R200"],"lines":"20A, 20B, 20C, 20D, 200"},"geometry":{"type":"LineString","coordinates":[[-99.165621,19.443436],[-99.166327,19.442239],[-99.167326,19.440228],[-99.167861,19.439028]]}},{"type":"Feature","properties":{"mode":"bus","n":5,"arr":["C20A","C20B","C20C","C20D","R200"],"lines":"20A, 20B, 20C, 20D, 200"},"geometry":{"type":"LineString","coordinates":[[-99.171038,19.433763],[-99.172039,19.432239],[-99.173374,19.429875],[-99.174697,19.427854],[-99.176477,19.42524],[-99.176911,19.424472]]}},{"type":"Feature","properties":{"mode":"bus","n":5,"arr":["C20A","C20B","C20C","C20D","R200"],"lines":"20A, 20B, 20C, 20D, 200"},"geometry":{"type":"LineString","coordinates":[[-99.164443,19.451853],[-99.16434,19.453041]]}},{"type":"Feature","properties":{"mode":"bus","n":6,"arr":["C10B","C20A","C20B","C20C","C20D","R200"],"lines":"10B, 20A, 20B, 20C, 20D, 200"},"geometry":{"type":"LineString","coordinates":[[-99.162543,19.459487],[-99.16245,19.459573]]}},{"type":"Feature","properties":{"mode":"bus","n":5,"arr":["C11A","C11D","C11F","C16A","C16B"],"lines":"11A, 11D, 11F, 16A, 16B"},"geometry":{"type":"LineString","coordinates":[[-99.17159,19.448864],[-99.171241,19.448367]]}},{"type":"Feature","properties":{"mode":"bus","n":5,"arr":["C11A","C11D","C11F","C16A","C16B"],"lines":"11A, 11D, 11F, 16A, 16B"},"geometry":{"type":"LineString","coordinates":[[-99.171488,19.448893],[-99.171232,19.448507]]}},{"type":"Feature","properties":{"mode":"bus","n":7,"arr":["C11A","C11B","C11C","C11D","C11E","C11F","R43"],"lines":"11A, 11B, 11C, 11D, 11E, 11F, 43"},"geometry":{"type":"LineString","coordinates":[[-99.096108,19.428638],[-99.09457,19.427897]]}},{"type":"Feature","properties":{"mode":"bus","n":5,"arr":["C11A","C11B","C11C","C11E","R19-A"],"lines":"11A, 11B, 11C, 11E, 19-A"},"geometry":{"type":"LineString","coordinates":[[-99.165314,19.450149],[-99.165568,19.448533]]}},{"type":"Feature","properties":{"mode":"bus","n":7,"arr":["C11A","C11B","C11C","C11D","C11E","C11F","R19-A"],"lines":"11A, 11B, 11C, 11D, 11E, 11F, 19-A"},"geometry":{"type":"LineString","coordinates":[[-99.166733,19.45044],[-99.16664,19.450391],[-99.165314,19.450149]]}},{"type":"Feature","properties":{"mode":"bus","n":5,"arr":["C11A","C19A","C19D","C19H","R59"],"lines":"11A, 19A, 19D, 19H, 59"},"geometry":{"type":"LineString","coordinates":[[-99.185259,19.451907],[-99.18738,19.454472],[-99.18776,19.454904]]}},{"type":"Feature","properties":{"mode":"bus","n":5,"arr":["C11A","C19A","C19D","C19H","R59"],"lines":"11A, 19A, 19D, 19H, 59"},"geometry":{"type":"LineString","coordinates":[[-99.187988,19.455155],[-99.18809,19.45527]]}},{"type":"Feature","properties":{"mode":"bus","n":5,"arr":["C16A","C16B","C16C","C16D","R18"],"lines":"16A, 16B, 16C, 16D, 18"},"geometry":{"type":"LineString","coordinates":[[-99.182818,19.458163],[-99.182512,19.458041],[-99.182226,19.45788],[-99.181829,19.457572]]}},{"type":"Feature","properties":{"mode":"bus","n":5,"arr":["C16A","C16B","C16C","C16D","R18"],"lines":"16A, 16B, 16C, 16D, 18"},"geometry":{"type":"LineString","coordinates":[[-99.188325,19.459374],[-99.18706,19.45908],[-99.186813,19.458977],[-99.185788,19.458706],[-99.182821,19.458058],[-99.182582,19.45796],[-99.182313,19.4578],[-99.180305,19.456243],[-99.17911,19.45564],[-99.177586,19.454274],[-99.174977,19.45246]]}},{"type":"Feature","properties":{"mode":"bus","n":6,"arr":["C16A","C16B","C16C","C16D","R18","R107"],"lines":"16A, 16B, 16C, 16D, 18, 107"},"geometry":{"type":"LineString","coordinates":[[-99.182937,19.458189],[-99.182818,19.458163]]}},{"type":"Feature","properties":{"mode":"bus","n":7,"arr":["C16A","C16B","C16C","C16D","R18","R107","R107-B"],"lines":"16A, 16B, 16C, 16D, 18, 107, 107-B"},"geometry":{"type":"LineString","coordinates":[[-99.187084,19.459205],[-99.186345,19.45894],[-99.182937,19.458189]]}},{"type":"Feature","properties":{"mode":"bus","n":7,"arr":["C16A","C16B","C16C","C16D","R18","R107","R107-B"],"lines":"16A, 16B, 16C, 16D, 18, 107, 107-B"},"geometry":{"type":"LineString","coordinates":[[-99.18863,19.459565],[-99.18745,19.459285]]}},{"type":"Feature","properties":{"mode":"bus","n":6,"arr":["C16A","C16B","C16C","C16D","R18","R107-B"],"lines":"16A, 16B, 16C, 16D, 18, 107-B"},"geometry":{"type":"LineString","coordinates":[[-99.18745,19.459285],[-99.187084,19.459205]]}},{"type":"Feature","properties":{"mode":"bus","n":6,"arr":["C11A","C12A","C12C","C16A","C16B","R18"],"lines":"11A, 12A, 12C, 16A, 16B, 18"},"geometry":{"type":"LineString","coordinates":[[-99.215163,19.456623],[-99.215271,19.456415]]}},{"type":"Feature","properties":{"mode":"bus","n":6,"arr":["R162-B","R163","R163-B","R164","R166","R167"],"lines":"162-B, 163, 163-B, 164, 166, 167"},"geometry":{"type":"LineString","coordinates":[[-99.047137,19.392071],[-99.053339,19.395607],[-99.056726,19.397586],[-99.058491,19.398581]]}},{"type":"Feature","properties":{"mode":"bus","n":6,"arr":["R162-B","R163","R163-B","R164","R166","R167"],"lines":"162-B, 163, 163-B, 164, 166, 167"},"geometry":{"type":"LineString","coordinates":[[-99.060255,19.399591],[-99.066732,19.403352],[-99.06821,19.404176],[-99.071051,19.405842]]}},{"type":"Feature","properties":{"mode":"bus","n":6,"arr":["R162-B","R163","R163-B","R164","R166","R167"],"lines":"162-B, 163, 163-B, 164, 166, 167"},"geometry":{"type":"LineString","coordinates":[[-99.002273,19.362435],[-99.00234,19.36249]]}},{"type":"Feature","properties":{"mode":"bus","n":6,"arr":["R162-B","R163","R163-B","R164","R166","R167"],"lines":"162-B, 163, 163-B, 164, 166, 167"},"geometry":{"type":"LineString","coordinates":[[-99.002786,19.362836],[-99.003197,19.363788],[-99.003691,19.364143],[-99.006141,19.366024],[-99.006686,19.366342],[-99.007085,19.366504]]}},{"type":"Feature","properties":{"mode":"bus","n":7,"arr":["C11E","R162-B","R163","R163-B","R164","R166","R167"],"lines":"11E, 162-B, 163, 163-B, 164, 166, 167"},"geometry":{"type":"LineString","coordinates":[[-99.058491,19.398581],[-99.059462,19.399115],[-99.060255,19.399591]]}},{"type":"Feature","properties":{"mode":"bus","n":5,"arr":["C12A","C12B","C12C","C12D","R59-A"],"lines":"12A, 12B, 12C, 12D, 59-A"},"geometry":{"type":"LineString","coordinates":[[-99.161564,19.434949],[-99.161298,19.435919],[-99.160078,19.440071],[-99.159851,19.440698],[-99.159566,19.441366]]}},{"type":"Feature","properties":{"mode":"bus","n":6,"arr":["C12A","C12B","C12C","C12D","C19B","R59-A"],"lines":"12A, 12B, 12C, 12D, 19B, 59-A"},"geometry":{"type":"LineString","coordinates":[[-99.161587,19.434865],[-99.161564,19.434949]]}},{"type":"Feature","properties":{"mode":"bus","n":8,"arr":["C12A","C12B","C12C","C12D","C19A","C19B","C19D","C19H"],"lines":"12A, 12B, 12C, 12D, 19A, 19B, 19D, 19H"},"geometry":{"type":"LineString","coordinates":[[-99.161587,19.434865],[-99.165709,19.435462],[-99.16687,19.435609],[-99.167849,19.435771],[-99.170141,19.436632],[-99.171219,19.437316],[-99.171404,19.43739],[-99.172775,19.438296]]}},{"type":"Feature","properties":{"mode":"bus","n":8,"arr":["C12A","C12B","C12C","C12D","C19A","C19B","C19D","C19H"],"lines":"12A, 12B, 12C, 12D, 19A, 19B, 19D, 19H"},"geometry":{"type":"LineString","coordinates":[[-99.173451,19.438569],[-99.171585,19.437343],[-99.171367,19.437127],[-99.170465,19.436557],[-99.170106,19.436353],[-99.168131,19.435594],[-99.16768,19.435442],[-99.167438,19.435397],[-99.167012,19.435255],[-99.165886,19.434841]]}},{"type":"Feature","properties":{"mode":"bus","n":5,"arr":["C12A","C12B","C12C","C12D","C19B"],"lines":"12A, 12B, 12C, 12D, 19B"},"geometry":{"type":"LineString","coordinates":[[-99.16685,19.435677],[-99.16687,19.435609]]}},{"type":"Feature","properties":{"mode":"bus","n":9,"arr":["C12A","C12B","C12C","C12D","C19A","C19B","C19D","C19H","R19"],"lines":"12A, 12B, 12C, 12D, 19A, 19B, 19D, 19H, 19"},"geometry":{"type":"LineString","coordinates":[[-99.172775,19.438296],[-99.173807,19.438978]]}},{"type":"Feature","properties":{"mode":"bus","n":8,"arr":["C12A","C12B","C12C","C12D","C19A","C19D","C19H","R19"],"lines":"12A, 12B, 12C, 12D, 19A, 19D, 19H, 19"},"geometry":{"type":"LineString","coordinates":[[-99.173807,19.438978],[-99.175081,19.439819],[-99.175782,19.440434],[-99.175981,19.440676]]}},{"type":"Feature","properties":{"mode":"bus","n":6,"arr":["C12A","C12B","C12C","C12D","C19A","C19H"],"lines":"12A, 12B, 12C, 12D, 19A, 19H"},"geometry":{"type":"LineString","coordinates":[[-99.176221,19.440526],[-99.176132,19.440609]]}},{"type":"Feature","properties":{"mode":"bus","n":5,"arr":["C12A","C12B","C12C","C12D","T6"],"lines":"12A, 12B, 12C, 12D, 6"},"geometry":{"type":"LineString","coordinates":[[-99.184069,19.439853],[-99.183629,19.439799]]}},{"type":"Feature","properties":{"mode":"bus","n":6,"arr":["C18A","C18B","C18C","C18D","R57-A","R57-C"],"lines":"18A, 18B, 18C, 18D, 57-A, 57-C"},"geometry":{"type":"LineString","coordinates":[[-99.220004,19.44904],[-99.219973,19.447223],[-99.220015,19.446465],[-99.219997,19.446139],[-99.219936,19.445841],[-99.219762,19.44549],[-99.21958,19.445237],[-99.219372,19.445038],[-99.219068,19.444841],[-99.218388,19.444512],[-99.21806,19.444383],[-99.217869,19.444384]]}},{"type":"Feature","properties":{"mode":"bus","n":6,"arr":["C18A","C18B","C18C","C18D","R57-A","R57-C"],"lines":"18A, 18B, 18C, 18D, 57-A, 57-C"},"geometry":{"type":"LineString","coordinates":[[-99.220634,19.458471],[-99.22036,19.457934],[-99.220119,19.457375],[-99.219904,19.456652],[-99.219834,19.456272]]}},{"type":"Feature","properties":{"mode":"bus","n":6,"arr":["C18A","C18B","C18C","C18D","R57-A","R57-C"],"lines":"18A, 18B, 18C, 18D, 57-A, 57-C"},"geometry":{"type":"LineString","coordinates":[[-99.205332,19.429744],[-99.205178,19.429656],[-99.204486,19.429142],[-99.20336,19.428162],[-99.20313,19.42807],[-99.20262,19.427991],[-99.202284,19.42785]]}},{"type":"Feature","properties":{"mode":"bus","n":6,"arr":["C18A","C18B","C18C","C18D","R57-A","R57-C"],"lines":"18A, 18B, 18C, 18D, 57-A, 57-C"},"geometry":{"type":"LineString","coordinates":[[-99.216128,19.441896],[-99.216013,19.441922]]}},{"type":"Feature","properties":{"mode":"bus","n":6,"arr":["C18A","C18B","C18C","C18D","R57-A","R57-C"],"lines":"18A, 18B, 18C, 18D, 57-A, 57-C"},"geometry":{"type":"LineString","coordinates":[[-99.202966,19.427012],[-99.202819,19.426907],[-99.202438,19.426722],[-99.202178,19.426496],[-99.201886,19.426086],[-99.201532,19.425329],[-99.201446,19.425236]]}},{"type":"Feature","properties":{"mode":"bus","n":8,"arr":["C12A","C12C","C18A","C18B","C18C","C18D","R57-A","R57-C"],"lines":"12A, 12C, 18A, 18B, 18C, 18D, 57-A, 57-C"},"geometry":{"type":"LineString","coordinates":[[-99.219867,19.451227],[-99.220004,19.44904]]}},{"type":"Feature","properties":{"mode":"bus","n":8,"arr":["C12A","C12C","C18A","C18B","C18C","C18D","R57-A","R57-C"],"lines":"12A, 12C, 18A, 18B, 18C, 18D, 57-A, 57-C"},"geometry":{"type":"LineString","coordinates":[[-99.219834,19.456272],[-99.219779,19.455823]]}},{"type":"Feature","properties":{"mode":"bus","n":6,"arr":["C12A","C12B","C12C","C12D","C16A","C16B"],"lines":"12A, 12B, 12C, 12D, 16A, 16B"},"geometry":{"type":"LineString","coordinates":[[-99.218158,19.452192],[-99.216875,19.449855]]}},{"type":"Feature","properties":{"mode":"bus","n":5,"arr":["C12A","C12B","C12C","C12D","C19D"],"lines":"12A, 12B, 12C, 12D, 19D"},"geometry":{"type":"LineString","coordinates":[[-99.176306,19.440591],[-99.176132,19.440609]]}},{"type":"Feature","properties":{"mode":"bus","n":7,"arr":["C12A","C12B","C12C","C12D","C19A","C19D","C19H"],"lines":"12A, 12B, 12C, 12D, 19A, 19D, 19H"},"geometry":{"type":"LineString","coordinates":[[-99.176132,19.440609],[-99.175921,19.440356],[-99.175185,19.43971],[-99.173451,19.438569]]}},{"type":"Feature","properties":{"mode":"bus","n":5,"arr":["C12C","C18A","C18B","C18C","C18D"],"lines":"12C, 18A, 18B, 18C, 18D"},"geometry":{"type":"LineString","coordinates":[[-99.219903,19.453225],[-99.219919,19.451922],[-99.219881,19.451832],[-99.219885,19.45132],[-99.219867,19.451227]]}},{"type":"Feature","properties":{"mode":"bus","n":5,"arr":["C12C","C18A","C18B","C18C","C18D"],"lines":"12C, 18A, 18B, 18C, 18D"},"geometry":{"type":"LineString","coordinates":[[-99.219779,19.455823],[-99.219771,19.45464]]}},{"type":"Feature","properties":{"mode":"bus","n":6,"arr":["C13A","C13B","C13E","R59","R115-A","T6"],"lines":"13A, 13B, 13E, 59, 115-A, 6"},"geometry":{"type":"LineString","coordinates":[[-99.175515,19.421096],[-99.17468,19.421291],[-99.174459,19.421358],[-99.174313,19.42143]]}},{"type":"Feature","properties":{"mode":"bus","n":12,"arr":["C13A","C13B","C13C","C13D","C13E","C19C","C19E","C19F","C19I","R59","R115-A","T6"],"lines":"13A, 13B, 13C, 13D, 13E, 19C, 19E, 19F, 19I, 59, 115-A, 6"},"geometry":{"type":"LineString","coordinates":[[-99.174313,19.42143],[-99.174516,19.421718]]}},{"type":"Feature","properties":{"mode":"bus","n":8,"arr":["C13A","C13B","C13C","C13D","C13E","R59","R115-A","T6"],"lines":"13A, 13B, 13C, 13D, 13E, 59, 115-A, 6"},"geometry":{"type":"LineString","coordinates":[[-99.174516,19.421718],[-99.175876,19.423657],[-99.176782,19.425326]]}},{"type":"Feature","properties":{"mode":"bus","n":7,"arr":["C13A","C13B","C13C","C13D","C13E","R59","T6"],"lines":"13A, 13B, 13C, 13D, 13E, 59, 6"},"geometry":{"type":"LineString","coordinates":[[-99.176782,19.425326],[-99.176847,19.425461]]}},{"type":"Feature","properties":{"mode":"bus","n":6,"arr":["C13A","C13B","C13C","C13D","C13E","T6"],"lines":"13A, 13B, 13C, 13D, 13E, 6"},"geometry":{"type":"LineString","coordinates":[[-99.176847,19.425461],[-99.177616,19.427307]]}},{"type":"Feature","properties":{"mode":"bus","n":5,"arr":["C13A","C13B","C13C","C13D","C13E"],"lines":"13A, 13B, 13C, 13D, 13E"},"geometry":{"type":"LineString","coordinates":[[-99.177616,19.427307],[-99.178556,19.429627],[-99.17921,19.431793]]}},{"type":"Feature","properties":{"mode":"bus","n":8,"arr":["C13C","C13D","C19C","C19E","C19G","C19I","R34-A","RL1"],"lines":"13C, 13D, 19C, 19E, 19G, 19I, 34-A, L1"},"geometry":{"type":"LineString","coordinates":[[-99.172702,19.421655],[-99.171035,19.422023]]}},{"type":"Feature","properties":{"mode":"bus","n":6,"arr":["C13C","C13D","C19C","C19E","C19I","R34-A"],"lines":"13C, 13D, 19C, 19E, 19I, 34-A"},"geometry":{"type":"LineString","coordinates":[[-99.174247,19.421341],[-99.174156,19.421334],[-99.172702,19.421655]]}},{"type":"Feature","properties":{"mode":"bus","n":6,"arr":["C13C","C13D","C19C","C19E","C19F","C19I"],"lines":"13C, 13D, 19C, 19E, 19F, 19I"},"geometry":{"type":"LineString","coordinates":[[-99.174247,19.421341],[-99.174313,19.42143]]}},{"type":"Feature","properties":{"mode":"bus","n":17,"arr":["C14A","C17A","C17B","C17C","C17D","C17E","C17F","C17G","C17H","C17I","C17J","C17K","C17L","R2-A","R31-B","R111-A","R145-A"],"lines":"14A, 17A, 17B, 17C, 17D, 17E, 17F, 17G, 17H, 17I, 17J, 17K, 17L, 2-A, 31-B, 111-A, 145-A"},"geometry":{"type":"LineString","coordinates":[[-99.135505,19.40864],[-99.135392,19.409006],[-99.135313,19.40947]]}},{"type":"Feature","properties":{"mode":"bus","n":18,"arr":["C14A","C17A","C17B","C17C","C17D","C17E","C17F","C17G","C17H","C17I","C17J","C17K","C17L","R2-A","R31-B","R33","R111-A","R145-A"],"lines":"14A, 17A, 17B, 17C, 17D, 17E, 17F, 17G, 17H, 17I, 17J, 17K, 17L, 2-A, 31-B, 33, 111-A, 145-A"},"geometry":{"type":"LineString","coordinates":[[-99.135313,19.40947],[-99.135341,19.409916]]}},{"type":"Feature","properties":{"mode":"bus","n":17,"arr":["C14A","C17A","C17B","C17C","C17D","C17E","C17F","C17G","C17H","C17I","C17J","C17K","R2-A","R31-B","R33","R111-A","R145-A"],"lines":"14A, 17A, 17B, 17C, 17D, 17E, 17F, 17G, 17H, 17I, 17J, 17K, 2-A, 31-B, 33, 111-A, 145-A"},"geometry":{"type":"LineString","coordinates":[[-99.135341,19.409916],[-99.135329,19.410274]]}},{"type":"Feature","properties":{"mode":"bus","n":16,"arr":["C14A","C17A","C17B","C17C","C17D","C17E","C17F","C17G","C17H","C17I","C17J","C17K","R2-A","R31-B","R111-A","R145-A"],"lines":"14A, 17A, 17B, 17C, 17D, 17E, 17F, 17G, 17H, 17I, 17J, 17K, 2-A, 31-B, 111-A, 145-A"},"geometry":{"type":"LineString","coordinates":[[-99.135329,19.410274],[-99.134556,19.415203]]}},{"type":"Feature","properties":{"mode":"bus","n":7,"arr":["C14A","C22A","C22B","C22C","C22D","R43","R200"],"lines":"14A, 22A, 22B, 22C, 22D, 43, 200"},"geometry":{"type":"LineString","coordinates":[[-99.099127,19.397325],[-99.099204,19.396761]]}},{"type":"Feature","properties":{"mode":"bus","n":5,"arr":["C15A","R23","R27-A","R103","T1"],"lines":"15A, 23, 27-A, 103, 1"},"geometry":{"type":"LineString","coordinates":[[-99.140315,19.477273],[-99.141029,19.479089]]}},{"type":"Feature","properties":{"mode":"bus","n":5,"arr":["C15A","R23","R27-A","R103","T1"],"lines":"15A, 23, 27-A, 103, 1"},"geometry":{"type":"LineString","coordinates":[[-99.143082,19.486169],[-99.142078,19.483635],[-99.141953,19.48303],[-99.141379,19.481572]]}},{"type":"Feature","properties":{"mode":"bus","n":5,"arr":["C15A","R23","R27-A","R103","T1"],"lines":"15A, 23, 27-A, 103, 1"},"geometry":{"type":"LineString","coordinates":[[-99.141685,19.482348],[-99.141558,19.482399]]}},{"type":"Feature","properties":{"mode":"bus","n":7,"arr":["C15A","C15B","C15C","CZ4A","CZ4B","CZ4F","CZ4G"],"lines":"15A, 15B, 15C, Z4A, Z4B, Z4F, Z4G"},"geometry":{"type":"LineString","coordinates":[[-99.08631,19.464992],[-99.089082,19.465319],[-99.090596,19.465561],[-99.092752,19.466342],[-99.095021,19.467219],[-99.096105,19.467592],[-99.096542,19.467792]]}},{"type":"Feature","properties":{"mode":"bus","n":7,"arr":["C15A","C15B","C15C","CZ4A","CZ4B","CZ4F","CZ4G"],"lines":"15A, 15B, 15C, Z4A, Z4B, Z4F, Z4G"},"geometry":{"type":"LineString","coordinates":[[-99.086208,19.465187],[-99.087484,19.465364],[-99.089017,19.465537],[-99.089969,19.465675],[-99.090569,19.465785],[-99.090837,19.465854],[-99.093514,19.46685]]}},{"type":"Feature","properties":{"mode":"bus","n":5,"arr":["C15B","R101-A","R101-B","R101-D","R107-B"],"lines":"15B, 101-A, 101-B, 101-D, 107-B"},"geometry":{"type":"LineString","coordinates":[[-99.120707,19.484818],[-99.12178,19.48255],[-99.121785,19.482535],[-99.121783,19.482522],[-99.121775,19.482512],[-99.12176,19.482505],[-99.119928,19.481871]]}},{"type":"Feature","properties":{"mode":"bus","n":9,"arr":["C15B","CZ4A","CZ4B","CZ4H","CZ4I","CZ4J","CZ4K","R43","T5"],"lines":"15B, Z4A, Z4B, Z4H, Z4I, Z4J, Z4K, 43, 5"},"geometry":{"type":"LineString","coordinates":[[-99.078829,19.475741],[-99.07888,19.47547],[-99.078951,19.473553],[-99.078986,19.473411]]}},{"type":"Feature","properties":{"mode":"bus","n":8,"arr":["C15B","CZ4A","CZ4B","CZ4H","CZ4I","CZ4K","R43","T5"],"lines":"15B, Z4A, Z4B, Z4H, Z4I, Z4K, 43, 5"},"geometry":{"type":"LineString","coordinates":[[-99.076908,19.480778],[-99.077985,19.478011],[-99.078829,19.475741]]}},{"type":"Feature","properties":{"mode":"bus","n":8,"arr":["C15B","CZ4A","CZ4B","CZ4H","CZ4I","CZ4K","R43","T5"],"lines":"15B, Z4A, Z4B, Z4H, Z4I, Z4K, 43, 5"},"geometry":{"type":"LineString","coordinates":[[-99.078175,19.478159],[-99.077873,19.47903],[-99.07713,19.480868]]}},{"type":"Feature","properties":{"mode":"bus","n":7,"arr":["C15B","CZ4A","CZ4B","CZ4H","CZ4I","R43","T5"],"lines":"15B, Z4A, Z4B, Z4H, Z4I, 43, 5"},"geometry":{"type":"LineString","coordinates":[[-99.076454,19.481],[-99.076542,19.481006],[-99.076667,19.480961],[-99.076804,19.480887],[-99.076908,19.480778]]}},{"type":"Feature","properties":{"mode":"bus","n":6,"arr":["C15B","CZ4B","CZ4H","CZ4I","R43","T5"],"lines":"15B, Z4B, Z4H, Z4I, 43, 5"},"geometry":{"type":"LineString","coordinates":[[-99.075878,19.48252],[-99.076454,19.481]]}},{"type":"Feature","properties":{"mode":"bus","n":5,"arr":["C15B","CZ4B","CZ4H","CZ4I","T5"],"lines":"15B, Z4B, Z4H, Z4I, 5"},"geometry":{"type":"LineString","coordinates":[[-99.073857,19.482088],[-99.075878,19.48252]]}},{"type":"Feature","properties":{"mode":"bus","n":5,"arr":["C15B","CZ4B","CZ4H","CZ4I","T5"],"lines":"15B, Z4B, Z4H, Z4I, 5"},"geometry":{"type":"LineString","coordinates":[[-99.07383,19.482169],[-99.076377,19.482728]]}},{"type":"Feature","properties":{"mode":"bus","n":7,"arr":["C15B","CZ4B","CZ4H","CZ4I","CZ4K","R43","T5"],"lines":"15B, Z4B, Z4H, Z4I, Z4K, 43, 5"},"geometry":{"type":"LineString","coordinates":[[-99.076377,19.482728],[-99.07713,19.480868]]}},{"type":"Feature","properties":{"mode":"bus","n":7,"arr":["C15B","CZ4A","CZ4B","CZ4H","CZ4I","CZ4K","T5"],"lines":"15B, Z4A, Z4B, Z4H, Z4I, Z4K, 5"},"geometry":{"type":"LineString","coordinates":[[-99.078175,19.478159],[-99.078919,19.476357],[-99.079096,19.475781]]}},{"type":"Feature","properties":{"mode":"bus","n":8,"arr":["C15B","CZ4A","CZ4B","CZ4H","CZ4I","CZ4J","CZ4K","T5"],"lines":"15B, Z4A, Z4B, Z4H, Z4I, Z4J, Z4K, 5"},"geometry":{"type":"LineString","coordinates":[[-99.079096,19.475781],[-99.079123,19.475594]]}},{"type":"Feature","properties":{"mode":"bus","n":8,"arr":["C15B","CZ4A","CZ4B","CZ4H","CZ4I","CZ4J","CZ4K","T5"],"lines":"15B, Z4A, Z4B, Z4H, Z4I, Z4J, Z4K, 5"},"geometry":{"type":"LineString","coordinates":[[-99.079238,19.473376],[-99.079264,19.473202]]}},{"type":"Feature","properties":{"mode":"bus","n":5,"arr":["C15B","CZ4A","CZ4B","CZ4J","T5"],"lines":"15B, Z4A, Z4B, Z4J, 5"},"geometry":{"type":"LineString","coordinates":[[-99.079123,19.475594],[-99.079174,19.474919],[-99.079213,19.473608],[-99.079238,19.473376]]}},{"type":"Feature","properties":{"mode":"bus","n":7,"arr":["C15B","CZ4A","CZ4B","CZ4I","CZ4J","CZ4K","R43"],"lines":"15B, Z4A, Z4B, Z4I, Z4J, Z4K, 43"},"geometry":{"type":"LineString","coordinates":[[-99.080734,19.46507],[-99.080739,19.465025]]}},{"type":"Feature","properties":{"mode":"bus","n":7,"arr":["C16A","C16B","C20A","C20B","C20C","C20D","R19-A"],"lines":"16A, 16B, 20A, 20B, 20C, 20D, 19-A"},"geometry":{"type":"LineString","coordinates":[[-99.165913,19.44363],[-99.165897,19.443662]]}},{"type":"Feature","properties":{"mode":"bus","n":5,"arr":["C20A","C20B","C20C","C20D","R19-A"],"lines":"20A, 20B, 20C, 20D, 19-A"},"geometry":{"type":"LineString","coordinates":[[-99.173972,19.429611],[-99.173875,19.42976],[-99.173074,19.431426],[-99.172892,19.431726],[-99.171684,19.433607],[-99.171054,19.434544],[-99.170831,19.434915],[-99.170719,19.435046],[-99.170026,19.436109],[-99.169347,19.43723],[-99.168529,19.438518],[-99.167619,19.440444],[-99.166709,19.442302],[-99.165913,19.44363]]}},{"type":"Feature","properties":{"mode":"bus","n":7,"arr":["C16A","C16B","C20A","C20B","C20C","C20D","R200"],"lines":"16A, 16B, 20A, 20B, 20C, 20D, 200"},"geometry":{"type":"LineString","coordinates":[[-99.165594,19.44348],[-99.165621,19.443436]]}},{"type":"Feature","properties":{"mode":"bus","n":8,"arr":["C17A","C17E","C17F","C17G","C17H","C17I","C17J","C17K"],"lines":"17A, 17E, 17F, 17G, 17H, 17I, 17J, 17K"},"geometry":{"type":"LineString","coordinates":[[-99.143178,19.340462],[-99.143438,19.341236],[-99.143594,19.341799],[-99.144821,19.346797],[-99.144846,19.346979]]}},{"type":"Feature","properties":{"mode":"bus","n":9,"arr":["C17A","C17E","C17F","C17G","C17H","C17I","C17J","C17K","C17L"],"lines":"17A, 17E, 17F, 17G, 17H, 17I, 17J, 17K, 17L"},"geometry":{"type":"LineString","coordinates":[[-99.143967,19.356327],[-99.14336,19.359023],[-99.14331,19.359065]]}},{"type":"Feature","properties":{"mode":"bus","n":17,"arr":["C17A","C17B","C17C","C17D","C17E","C17F","C17G","C17H","C17I","C17J","C17K","C17L","R2-A","R31-B","R111-A","R145-A","T9"],"lines":"17A, 17B, 17C, 17D, 17E, 17F, 17G, 17H, 17I, 17J, 17K, 17L, 2-A, 31-B, 111-A, 145-A, 9"},"geometry":{"type":"LineString","coordinates":[[-99.139019,19.38637],[-99.138873,19.387204]]}},{"type":"Feature","properties":{"mode":"bus","n":10,"arr":["C17A","C17B","C17C","C17D","C17E","C17G","C17I","C17J","C17K","R145-A"],"lines":"17A, 17B, 17C, 17D, 17E, 17G, 17I, 17J, 17K, 145-A"},"geometry":{"type":"LineString","coordinates":[[-99.134469,19.424723],[-99.134429,19.425007]]}},{"type":"Feature","properties":{"mode":"bus","n":8,"arr":["C17A","C17B","C17C","C17G","C17I","C17J","C17K","R145-A"],"lines":"17A, 17B, 17C, 17G, 17I, 17J, 17K, 145-A"},"geometry":{"type":"LineString","coordinates":[[-99.134429,19.425007],[-99.134413,19.425071]]}},{"type":"Feature","properties":{"mode":"bus","n":5,"arr":["C17A","C17B","C17C","C17J","C17K"],"lines":"17A, 17B, 17C, 17J, 17K"},"geometry":{"type":"LineString","coordinates":[[-99.134413,19.425071],[-99.133363,19.42497]]}},{"type":"Feature","properties":{"mode":"bus","n":9,"arr":["C17A","C17B","C17C","C17D","C17G","C17I","C17J","C17K","R145-A"],"lines":"17A, 17B, 17C, 17D, 17G, 17I, 17J, 17K, 145-A"},"geometry":{"type":"LineString","coordinates":[[-99.133172,19.42495],[-99.133225,19.424567]]}},{"type":"Feature","properties":{"mode":"bus","n":12,"arr":["C17A","C17B","C17C","C17D","C17E","C17F","C17G","C17H","C17I","C17J","C17K","R145-A"],"lines":"17A, 17B, 17C, 17D, 17E, 17F, 17G, 17H, 17I, 17J, 17K, 145-A"},"geometry":{"type":"LineString","coordinates":[[-99.133225,19.424567],[-99.133406,19.423378],[-99.133567,19.422634],[-99.133667,19.422028]]}},{"type":"Feature","properties":{"mode":"bus","n":14,"arr":["C17A","C17B","C17C","C17D","C17E","C17F","C17G","C17H","C17I","C17J","C17K","C17L","R2-A","R111-A"],"lines":"17A, 17B, 17C, 17D, 17E, 17F, 17G, 17H, 17I, 17J, 17K, 17L, 2-A, 111-A"},"geometry":{"type":"LineString","coordinates":[[-99.139532,19.384475],[-99.139609,19.383963]]}},{"type":"Feature","properties":{"mode":"bus","n":17,"arr":["C17A","C17B","C17C","C17D","C17E","C17F","C17G","C17H","C17I","C17J","C17K","C17L","R2-A","R31-B","R111-A","R116-A","R145-A"],"lines":"17A, 17B, 17C, 17D, 17E, 17F, 17G, 17H, 17I, 17J, 17K, 17L, 2-A, 31-B, 111-A, 116-A, 145-A"},"geometry":{"type":"LineString","coordinates":[[-99.145076,19.353489],[-99.145482,19.352074],[-99.145605,19.351497],[-99.145695,19.350798]]}},{"type":"Feature","properties":{"mode":"bus","n":5,"arr":["C17B","C25B","C25C","C25D","R81-A"],"lines":"17B, 25B, 25C, 25D, 81-A"},"geometry":{"type":"LineString","coordinates":[[-99.103157,19.264206],[-99.104816,19.264522],[-99.106401,19.264864],[-99.106721,19.264885],[-99.106818,19.26488],[-99.106995,19.264828],[-99.107503,19.264516],[-99.1077,19.264482],[-99.112176,19.265451],[-99.115083,19.266046]]}},{"type":"Feature","properties":{"mode":"bus","n":5,"arr":["C17B","C25B","C25C","C25D","R81-A"],"lines":"17B, 25B, 25C, 25D, 81-A"},"geometry":{"type":"LineString","coordinates":[[-99.115305,19.266006],[-99.108014,19.264448]]}},{"type":"Feature","properties":{"mode":"bus","n":6,"arr":["C17B","C25B","C25C","C25D","R31-B","R81-A"],"lines":"17B, 25B, 25C, 25D, 31-B, 81-A"},"geometry":{"type":"LineString","coordinates":[[-99.115083,19.266046],[-99.115187,19.266067]]}},{"type":"Feature","properties":{"mode":"bus","n":5,"arr":["C17B","C17C","C17D","R31-B","R145-A"],"lines":"17B, 17C, 17D, 31-B, 145-A"},"geometry":{"type":"LineString","coordinates":[[-99.127498,19.268708],[-99.127881,19.268921]]}},{"type":"Feature","properties":{"mode":"bus","n":5,"arr":["C17B","C17C","C17D","R31-B","R145-A"],"lines":"17B, 17C, 17D, 31-B, 145-A"},"geometry":{"type":"LineString","coordinates":[[-99.128398,19.269296],[-99.129098,19.269901],[-99.131014,19.271771],[-99.131253,19.272049],[-99.131393,19.272344],[-99.131842,19.27438],[-99.132572,19.275754],[-99.13262,19.276125],[-99.132422,19.277883],[-99.132405,19.278243],[-99.132482,19.278559],[-99.132654,19.278871],[-99.133,19.279214],[-99.134196,19.280231],[-99.134483,19.28033],[-99.137481,19.281055],[-99.13816,19.281603]]}},{"type":"Feature","properties":{"mode":"bus","n":5,"arr":["C17B","C17C","C17D","R31-B","R145-A"],"lines":"17B, 17C, 17D, 31-B, 145-A"},"geometry":{"type":"LineString","coordinates":[[-99.151452,19.298332],[-99.151566,19.29801],[-99.151628,19.297499],[-99.151672,19.297335],[-99.152982,19.29475],[-99.153085,19.294376],[-99.15308,19.294296],[-99.153025,19.294064],[-99.152904,19.293847],[-99.152791,19.29372],[-99.143808,19.28606],[-99.140543,19.283345],[-99.139642,19.282553],[-99.137605,19.280869],[-99.1363,19.279829],[-99.136104,19.27974],[-99.135512,19.279558],[-99.135177,19.279397],[-99.134665,19.279121],[-99.134388,19.27894],[-99.134177,19.27877],[-99.133988,19.278546],[-99.133241,19.277215],[-99.13294,19.276515],[-99.132915,19.276446],[-99.132778,19.275106],[-99.132746,19.274966],[-99.13218,19.273586],[-99.131698,19.272495],[-99.131433,19.272105],[-99.129452,19.270124],[-99.128303,19.269058]]}},{"type":"Feature","properties":{"mode":"bus","n":5,"arr":["C17B","C17C","C17D","R31-B","R145-A"],"lines":"17B, 17C, 17D, 31-B, 145-A"},"geometry":{"type":"LineString","coordinates":[[-99.140542,19.28367],[-99.148869,19.290681],[-99.149841,19.291586],[-99.149989,19.291768],[-99.150132,19.291996],[-99.150418,19.292648],[-99.150535,19.293041],[-99.150585,19.293483],[-99.150586,19.294656],[-99.150524,19.297884],[-99.15046,19.298138],[-99.150356,19.298389],[-99.150043,19.298871]]}},{"type":"Feature","properties":{"mode":"bus","n":7,"arr":["C17B","C17C","C17D","R31-B","R145-A","R300-A","R300-B"],"lines":"17B, 17C, 17D, 31-B, 145-A, 300-A, 300-B"},"geometry":{"type":"LineString","coordinates":[[-99.13816,19.281603],[-99.138598,19.281936],[-99.13946,19.282757],[-99.140542,19.28367]]}},{"type":"Feature","properties":{"mode":"bus","n":6,"arr":["C17B","C25B","C25C","C25D","C25E","R81-A"],"lines":"17B, 25B, 25C, 25D, 25E, 81-A"},"geometry":{"type":"LineString","coordinates":[[-99.108014,19.264448],[-99.106881,19.264201],[-99.106776,19.264213],[-99.105311,19.263882],[-99.105291,19.263874],[-99.105281,19.263859],[-99.105281,19.263839],[-99.105407,19.263248],[-99.105407,19.263228],[-99.105397,19.263213],[-99.105377,19.263205],[-99.104419,19.262991]]}},{"type":"Feature","properties":{"mode":"bus","n":5,"arr":["C17B","C25B","C25C","R81-A","R144"],"lines":"17B, 25B, 25C, 81-A, 144"},"geometry":{"type":"LineString","coordinates":[[-99.104419,19.262991],[-99.103998,19.262893]]}},{"type":"Feature","properties":{"mode":"bus","n":6,"arr":["C17B","C25B","C25C","R81-A","R144","R145"],"lines":"17B, 25B, 25C, 81-A, 144, 145"},"geometry":{"type":"LineString","coordinates":[[-99.103998,19.262893],[-99.10378,19.262844]]}},{"type":"Feature","properties":{"mode":"bus","n":7,"arr":["C17B","C25B","R142","R144","R145","R146","R147"],"lines":"17B, 25B, 142, 144, 145, 146, 147"},"geometry":{"type":"LineString","coordinates":[[-99.10378,19.262844],[-99.103473,19.262782]]}},{"type":"Feature","properties":{"mode":"bus","n":5,"arr":["R142","R144","R145","R146","R147"],"lines":"142, 144, 145, 146, 147"},"geometry":{"type":"LineString","coordinates":[[-99.105122,19.255498],[-99.104222,19.259351],[-99.10375,19.26164]]}},{"type":"Feature","properties":{"mode":"bus","n":5,"arr":["R142","R144","R145","R146","R147"],"lines":"142, 144, 145, 146, 147"},"geometry":{"type":"LineString","coordinates":[[-99.104707,19.261807],[-99.105044,19.260329],[-99.10575,19.256989],[-99.105767,19.256661],[-99.105689,19.256247],[-99.105565,19.255962],[-99.105329,19.255589],[-99.105298,19.255417]]}},{"type":"Feature","properties":{"mode":"bus","n":7,"arr":["C25D","C25E","R142","R144","R145","R146","R147"],"lines":"25D, 25E, 142, 144, 145, 146, 147"},"geometry":{"type":"LineString","coordinates":[[-99.10375,19.26164],[-99.103534,19.262496]]}},{"type":"Feature","properties":{"mode":"bus","n":7,"arr":["C25D","C25E","R142","R144","R145","R146","R147"],"lines":"25D, 25E, 142, 144, 145, 146, 147"},"geometry":{"type":"LineString","coordinates":[[-99.104419,19.262991],[-99.104707,19.261807]]}},{"type":"Feature","properties":{"mode":"bus","n":6,"arr":["C25B","R142","R144","R145","R146","R147"],"lines":"25B, 142, 144, 145, 146, 147"},"geometry":{"type":"LineString","coordinates":[[-99.103473,19.262782],[-99.103534,19.262496]]}},{"type":"Feature","properties":{"mode":"bus","n":5,"arr":["C17C","R144","R145","R146","R147"],"lines":"17C, 144, 145, 146, 147"},"geometry":{"type":"LineString","coordinates":[[-99.105951,19.251446],[-99.105883,19.251779]]}},{"type":"Feature","properties":{"mode":"bus","n":6,"arr":["C17C","R31-B","R144","R145","R146","R147"],"lines":"17C, 31-B, 144, 145, 146, 147"},"geometry":{"type":"LineString","coordinates":[[-99.105883,19.251779],[-99.105122,19.255498]]}},{"type":"Feature","properties":{"mode":"bus","n":7,"arr":["C17C","C25A","C25E","R31-B","R39-B","R47-A","R143"],"lines":"17C, 25A, 25E, 31-B, 39-B, 47-A, 143"},"geometry":{"type":"LineString","coordinates":[[-99.105122,19.255498],[-99.105329,19.255589],[-99.108593,19.256593]]}},{"type":"Feature","properties":{"mode":"bus","n":6,"arr":["C17C","C25A","R31-B","R39-B","R47-A","R143"],"lines":"17C, 25A, 31-B, 39-B, 47-A, 143"},"geometry":{"type":"LineString","coordinates":[[-99.108593,19.256593],[-99.109439,19.256847],[-99.10973,19.25697],[-99.109989,19.257122],[-99.110144,19.25724],[-99.110305,19.257402],[-99.110405,19.25753],[-99.110962,19.258436],[-99.111465,19.259324],[-99.112797,19.261562]]}},{"type":"Feature","properties":{"mode":"bus","n":6,"arr":["C17C","C25A","R31-B","R39-B","R47-A","R143"],"lines":"17C, 25A, 31-B, 39-B, 47-A, 143"},"geometry":{"type":"LineString","coordinates":[[-99.112976,19.26166],[-99.110643,19.257642],[-99.110351,19.257229],[-99.11026,19.257151],[-99.109923,19.256926],[-99.109592,19.256768],[-99.105298,19.255417]]}},{"type":"Feature","properties":{"mode":"bus","n":5,"arr":["C25A","R31-B","R39-B","R47-A","R143"],"lines":"25A, 31-B, 39-B, 47-A, 143"},"geometry":{"type":"LineString","coordinates":[[-99.115192,19.265795],[-99.112797,19.261562]]}},{"type":"Feature","properties":{"mode":"bus","n":5,"arr":["C25A","R31-B","R39-B","R47-A","R143"],"lines":"25A, 31-B, 39-B, 47-A, 143"},"geometry":{"type":"LineString","coordinates":[[-99.114873,19.265034],[-99.112976,19.26166]]}},{"type":"Feature","properties":{"mode":"bus","n":5,"arr":["C25A","C25D","R47-A","R81-A","R143"],"lines":"25A, 25D, 47-A, 81-A, 143"},"geometry":{"type":"LineString","coordinates":[[-99.115363,19.266103],[-99.115305,19.266006]]}},{"type":"Feature","properties":{"mode":"bus","n":5,"arr":["C25A","C25D","R39-B","R47-A","R143"],"lines":"25A, 25D, 39-B, 47-A, 143"},"geometry":{"type":"LineString","coordinates":[[-99.116141,19.2674],[-99.116067,19.26727]]}},{"type":"Feature","properties":{"mode":"bus","n":8,"arr":["C25A","C25B","C25C","C25D","R39-B","R47-A","R81-A","R143"],"lines":"25A, 25B, 25C, 25D, 39-B, 47-A, 81-A, 143"},"geometry":{"type":"LineString","coordinates":[[-99.116141,19.2674],[-99.116368,19.267814]]}},{"type":"Feature","properties":{"mode":"bus","n":8,"arr":["C25A","C25B","C25C","C25D","R39-B","R47-A","R81-A","R143"],"lines":"25A, 25B, 25C, 25D, 39-B, 47-A, 81-A, 143"},"geometry":{"type":"LineString","coordinates":[[-99.116492,19.268016],[-99.118495,19.27152],[-99.119899,19.273912]]}},{"type":"Feature","properties":{"mode":"bus","n":8,"arr":["C25A","C25B","C25C","C25D","R39-B","R47-A","R81-A","R143"],"lines":"25A, 25B, 25C, 25D, 39-B, 47-A, 81-A, 143"},"geometry":{"type":"LineString","coordinates":[[-99.119992,19.273848],[-99.11665,19.268099]]}},{"type":"Feature","properties":{"mode":"bus","n":8,"arr":["C25A","C25B","C25C","C25D","R39-B","R47-A","R81-A","R143"],"lines":"25A, 25B, 25C, 25D, 39-B, 47-A, 81-A, 143"},"geometry":{"type":"LineString","coordinates":[[-99.119979,19.27405],[-99.120348,19.274724],[-99.122332,19.27816],[-99.124535,19.281932],[-99.125183,19.28316]]}},{"type":"Feature","properties":{"mode":"bus","n":8,"arr":["C25A","C25B","C25C","C25D","R39-B","R47-A","R81-A","R143"],"lines":"25A, 25B, 25C, 25D, 39-B, 47-A, 81-A, 143"},"geometry":{"type":"LineString","coordinates":[[-99.127595,19.284503],[-99.1274,19.284211],[-99.127269,19.28409],[-99.127025,19.283934],[-99.126079,19.283537],[-99.125737,19.283369],[-99.125435,19.283147],[-99.125162,19.282835],[-99.120086,19.274011]]}},{"type":"Feature","properties":{"mode":"bus","n":7,"arr":["C25A","C25C","C25D","R39-B","R47-A","R81-A","R143"],"lines":"25A, 25C, 25D, 39-B, 47-A, 81-A, 143"},"geometry":{"type":"LineString","coordinates":[[-99.116368,19.267814],[-99.116492,19.268016]]}},{"type":"Feature","properties":{"mode":"bus","n":10,"arr":["C17C","R31-B","R39-B","R47-A","R142","R143","R144","R145","R146","R147"],"lines":"17C, 31-B, 39-B, 47-A, 142, 143, 144, 145, 146, 147"},"geometry":{"type":"LineString","coordinates":[[-99.105298,19.255417],[-99.105455,19.254532]]}},{"type":"Feature","properties":{"mode":"bus","n":10,"arr":["C17C","R31-B","R39-B","R47-A","R142","R143","R144","R145","R146","R147"],"lines":"17C, 31-B, 39-B, 47-A, 142, 143, 144, 145, 146, 147"},"geometry":{"type":"LineString","coordinates":[[-99.105518,19.254207],[-99.105679,19.253382],[-99.10598,19.252057]]}},{"type":"Feature","properties":{"mode":"bus","n":9,"arr":["C17C","R39-B","R47-A","R142","R143","R144","R145","R146","R147"],"lines":"17C, 39-B, 47-A, 142, 143, 144, 145, 146, 147"},"geometry":{"type":"LineString","coordinates":[[-99.105455,19.254532],[-99.105518,19.254207]]}},{"type":"Feature","properties":{"mode":"bus","n":9,"arr":["R31-B","R39-B","R47-A","R142","R143","R144","R145","R146","R147"],"lines":"31-B, 39-B, 47-A, 142, 143, 144, 145, 146, 147"},"geometry":{"type":"LineString","coordinates":[[-99.10598,19.252057],[-99.106094,19.251489]]}},{"type":"Feature","properties":{"mode":"bus","n":8,"arr":["R39-B","R47-A","R142","R143","R144","R145","R146","R147"],"lines":"39-B, 47-A, 142, 143, 144, 145, 146, 147"},"geometry":{"type":"LineString","coordinates":[[-99.106094,19.251489],[-99.10629,19.250521],[-99.106273,19.250421],[-99.106159,19.250198]]}},{"type":"Feature","properties":{"mode":"bus","n":6,"arr":["C17F","C17G","C17H","C24A","C24B","C24C"],"lines":"17F, 17G, 17H, 24A, 24B, 24C"},"geometry":{"type":"LineString","coordinates":[[-99.138544,19.319457],[-99.138577,19.319684]]}},{"type":"Feature","properties":{"mode":"bus","n":7,"arr":["C17I","C25A","C25B","C25D","R39-B","R81-A","R143"],"lines":"17I, 25A, 25B, 25D, 39-B, 81-A, 143"},"geometry":{"type":"LineString","coordinates":[[-99.126172,19.287484],[-99.126335,19.287334],[-99.126981,19.286985],[-99.127102,19.286849],[-99.127218,19.28661]]}},{"type":"Feature","properties":{"mode":"bus","n":9,"arr":["C17I","C25A","C25B","C25C","C25D","R39-B","R81-A","R143","R162-D"],"lines":"17I, 25A, 25B, 25C, 25D, 39-B, 81-A, 143, 162-D"},"geometry":{"type":"LineString","coordinates":[[-99.125709,19.29279],[-99.125879,19.290915],[-99.126062,19.288491],[-99.126172,19.287484]]}},{"type":"Feature","properties":{"mode":"bus","n":8,"arr":["C17I","C25A","C25B","C25C","C25D","R39-B","R81-A","R143"],"lines":"17I, 25A, 25B, 25C, 25D, 39-B, 81-A, 143"},"geometry":{"type":"LineString","coordinates":[[-99.125624,19.292],[-99.125549,19.292896]]}},{"type":"Feature","properties":{"mode":"bus","n":7,"arr":["C25A","C25B","C25C","C25D","R39-B","R81-A","R143"],"lines":"25A, 25B, 25C, 25D, 39-B, 81-A, 143"},"geometry":{"type":"LineString","coordinates":[[-99.125183,19.28316],[-99.125257,19.283363],[-99.125247,19.283622],[-99.124878,19.284532],[-99.124849,19.284761],[-99.124903,19.285049],[-99.125028,19.285283],[-99.125275,19.285528],[-99.125493,19.285675],[-99.125949,19.28589],[-99.126038,19.285959],[-99.126155,19.286121],[-99.126217,19.286347],[-99.125966,19.28823],[-99.125624,19.292]]}},{"type":"Feature","properties":{"mode":"bus","n":7,"arr":["C25A","C25B","C25C","C25D","R39-B","R81-A","R143"],"lines":"25A, 25B, 25C, 25D, 39-B, 81-A, 143"},"geometry":{"type":"LineString","coordinates":[[-99.125549,19.292896],[-99.125313,19.295174],[-99.125217,19.296461],[-99.124868,19.300304],[-99.124672,19.30213],[-99.124446,19.304571],[-99.123887,19.311344]]}},{"type":"Feature","properties":{"mode":"bus","n":7,"arr":["C25A","C25B","C25C","C25D","R39-B","R81-A","R143"],"lines":"25A, 25B, 25C, 25D, 39-B, 81-A, 143"},"geometry":{"type":"LineString","coordinates":[[-99.124614,19.315262],[-99.124489,19.315089],[-99.124432,19.314947],[-99.124382,19.314631],[-99.123995,19.311322],[-99.123993,19.311154],[-99.124316,19.307793],[-99.124766,19.30266],[-99.125697,19.293178],[-99.125709,19.29279]]}},{"type":"Feature","properties":{"mode":"bus","n":7,"arr":["C17J","R69","R134","R134-A","R134-B","R134-C","R134-D"],"lines":"17J, 69, 134, 134-A, 134-B, 134-C, 134-D"},"geometry":{"type":"LineString","coordinates":[[-99.170851,19.246298],[-99.170913,19.246126],[-99.170916,19.246111],[-99.170913,19.246098],[-99.170904,19.246089],[-99.170888,19.246082],[-99.170823,19.246066],[-99.17081,19.246063],[-99.170801,19.246065],[-99.170796,19.24607],[-99.170794,19.246079],[-99.170796,19.246091],[-99.170984,19.246737],[-99.171115,19.246984],[-99.171311,19.247212],[-99.171466,19.247346],[-99.172001,19.247712],[-99.172133,19.247827],[-99.172241,19.248021],[-99.172366,19.248482],[-99.172457,19.248676],[-99.172619,19.248892],[-99.172826,19.249092],[-99.172976,19.249183],[-99.173691,19.249516],[-99.174174,19.250021],[-99.174568,19.250299],[-99.17501,19.250559],[-99.175191,19.250613],[-99.175402,19.250625],[-99.17597,19.250538],[-99.176138,19.250538],[-99.17629,19.250581],[-99.176421,19.250661],[-99.176481,19.250724],[-99.176563,19.250867],[-99.17688,19.251724],[-99.17693,19.252051],[-99.176895,19.25226],[-99.176821,19.252435],[-99.176402,19.252925],[-99.176309,19.253102],[-99.176268,19.253341],[-99.176319,19.253556],[-99.176396,19.253696],[-99.176534,19.253844],[-99.177445,19.254397],[-99.17761,19.254535],[-99.177657,19.254592],[-99.177705,19.254731],[-99.177738,19.255125],[-99.177794,19.255266],[-99.177873,19.255369],[-99.178224,19.255638],[-99.178398,19.255804],[-99.178459,19.255926],[-99.178484,19.256105]]}},{"type":"Feature","properties":{"mode":"bus","n":7,"arr":["C17J","R69","R134","R134-A","R134-B","R134-C","R134-D"],"lines":"17J, 69, 134, 134-A, 134-B, 134-C, 134-D"},"geometry":{"type":"LineString","coordinates":[[-99.177897,19.256798],[-99.178019,19.256808],[-99.178124,19.25678],[-99.178431,19.256593],[-99.178584,19.25638],[-99.17872,19.256074]]}},{"type":"Feature","properties":{"mode":"bus","n":7,"arr":["C17J","R69","R134","R134-A","R134-B","R134-C","R134-D"],"lines":"17J, 69, 134, 134-A, 134-B, 134-C, 134-D"},"geometry":{"type":"LineString","coordinates":[[-99.176838,19.252404],[-99.176923,19.252419]]}},{"type":"Feature","properties":{"mode":"bus","n":6,"arr":["R69","R134","R134-A","R134-B","R134-C","R134-D"],"lines":"69, 134, 134-A, 134-B, 134-C, 134-D"},"geometry":{"type":"LineString","coordinates":[[-99.157399,19.235282],[-99.157587,19.235635],[-99.15772,19.235772],[-99.157902,19.235864],[-99.158223,19.235963],[-99.158474,19.236073],[-99.158985,19.236459],[-99.15918,19.236659],[-99.159234,19.236759],[-99.159367,19.237299],[-99.159441,19.237461],[-99.160259,19.238992],[-99.160856,19.24023],[-99.161059,19.240511],[-99.161204,19.240609],[-99.161373,19.24067],[-99.161911,19.240678],[-99.162052,19.240699],[-99.162143,19.240735],[-99.162576,19.241],[-99.163821,19.24141],[-99.165632,19.241643],[-99.166055,19.241827],[-99.166374,19.24193],[-99.166994,19.241941],[-99.167101,19.241954],[-99.16735,19.242037],[-99.167559,19.242171],[-99.167779,19.242374],[-99.167935,19.242571],[-99.168356,19.243201],[-99.168973,19.243753],[-99.16962,19.24423],[-99.170449,19.244656],[-99.170562,19.244757],[-99.170671,19.244914],[-99.170699,19.245013],[-99.170713,19.245617],[-99.170786,19.246056]]}},{"type":"Feature","properties":{"mode":"bus","n":6,"arr":["R69","R134","R134-A","R134-B","R134-C","R134-D"],"lines":"69, 134, 134-A, 134-B, 134-C, 134-D"},"geometry":{"type":"LineString","coordinates":[[-99.170449,19.244656],[-99.170442,19.244591]]}},{"type":"Feature","properties":{"mode":"bus","n":6,"arr":["R69","R134","R134-A","R134-B","R134-C","R134-D"],"lines":"69, 134, 134-A, 134-B, 134-C, 134-D"},"geometry":{"type":"LineString","coordinates":[[-99.167559,19.242171],[-99.167628,19.242087]]}},{"type":"Feature","properties":{"mode":"bus","n":6,"arr":["R69","R134","R134-A","R134-B","R134-C","R134-D"],"lines":"69, 134, 134-A, 134-B, 134-C, 134-D"},"geometry":{"type":"LineString","coordinates":[[-99.161071,19.240387],[-99.160951,19.240381]]}},{"type":"Feature","properties":{"mode":"bus","n":6,"arr":["R69","R134","R134-A","R134-B","R134-C","R134-D"],"lines":"69, 134, 134-A, 134-B, 134-C, 134-D"},"geometry":{"type":"LineString","coordinates":[[-99.160259,19.238992],[-99.160275,19.238859],[-99.160221,19.23862],[-99.160206,19.238591],[-99.160177,19.238573],[-99.160009,19.23852]]}},{"type":"Feature","properties":{"mode":"bus","n":6,"arr":["R69","R134","R134-A","R134-B","R134-C","R134-D"],"lines":"69, 134, 134-A, 134-B, 134-C, 134-D"},"geometry":{"type":"LineString","coordinates":[[-99.167458,19.242103],[-99.167453,19.241961]]}},{"type":"Feature","properties":{"mode":"bus","n":7,"arr":["C18A","C19C","C19E","C19G","C19I","R34-A","RL1"],"lines":"18A, 19C, 19E, 19G, 19I, 34-A, L1"},"geometry":{"type":"LineString","coordinates":[[-99.165586,19.422892],[-99.172305,19.421406]]}},{"type":"Feature","properties":{"mode":"bus","n":9,"arr":["C18A","C19C","C19E","C19G","C19I","R19","R19-A","R34-A","RL1"],"lines":"18A, 19C, 19E, 19G, 19I, 19, 19-A, 34-A, L1"},"geometry":{"type":"LineString","coordinates":[[-99.165586,19.422892],[-99.165616,19.42298]]}},{"type":"Feature","properties":{"mode":"bus","n":8,"arr":["C18A","C19C","C19E","C19G","C19I","R19","R19-A","RL1"],"lines":"18A, 19C, 19E, 19G, 19I, 19, 19-A, L1"},"geometry":{"type":"LineString","coordinates":[[-99.165663,19.423116],[-99.165698,19.423216]]}},{"type":"Feature","properties":{"mode":"bus","n":6,"arr":["C18A","C19C","C19E","C19G","C19I","RL1"],"lines":"18A, 19C, 19E, 19G, 19I, L1"},"geometry":{"type":"LineString","coordinates":[[-99.165698,19.423216],[-99.165842,19.423183]]}},{"type":"Feature","properties":{"mode":"bus","n":5,"arr":["C19C","C19E","C19G","C19I","RL1"],"lines":"19C, 19E, 19G, 19I, L1"},"geometry":{"type":"LineString","coordinates":[[-99.165842,19.423183],[-99.167176,19.422893]]}},{"type":"Feature","properties":{"mode":"bus","n":5,"arr":["C18A","C18C","C18D","R57-A","R57-C"],"lines":"18A, 18C, 18D, 57-A, 57-C"},"geometry":{"type":"LineString","coordinates":[[-99.220185,19.454908],[-99.220199,19.454093],[-99.22017,19.453084]]}},{"type":"Feature","properties":{"mode":"bus","n":10,"arr":["C18A","C19C","C19E","C19F","C19G","C21A","C21B","C24A","R13-A","T2"],"lines":"18A, 19C, 19E, 19F, 19G, 21A, 21B, 24A, 13-A, 2"},"geometry":{"type":"LineString","coordinates":[[-99.175412,19.420701],[-99.174538,19.420907]]}},{"type":"Feature","properties":{"mode":"bus","n":7,"arr":["C18A","C19C","C19E","C19F","C19G","C21A","C21B"],"lines":"18A, 19C, 19E, 19F, 19G, 21A, 21B"},"geometry":{"type":"LineString","coordinates":[[-99.174051,19.421019],[-99.174538,19.420907]]}},{"type":"Feature","properties":{"mode":"bus","n":7,"arr":["C19A","C19D","C19H","C23A","C23B","C23C","C23D"],"lines":"19A, 19D, 19H, 23A, 23B, 23C, 23D"},"geometry":{"type":"LineString","coordinates":[[-99.188899,19.457711],[-99.188848,19.457843]]}},{"type":"Feature","properties":{"mode":"bus","n":7,"arr":["C19A","C19D","C19H","C23A","C23B","C23C","C23D"],"lines":"19A, 19D, 19H, 23A, 23B, 23C, 23D"},"geometry":{"type":"LineString","coordinates":[[-99.189487,19.458428],[-99.189167,19.458507],[-99.189025,19.458479]]}},{"type":"Feature","properties":{"mode":"bus","n":5,"arr":["C19A","C19B","C19D","C19G","C19H"],"lines":"19A, 19B, 19D, 19G, 19H"},"geometry":{"type":"LineString","coordinates":[[-99.156503,19.425335],[-99.156476,19.425283]]}},{"type":"Feature","properties":{"mode":"bus","n":10,"arr":["C19A","C19B","C19C","C19D","C19E","C19G","C19H","C19I","R34-A","RL1"],"lines":"19A, 19B, 19C, 19D, 19E, 19G, 19H, 19I, 34-A, L1"},"geometry":{"type":"LineString","coordinates":[[-99.156419,19.425172],[-99.153738,19.425755]]}},{"type":"Feature","properties":{"mode":"bus","n":9,"arr":["C19A","C19B","C19C","C19D","C19E","C19G","C19H","C19I","RL1"],"lines":"19A, 19B, 19C, 19D, 19E, 19G, 19H, 19I, L1"},"geometry":{"type":"LineString","coordinates":[[-99.153738,19.425755],[-99.15358,19.425701]]}},{"type":"Feature","properties":{"mode":"bus","n":8,"arr":["C19A","C19B","C19C","C19D","C19E","C19G","C19H","C19I"],"lines":"19A, 19B, 19C, 19D, 19E, 19G, 19H, 19I"},"geometry":{"type":"LineString","coordinates":[[-99.15358,19.425701],[-99.149619,19.42547],[-99.147681,19.425325],[-99.144796,19.424944]]}},{"type":"Feature","properties":{"mode":"bus","n":8,"arr":["C19A","C19B","C19C","C19D","C19E","C19G","C19H","C19I"],"lines":"19A, 19B, 19C, 19D, 19E, 19G, 19H, 19I"},"geometry":{"type":"LineString","coordinates":[[-99.120311,19.422127],[-99.120247,19.422115],[-99.120217,19.422102],[-99.120197,19.422078],[-99.120143,19.421968],[-99.120061,19.421903],[-99.116843,19.421003],[-99.116748,19.421018],[-99.11629,19.420893],[-99.115177,19.420649],[-99.114843,19.4206],[-99.114121,19.420558],[-99.110345,19.419609],[-99.110011,19.419474],[-99.109691,19.419292],[-99.109492,19.419227],[-99.107578,19.418752]]}},{"type":"Feature","properties":{"mode":"bus","n":8,"arr":["C19A","C19B","C19C","C19D","C19E","C19G","C19H","C19I"],"lines":"19A, 19B, 19C, 19D, 19E, 19G, 19H, 19I"},"geometry":{"type":"LineString","coordinates":[[-99.112214,19.420224],[-99.112491,19.420233],[-99.11377,19.420562],[-99.118915,19.421986],[-99.119286,19.422061],[-99.119908,19.422136],[-99.120212,19.422257],[-99.120521,19.422326],[-99.125671,19.422912]]}},{"type":"Feature","properties":{"mode":"bus","n":8,"arr":["C19A","C19B","C19C","C19D","C19E","C19G","C19H","C19I"],"lines":"19A, 19B, 19C, 19D, 19E, 19G, 19H, 19I"},"geometry":{"type":"LineString","coordinates":[[-99.126416,19.423001],[-99.127611,19.423139],[-99.128252,19.423259]]}},{"type":"Feature","properties":{"mode":"bus","n":8,"arr":["C19A","C19B","C19C","C19D","C19E","C19G","C19H","C19I"],"lines":"19A, 19B, 19C, 19D, 19E, 19G, 19H, 19I"},"geometry":{"type":"LineString","coordinates":[[-99.128063,19.425464],[-99.128009,19.425984]]}},{"type":"Feature","properties":{"mode":"bus","n":8,"arr":["C19A","C19B","C19C","C19D","C19E","C19G","C19H","C19I"],"lines":"19A, 19B, 19C, 19D, 19E, 19G, 19H, 19I"},"geometry":{"type":"LineString","coordinates":[[-99.14389,19.427017],[-99.146143,19.42724]]}},{"type":"Feature","properties":{"mode":"bus","n":8,"arr":["C19A","C19B","C19C","C19D","C19E","C19G","C19H","C19I"],"lines":"19A, 19B, 19C, 19D, 19E, 19G, 19H, 19I"},"geometry":{"type":"LineString","coordinates":[[-99.148985,19.42719],[-99.153327,19.426035]]}},{"type":"Feature","properties":{"mode":"bus","n":9,"arr":["C19A","C19B","C19C","C19D","C19E","C19G","C19H","C19I","C24B"],"lines":"19A, 19B, 19C, 19D, 19E, 19G, 19H, 19I, 24B"},"geometry":{"type":"LineString","coordinates":[[-99.144796,19.424944],[-99.137606,19.424051],[-99.135708,19.423933],[-99.13447,19.423783],[-99.133189,19.423683],[-99.132496,19.4237],[-99.131032,19.423474]]}},{"type":"Feature","properties":{"mode":"bus","n":9,"arr":["C19A","C19B","C19C","C19D","C19E","C19G","C19H","C19I","C24B"],"lines":"19A, 19B, 19C, 19D, 19E, 19G, 19H, 19I, 24B"},"geometry":{"type":"LineString","coordinates":[[-99.128252,19.423259],[-99.128242,19.42372],[-99.128063,19.425464]]}},{"type":"Feature","properties":{"mode":"bus","n":9,"arr":["C19A","C19B","C19C","C19D","C19E","C19G","C19H","C19I","C24B"],"lines":"19A, 19B, 19C, 19D, 19E, 19G, 19H, 19I, 24B"},"geometry":{"type":"LineString","coordinates":[[-99.130805,19.426046],[-99.131123,19.425868],[-99.131401,19.425827],[-99.141307,19.42671],[-99.141677,19.426862],[-99.141996,19.426933]]}},{"type":"Feature","properties":{"mode":"bus","n":9,"arr":["C19A","C19B","C19C","C19D","C19E","C19G","C19H","C19I","C24B"],"lines":"19A, 19B, 19C, 19D, 19E, 19G, 19H, 19I, 24B"},"geometry":{"type":"LineString","coordinates":[[-99.142069,19.42694],[-99.142478,19.426917],[-99.142954,19.426931],[-99.14389,19.427017]]}},{"type":"Feature","properties":{"mode":"bus","n":10,"arr":["C19A","C19B","C19C","C19D","C19E","C19G","C19H","C19I","C24B","CZ4H"],"lines":"19A, 19B, 19C, 19D, 19E, 19G, 19H, 19I, 24B, Z4H"},"geometry":{"type":"LineString","coordinates":[[-99.131032,19.423474],[-99.128659,19.423173],[-99.128232,19.423096]]}},{"type":"Feature","properties":{"mode":"bus","n":10,"arr":["C19A","C19B","C19C","C19D","C19E","C19G","C19H","C19I","C24B","CZ4H"],"lines":"19A, 19B, 19C, 19D, 19E, 19G, 19H, 19I, 24B, Z4H"},"geometry":{"type":"LineString","coordinates":[[-99.128009,19.425984],[-99.128832,19.426136],[-99.13004,19.426275],[-99.130432,19.426225],[-99.130805,19.426046]]}},{"type":"Feature","properties":{"mode":"bus","n":9,"arr":["C19A","C19B","C19C","C19D","C19E","C19G","C19H","C19I","CZ4H"],"lines":"19A, 19B, 19C, 19D, 19E, 19G, 19H, 19I, Z4H"},"geometry":{"type":"LineString","coordinates":[[-99.128232,19.423096],[-99.126082,19.422811]]}},{"type":"Feature","properties":{"mode":"bus","n":11,"arr":["C19A","C19B","C19C","C19D","C19E","C19G","C19H","C19I","CZ4E","CZ4H","R33"],"lines":"19A, 19B, 19C, 19D, 19E, 19G, 19H, 19I, Z4E, Z4H, 33"},"geometry":{"type":"LineString","coordinates":[[-99.126082,19.422811],[-99.125696,19.42276]]}},{"type":"Feature","properties":{"mode":"bus","n":10,"arr":["C19A","C19B","C19C","C19D","C19E","C19G","C19H","C19I","CZ4E","CZ4H"],"lines":"19A, 19B, 19C, 19D, 19E, 19G, 19H, 19I, Z4E, Z4H"},"geometry":{"type":"LineString","coordinates":[[-99.125696,19.42276],[-99.124037,19.422594],[-99.121126,19.42226],[-99.120311,19.422127]]}},{"type":"Feature","properties":{"mode":"bus","n":7,"arr":["C19A","C19B","C19C","C19F","C19G","C19H","C19I"],"lines":"19A, 19B, 19C, 19F, 19G, 19H, 19I"},"geometry":{"type":"LineString","coordinates":[[-99.08077,19.407139],[-99.081624,19.407623],[-99.081637,19.407634],[-99.081644,19.407645],[-99.081644,19.407658],[-99.081637,19.407673],[-99.080631,19.40925]]}},{"type":"Feature","properties":{"mode":"bus","n":5,"arr":["C19A","C19B","C19F","C19G","C19I"],"lines":"19A, 19B, 19F, 19G, 19I"},"geometry":{"type":"LineString","coordinates":[[-99.080631,19.40925],[-99.080096,19.410091],[-99.080007,19.410154],[-99.079941,19.410254],[-99.077539,19.413963],[-99.076814,19.415124]]}},{"type":"Feature","properties":{"mode":"bus","n":5,"arr":["C19A","C19B","C19F","C19I","R168"],"lines":"19A, 19B, 19F, 19I, 168"},"geometry":{"type":"LineString","coordinates":[[-99.074402,19.418088],[-99.074244,19.419412]]}},{"type":"Feature","properties":{"mode":"bus","n":5,"arr":["C19A","C19B","C19F","C19I","R168"],"lines":"19A, 19B, 19F, 19I, 168"},"geometry":{"type":"LineString","coordinates":[[-99.073222,19.419243],[-99.070893,19.418835],[-99.070773,19.418792]]}},{"type":"Feature","properties":{"mode":"bus","n":5,"arr":["C19A","C19B","C19F","C19I","R168"],"lines":"19A, 19B, 19F, 19I, 168"},"geometry":{"type":"LineString","coordinates":[[-99.070946,19.4185],[-99.071078,19.418406],[-99.071224,19.418245],[-99.071525,19.417837],[-99.071596,19.41778],[-99.071855,19.41776],[-99.072535,19.417804]]}},{"type":"Feature","properties":{"mode":"bus","n":5,"arr":["C19A","C19B","C19F","C19I","T2"],"lines":"19A, 19B, 19F, 19I, 2"},"geometry":{"type":"LineString","coordinates":[[-99.072682,19.415814],[-99.072794,19.415644]]}},{"type":"Feature","properties":{"mode":"bus","n":15,"arr":["C19A","C19B","C19C","C19D","C19E","C19F","C19G","C19H","C19I","C22A","C22B","C22C","C22D","R43","R200"],"lines":"19A, 19B, 19C, 19D, 19E, 19F, 19G, 19H, 19I, 22A, 22B, 22C, 22D, 43, 200"},"geometry":{"type":"LineString","coordinates":[[-99.098316,19.417083],[-99.099041,19.416952]]}},{"type":"Feature","properties":{"mode":"bus","n":8,"arr":["C19A","C19B","C19D","C19E","C19F","C19G","C19H","C19I"],"lines":"19A, 19B, 19D, 19E, 19F, 19G, 19H, 19I"},"geometry":{"type":"LineString","coordinates":[[-99.099041,19.416952],[-99.099142,19.417019],[-99.099597,19.417006],[-99.099977,19.417053],[-99.100845,19.417262]]}},{"type":"Feature","properties":{"mode":"bus","n":9,"arr":["C19A","C19B","C19C","C19D","C19E","C19G","C19H","C19I","R33"],"lines":"19A, 19B, 19C, 19D, 19E, 19G, 19H, 19I, 33"},"geometry":{"type":"LineString","coordinates":[[-99.126026,19.422953],[-99.126416,19.423001]]}},{"type":"Feature","properties":{"mode":"bus","n":10,"arr":["C19A","C19B","C19C","C19D","C19E","C19G","C19H","C19I","C24B","T1"],"lines":"19A, 19B, 19C, 19D, 19E, 19G, 19H, 19I, 24B, 1"},"geometry":{"type":"LineString","coordinates":[[-99.141996,19.426933],[-99.142069,19.42694]]}},{"type":"Feature","properties":{"mode":"bus","n":9,"arr":["C19A","C19B","C19C","C19D","C19E","C19G","C19H","C19I","R34-A"],"lines":"19A, 19B, 19C, 19D, 19E, 19G, 19H, 19I, 34-A"},"geometry":{"type":"LineString","coordinates":[[-99.146143,19.42724],[-99.148259,19.427372],[-99.14884,19.427232]]}},{"type":"Feature","properties":{"mode":"bus","n":5,"arr":["C19A","C19C","C19D","C19G","R34-A"],"lines":"19A, 19C, 19D, 19G, 34-A"},"geometry":{"type":"LineString","coordinates":[[-99.14884,19.427232],[-99.148926,19.427259]]}},{"type":"Feature","properties":{"mode":"bus","n":6,"arr":["C19A","C19B","C19C","C19D","C19H","C19I"],"lines":"19A, 19B, 19C, 19D, 19H, 19I"},"geometry":{"type":"LineString","coordinates":[[-99.153327,19.426035],[-99.153601,19.426131]]}},{"type":"Feature","properties":{"mode":"bus","n":8,"arr":["C19A","C19D","C20A","C20B","C20C","C20D","R19-A","R200"],"lines":"19A, 19D, 20A, 20B, 20C, 20D, 19-A, 200"},"geometry":{"type":"LineString","coordinates":[[-99.169324,19.436411],[-99.169364,19.436347]]}},{"type":"Feature","properties":{"mode":"bus","n":6,"arr":["C20A","C20B","C20C","C20D","R19-A","R200"],"lines":"20A, 20B, 20C, 20D, 19-A, 200"},"geometry":{"type":"LineString","coordinates":[[-99.167861,19.439028],[-99.168577,19.437611],[-99.169324,19.436411]]}},{"type":"Feature","properties":{"mode":"bus","n":6,"arr":["C20A","C20B","C20C","C20D","R19-A","R200"],"lines":"20A, 20B, 20C, 20D, 19-A, 200"},"geometry":{"type":"LineString","coordinates":[[-99.169364,19.436347],[-99.171038,19.433763]]}},{"type":"Feature","properties":{"mode":"bus","n":10,"arr":["C19B","C19C","C19D","C19E","C19G","C19H","C19I","CZ4A","CZ4B","R37"],"lines":"19B, 19C, 19D, 19E, 19G, 19H, 19I, Z4A, Z4B, 37"},"geometry":{"type":"LineString","coordinates":[[-99.120311,19.422127],[-99.120322,19.422004]]}},{"type":"Feature","properties":{"mode":"bus","n":7,"arr":["C19B","C19C","C19D","C19E","C19G","C19H","C19I"],"lines":"19B, 19C, 19D, 19E, 19G, 19H, 19I"},"geometry":{"type":"LineString","coordinates":[[-99.107578,19.418752],[-99.107604,19.418647]]}},{"type":"Feature","properties":{"mode":"bus","n":8,"arr":["C19B","C19C","C19D","C19E","C19F","C19G","C19H","C19I"],"lines":"19B, 19C, 19D, 19E, 19F, 19G, 19H, 19I"},"geometry":{"type":"LineString","coordinates":[[-99.107604,19.418647],[-99.105149,19.418035],[-99.102325,19.417281],[-99.10027,19.41677],[-99.099835,19.416683],[-99.099498,19.416663],[-99.099105,19.416688],[-99.098998,19.416759]]}},{"type":"Feature","properties":{"mode":"bus","n":10,"arr":["C19B","C19G","C19I","R162-B","R163","R163-A","R163-B","R164","R166","R167"],"lines":"19B, 19G, 19I, 162-B, 163, 163-A, 163-B, 164, 166, 167"},"geometry":{"type":"LineString","coordinates":[[-99.076501,19.408959],[-99.077086,19.409253]]}},{"type":"Feature","properties":{"mode":"bus","n":6,"arr":["C19C","C19E","C19G","C19I","R34-A","RL1"],"lines":"19C, 19E, 19G, 19I, 34-A, L1"},"geometry":{"type":"LineString","coordinates":[[-99.165616,19.42298],[-99.165242,19.423036],[-99.163975,19.423312],[-99.163264,19.423381],[-99.163086,19.423444],[-99.162379,19.423789],[-99.162165,19.423867],[-99.160222,19.424282],[-99.159091,19.424564],[-99.156419,19.425172]]}},{"type":"Feature","properties":{"mode":"bus","n":6,"arr":["C19C","C19E","C19G","C19I","R34-A","RL1"],"lines":"19C, 19E, 19G, 19I, 34-A, L1"},"geometry":{"type":"LineString","coordinates":[[-99.153674,19.425923],[-99.15534,19.425529],[-99.159137,19.424686],[-99.159578,19.424566],[-99.160117,19.424478],[-99.1623,19.424007],[-99.16337,19.423851],[-99.163575,19.423757],[-99.164916,19.423282],[-99.165663,19.423116]]}},{"type":"Feature","properties":{"mode":"bus","n":6,"arr":["C19C","C19E","C19G","C19I","R34-A","RL1"],"lines":"19C, 19E, 19G, 19I, 34-A, L1"},"geometry":{"type":"LineString","coordinates":[[-99.168688,19.422532],[-99.168341,19.422642],[-99.167176,19.422893]]}},{"type":"Feature","properties":{"mode":"bus","n":5,"arr":["C19C","C19E","C19F","C19I","R59"],"lines":"19C, 19E, 19F, 19I, 59"},"geometry":{"type":"LineString","coordinates":[[-99.17571,19.422513],[-99.176358,19.421366],[-99.17638,19.421198],[-99.176316,19.421015]]}},{"type":"Feature","properties":{"mode":"bus","n":5,"arr":["C19D","C19E","C22C","R46-C","R161-D"],"lines":"19D, 19E, 22C, 46-C, 161-D"},"geometry":{"type":"LineString","coordinates":[[-99.099563,19.372464],[-99.099486,19.372665],[-99.098677,19.374094],[-99.098436,19.374453],[-99.098155,19.3748]]}},{"type":"Feature","properties":{"mode":"bus","n":5,"arr":["C19D","C19E","C22C","R46-C","R161-D"],"lines":"19D, 19E, 22C, 46-C, 161-D"},"geometry":{"type":"LineString","coordinates":[[-99.096734,19.372092],[-99.096733,19.372139],[-99.096735,19.372154],[-99.096744,19.372163],[-99.096759,19.372167],[-99.097231,19.372206],[-99.099298,19.372266]]}},{"type":"Feature","properties":{"mode":"bus","n":5,"arr":["C19D","C19E","C22C","R46-C","R161-D"],"lines":"19D, 19E, 22C, 46-C, 161-D"},"geometry":{"type":"LineString","coordinates":[[-99.095836,19.372496],[-99.095854,19.372078]]}},{"type":"Feature","properties":{"mode":"bus","n":5,"arr":["C19D","C19E","C22C","R46-C","R161-D"],"lines":"19D, 19E, 22C, 46-C, 161-D"},"geometry":{"type":"LineString","coordinates":[[-99.099486,19.372665],[-99.099399,19.372487],[-99.099292,19.372394],[-99.099117,19.372375],[-99.097996,19.372312],[-99.0972,19.372294],[-99.096764,19.372236],[-99.096747,19.372236],[-99.096735,19.372241],[-99.096728,19.372252],[-99.096725,19.372267],[-99.096718,19.372423]]}},{"type":"Feature","properties":{"mode":"bus","n":6,"arr":["C19F","C19G","C21A","C21B","R34-A","RL1"],"lines":"19F, 19G, 21A, 21B, 34-A, L1"},"geometry":{"type":"LineString","coordinates":[[-99.174215,19.421241],[-99.175241,19.421045]]}},{"type":"Feature","properties":{"mode":"bus","n":9,"arr":["C19G","C20A","C20B","C20C","C20D","C21A","C21B","R13-A","R115-A"],"lines":"19G, 20A, 20B, 20C, 20D, 21A, 21B, 13-A, 115-A"},"geometry":{"type":"LineString","coordinates":[[-99.177131,19.420109],[-99.177213,19.419962]]}},{"type":"Feature","properties":{"mode":"bus","n":8,"arr":["C19G","C20A","C20B","C20C","C20D","C21A","R13-A","R115-A"],"lines":"19G, 20A, 20B, 20C, 20D, 21A, 13-A, 115-A"},"geometry":{"type":"LineString","coordinates":[[-99.177109,19.420142],[-99.177131,19.420109]]}},{"type":"Feature","properties":{"mode":"bus","n":5,"arr":["C19G","C21A","C21B","R13-A","R115-A"],"lines":"19G, 21A, 21B, 13-A, 115-A"},"geometry":{"type":"LineString","coordinates":[[-99.17709,19.420164],[-99.176967,19.420224],[-99.176758,19.420227],[-99.176619,19.420265],[-99.176339,19.42048]]}},{"type":"Feature","properties":{"mode":"bus","n":7,"arr":["C19G","R162-B","R163","R163-B","R164","R166","R167"],"lines":"19G, 162-B, 163, 163-B, 164, 166, 167"},"geometry":{"type":"LineString","coordinates":[[-99.071051,19.405842],[-99.072459,19.406644]]}},{"type":"Feature","properties":{"mode":"bus","n":8,"arr":["C19G","R162-B","R163","R163-A","R163-B","R164","R166","R167"],"lines":"19G, 162-B, 163, 163-A, 163-B, 164, 166, 167"},"geometry":{"type":"LineString","coordinates":[[-99.072459,19.406644],[-99.076501,19.408959]]}},{"type":"Feature","properties":{"mode":"bus","n":5,"arr":["C20A","C20B","C20D","R59-A","R200"],"lines":"20A, 20B, 20D, 59-A, 200"},"geometry":{"type":"LineString","coordinates":[[-99.155041,19.463417],[-99.154114,19.463243]]}},{"type":"Feature","properties":{"mode":"bus","n":6,"arr":["C20A","C20B","CZ4F","CZ4G","R200","T4"],"lines":"20A, 20B, Z4F, Z4G, 200, 4"},"geometry":{"type":"LineString","coordinates":[[-99.092147,19.450544],[-99.091648,19.450066]]}},{"type":"Feature","properties":{"mode":"bus","n":5,"arr":["C20A","C20B","R43","R200","T4"],"lines":"20A, 20B, 43, 200, 4"},"geometry":{"type":"LineString","coordinates":[[-99.088009,19.446646],[-99.087795,19.446432],[-99.087622,19.446315],[-99.087547,19.446199],[-99.087353,19.445824],[-99.086876,19.444726]]}},{"type":"Feature","properties":{"mode":"bus","n":5,"arr":["C20A","C20B","R43","R200","T4"],"lines":"20A, 20B, 43, 200, 4"},"geometry":{"type":"LineString","coordinates":[[-99.093361,19.425548],[-99.096096,19.420563]]}},{"type":"Feature","properties":{"mode":"bus","n":5,"arr":["C20A","C20B","C20C","C20D","R115-A"],"lines":"20A, 20B, 20C, 20D, 115-A"},"geometry":{"type":"LineString","coordinates":[[-99.176782,19.425326],[-99.177057,19.424882],[-99.177134,19.42472],[-99.177779,19.423704],[-99.177956,19.423222],[-99.17803,19.422843]]}},{"type":"Feature","properties":{"mode":"bus","n":5,"arr":["C20A","C20B","C20C","C20D","R13-A"],"lines":"20A, 20B, 20C, 20D, 13-A"},"geometry":{"type":"LineString","coordinates":[[-99.179254,19.417013],[-99.180001,19.415668]]}},{"type":"Feature","properties":{"mode":"bus","n":5,"arr":["C21A","C21B","C21C","C21D","R13-A"],"lines":"21A, 21B, 21C, 21D, 13-A"},"geometry":{"type":"LineString","coordinates":[[-99.19157,19.339834],[-99.191485,19.340099],[-99.191001,19.341281],[-99.190697,19.342332]]}},{"type":"Feature","properties":{"mode":"bus","n":5,"arr":["C21A","C21B","C21C","C21D","R13-A"],"lines":"21A, 21B, 21C, 21D, 13-A"},"geometry":{"type":"LineString","coordinates":[[-99.190321,19.343753],[-99.190209,19.34415]]}},{"type":"Feature","properties":{"mode":"bus","n":5,"arr":["C21A","C21B","C21C","C21D","R13-A"],"lines":"21A, 21B, 21C, 21D, 13-A"},"geometry":{"type":"LineString","coordinates":[[-99.190841,19.342347],[-99.191132,19.341254],[-99.191602,19.340102],[-99.191686,19.339838],[-99.192199,19.338649]]}},{"type":"Feature","properties":{"mode":"bus","n":6,"arr":["C21A","C21B","C21C","C21D","CZ2A","R13-A"],"lines":"21A, 21B, 21C, 21D, Z2A, 13-A"},"geometry":{"type":"LineString","coordinates":[[-99.190697,19.342332],[-99.190321,19.343753]]}},{"type":"Feature","properties":{"mode":"bus","n":6,"arr":["C21A","C21B","C21C","C21D","CZ2A","R13-A"],"lines":"21A, 21B, 21C, 21D, Z2A, 13-A"},"geometry":{"type":"LineString","coordinates":[[-99.190209,19.34415],[-99.189913,19.345499],[-99.189895,19.345669],[-99.189918,19.345936],[-99.190174,19.347167]]}},{"type":"Feature","properties":{"mode":"bus","n":6,"arr":["C21A","C21B","C21C","C21D","CZ2A","R13-A"],"lines":"21A, 21B, 21C, 21D, Z2A, 13-A"},"geometry":{"type":"LineString","coordinates":[[-99.190629,19.348582],[-99.190288,19.34694],[-99.190121,19.346241],[-99.190046,19.345862],[-99.19003,19.345662],[-99.190037,19.345516],[-99.190267,19.344444],[-99.190841,19.342347]]}},{"type":"Feature","properties":{"mode":"bus","n":9,"arr":["C21A","C21B","C21C","C21D","CZ2A","R13-A","R116","R116-A","R121-A"],"lines":"21A, 21B, 21C, 21D, Z2A, 13-A, 116, 116-A, 121-A"},"geometry":{"type":"LineString","coordinates":[[-99.190174,19.347167],[-99.190501,19.348693]]}},{"type":"Feature","properties":{"mode":"bus","n":8,"arr":["C21A","C21B","C21D","R13-A","R115-A","R116","R121-A","R124"],"lines":"21A, 21B, 21D, 13-A, 115-A, 116, 121-A, 124"},"geometry":{"type":"LineString","coordinates":[[-99.189053,19.362877],[-99.18885,19.364606]]}},{"type":"Feature","properties":{"mode":"bus","n":7,"arr":["C21A","C21B","R13-A","R115-A","R116","R121-A","R124"],"lines":"21A, 21B, 13-A, 115-A, 116, 121-A, 124"},"geometry":{"type":"LineString","coordinates":[[-99.18885,19.364606],[-99.188234,19.369775],[-99.18814,19.370825],[-99.188016,19.371851],[-99.187944,19.372005],[-99.18759,19.372205]]}},{"type":"Feature","properties":{"mode":"bus","n":6,"arr":["C21A","C21B","R13-A","R115-A","R116","R124"],"lines":"21A, 21B, 13-A, 115-A, 116, 124"},"geometry":{"type":"LineString","coordinates":[[-99.18759,19.372205],[-99.18734,19.372378],[-99.187204,19.372513],[-99.187166,19.37262],[-99.187185,19.372793]]}},{"type":"Feature","properties":{"mode":"bus","n":7,"arr":["C21A","C21B","R13-A","R115-A","R116","R119-B","R124"],"lines":"21A, 21B, 13-A, 115-A, 116, 119-B, 124"},"geometry":{"type":"LineString","coordinates":[[-99.187185,19.372793],[-99.187183,19.372951]]}},{"type":"Feature","properties":{"mode":"bus","n":8,"arr":["C21A","C21B","R1-D","R13-A","R115-A","R116","R119-B","R124"],"lines":"21A, 21B, 1-D, 13-A, 115-A, 116, 119-B, 124"},"geometry":{"type":"LineString","coordinates":[[-99.187183,19.372951],[-99.187167,19.373123]]}},{"type":"Feature","properties":{"mode":"bus","n":10,"arr":["C21A","C21B","R1-D","R13-A","R115-A","R116","R119-B","R124","R200","T13"],"lines":"21A, 21B, 1-D, 13-A, 115-A, 116, 119-B, 124, 200, 13"},"geometry":{"type":"LineString","coordinates":[[-99.187167,19.373123],[-99.187079,19.374625],[-99.187038,19.374829],[-99.186765,19.375707]]}},{"type":"Feature","properties":{"mode":"bus","n":5,"arr":["C21A","C21B","R13-A","R115-A","R200"],"lines":"21A, 21B, 13-A, 115-A, 200"},"geometry":{"type":"LineString","coordinates":[[-99.186765,19.375707],[-99.186276,19.377273],[-99.183609,19.383858],[-99.183082,19.385203],[-99.182701,19.386276],[-99.182645,19.386562],[-99.18199,19.39249],[-99.181802,19.393921],[-99.180479,19.398738],[-99.178431,19.404402],[-99.178004,19.405665],[-99.178075,19.405918],[-99.178677,19.407065],[-99.179228,19.408004]]}},{"type":"Feature","properties":{"mode":"bus","n":8,"arr":["C21A","C21B","CZ2I","CZ2J","R13-A","R112","R115-A","R119"],"lines":"21A, 21B, Z2I, Z2J, 13-A, 112, 115-A, 119"},"geometry":{"type":"LineString","coordinates":[[-99.184781,19.401433],[-99.18501,19.398671],[-99.185865,19.391157]]}},{"type":"Feature","properties":{"mode":"bus","n":6,"arr":["C21A","C21B","R13-A","R112","R115-A","R119"],"lines":"21A, 21B, 13-A, 112, 115-A, 119"},"geometry":{"type":"LineString","coordinates":[[-99.185865,19.391157],[-99.186555,19.385194]]}},{"type":"Feature","properties":{"mode":"bus","n":6,"arr":["C21A","C21B","R13-A","R115-A","R116","T13"],"lines":"21A, 21B, 13-A, 115-A, 116, 13"},"geometry":{"type":"LineString","coordinates":[[-99.187708,19.376135],[-99.187725,19.375975]]}},{"type":"Feature","properties":{"mode":"bus","n":6,"arr":["C21A","C21B","R13-A","R115-A","T3","T13"],"lines":"21A, 21B, 13-A, 115-A, 3, 13"},"geometry":{"type":"LineString","coordinates":[[-99.187725,19.375975],[-99.187753,19.375743]]}},{"type":"Feature","properties":{"mode":"bus","n":7,"arr":["C21A","C21B","CZ2E","R13-A","R115-A","T3","T13"],"lines":"21A, 21B, Z2E, 13-A, 115-A, 3, 13"},"geometry":{"type":"LineString","coordinates":[[-99.187753,19.375743],[-99.187781,19.3755]]}},{"type":"Feature","properties":{"mode":"bus","n":11,"arr":["C21A","C21B","CZ2E","R1-D","R13-A","R115-A","R116","R119-B","R124","R124-A","T13"],"lines":"21A, 21B, Z2E, 1-D, 13-A, 115-A, 116, 119-B, 124, 124-A, 13"},"geometry":{"type":"LineString","coordinates":[[-99.187781,19.3755],[-99.187828,19.375102]]}},{"type":"Feature","properties":{"mode":"bus","n":14,"arr":["C21A","C21B","CZ2E","CZ2F","CZ2G","CZ2H","R1-D","R13-A","R115-A","R116","R119-B","R124","R124-A","T13"],"lines":"21A, 21B, Z2E, Z2F, Z2G, Z2H, 1-D, 13-A, 115-A, 116, 119-B, 124, 124-A, 13"},"geometry":{"type":"LineString","coordinates":[[-99.187828,19.375102],[-99.188106,19.372631]]}},{"type":"Feature","properties":{"mode":"bus","n":15,"arr":["C21A","C21B","C22A","CZ2E","CZ2F","CZ2G","CZ2H","R1-D","R13-A","R115-A","R116","R121-A","R124","R124-A","T13"],"lines":"21A, 21B, 22A, Z2E, Z2F, Z2G, Z2H, 1-D, 13-A, 115-A, 116, 121-A, 124, 124-A, 13"},"geometry":{"type":"LineString","coordinates":[[-99.188106,19.372631],[-99.18812,19.372518]]}},{"type":"Feature","properties":{"mode":"bus","n":12,"arr":["C21A","C21B","CZ2E","CZ2F","CZ2G","CZ2H","R13-A","R115-A","R116","R121-A","R124","R124-A"],"lines":"21A, 21B, Z2E, Z2F, Z2G, Z2H, 13-A, 115-A, 116, 121-A, 124, 124-A"},"geometry":{"type":"LineString","coordinates":[[-99.18812,19.372518],[-99.188231,19.371863],[-99.188538,19.368715],[-99.189178,19.363075]]}},{"type":"Feature","properties":{"mode":"bus","n":6,"arr":["C21A","C21B","R13-A","R116","R121-A","R124"],"lines":"21A, 21B, 13-A, 116, 121-A, 124"},"geometry":{"type":"LineString","coordinates":[[-99.189178,19.363075],[-99.189198,19.36289]]}},{"type":"Feature","properties":{"mode":"bus","n":10,"arr":["C21A","C21B","C21D","CZ2A","CZ2B","CZ2C","CZ2D","R13-A","R116","R121-A"],"lines":"21A, 21B, 21D, Z2A, Z2B, Z2C, Z2D, 13-A, 116, 121-A"},"geometry":{"type":"LineString","coordinates":[[-99.189198,19.36289],[-99.18932,19.361739]]}},{"type":"Feature","properties":{"mode":"bus","n":9,"arr":["C21A","C21B","C21C","C21D","CZ2A","CZ2C","R13-A","R116","R121-A"],"lines":"21A, 21B, 21C, 21D, Z2A, Z2C, 13-A, 116, 121-A"},"geometry":{"type":"LineString","coordinates":[[-99.18932,19.361739],[-99.189361,19.361295]]}},{"type":"Feature","properties":{"mode":"bus","n":8,"arr":["C21A","C21B","C21C","C21D","CZ2A","R13-A","R116","R121-A"],"lines":"21A, 21B, 21C, 21D, Z2A, 13-A, 116, 121-A"},"geometry":{"type":"LineString","coordinates":[[-99.189361,19.361295],[-99.189596,19.359334],[-99.189923,19.356237],[-99.190415,19.352226],[-99.19067,19.349908],[-99.190715,19.349274],[-99.190698,19.348987],[-99.190629,19.348582]]}},{"type":"Feature","properties":{"mode":"bus","n":9,"arr":["C21A","C21C","C21D","R13-A","R34-B","R123-A","R125","R126","R128"],"lines":"21A, 21C, 21D, 13-A, 34-B, 123-A, 125, 126, 128"},"geometry":{"type":"LineString","coordinates":[[-99.192199,19.338649],[-99.192613,19.338488],[-99.192887,19.338425],[-99.193108,19.338411],[-99.193542,19.338502],[-99.193797,19.338507],[-99.19553,19.338124],[-99.195864,19.337994],[-99.196116,19.337849],[-99.196383,19.337679],[-99.196611,19.337447],[-99.196795,19.33733],[-99.196968,19.337266],[-99.198565,19.336928],[-99.199418,19.336674]]}},{"type":"Feature","properties":{"mode":"bus","n":8,"arr":["C21A","C21C","C21D","R13-A","R34-B","R123-A","R126","R128"],"lines":"21A, 21C, 21D, 13-A, 34-B, 123-A, 126, 128"},"geometry":{"type":"LineString","coordinates":[[-99.199418,19.336674],[-99.199717,19.336592]]}},{"type":"Feature","properties":{"mode":"bus","n":7,"arr":["C21A","C21C","C21D","R34-B","R123-A","R126","R128"],"lines":"21A, 21C, 21D, 34-B, 123-A, 126, 128"},"geometry":{"type":"LineString","coordinates":[[-99.199717,19.336592],[-99.200584,19.336361],[-99.200719,19.336292],[-99.201291,19.335861]]}},{"type":"Feature","properties":{"mode":"bus","n":5,"arr":["C21D","R34-B","R123-A","R126","R128"],"lines":"21D, 34-B, 123-A, 126, 128"},"geometry":{"type":"LineString","coordinates":[[-99.201355,19.335798],[-99.201482,19.335668]]}},{"type":"Feature","properties":{"mode":"bus","n":8,"arr":["C21D","CZ2E","CZ2F","CZ2G","CZ2H","R115-A","R124","R124-A"],"lines":"21D, Z2E, Z2F, Z2G, Z2H, 115-A, 124, 124-A"},"geometry":{"type":"LineString","coordinates":[[-99.190548,19.363437],[-99.190222,19.363331],[-99.189178,19.363075]]}},{"type":"Feature","properties":{"mode":"bus","n":7,"arr":["CZ2E","CZ2F","CZ2G","CZ2H","R115-A","R124","R124-A"],"lines":"Z2E, Z2F, Z2G, Z2H, 115-A, 124, 124-A"},"geometry":{"type":"LineString","coordinates":[[-99.190922,19.363545],[-99.190548,19.363437]]}},{"type":"Feature","properties":{"mode":"bus","n":13,"arr":["CZ2A","CZ2B","CZ2C","CZ2D","CZ2E","CZ2F","CZ2G","CZ2H","CZ2I","CZ2J","R115-A","R124","R124-A"],"lines":"Z2A, Z2B, Z2C, Z2D, Z2E, Z2F, Z2G, Z2H, Z2I, Z2J, 115-A, 124, 124-A"},"geometry":{"type":"LineString","coordinates":[[-99.195468,19.363398],[-99.194322,19.363656],[-99.193584,19.363785],[-99.193291,19.363807],[-99.193016,19.363791],[-99.191454,19.363485]]}},{"type":"Feature","properties":{"mode":"bus","n":13,"arr":["C21D","CZ2A","CZ2B","CZ2C","CZ2D","CZ2E","CZ2F","CZ2G","CZ2H","CZ2J","R115-A","R124","R124-A"],"lines":"21D, Z2A, Z2B, Z2C, Z2D, Z2E, Z2F, Z2G, Z2H, Z2J, 115-A, 124, 124-A"},"geometry":{"type":"LineString","coordinates":[[-99.191454,19.363485],[-99.191214,19.363412]]}},{"type":"Feature","properties":{"mode":"bus","n":11,"arr":["C21D","CZ2A","CZ2B","CZ2C","CZ2D","CZ2E","CZ2F","CZ2J","R115-A","R124","R124-A"],"lines":"21D, Z2A, Z2B, Z2C, Z2D, Z2E, Z2F, Z2J, 115-A, 124, 124-A"},"geometry":{"type":"LineString","coordinates":[[-99.191214,19.363412],[-99.190943,19.363332]]}},{"type":"Feature","properties":{"mode":"bus","n":7,"arr":["C21D","CZ2A","CZ2B","CZ2C","CZ2D","R115-A","R124"],"lines":"21D, Z2A, Z2B, Z2C, Z2D, 115-A, 124"},"geometry":{"type":"LineString","coordinates":[[-99.190943,19.363332],[-99.190123,19.363107],[-99.189198,19.36289]]}},{"type":"Feature","properties":{"mode":"bus","n":8,"arr":["C22A","C22B","C22C","C22D","CZ4J","CZ4K","R43","R200"],"lines":"22A, 22B, 22C, 22D, Z4J, Z4K, 43, 200"},"geometry":{"type":"LineString","coordinates":[[-99.096729,19.41945],[-99.096795,19.419332]]}},{"type":"Feature","properties":{"mode":"bus","n":6,"arr":["C22A","C22B","C22C","C22D","R43","R200"],"lines":"22A, 22B, 22C, 22D, 43, 200"},"geometry":{"type":"LineString","coordinates":[[-99.096795,19.419332],[-99.097576,19.417962],[-99.097659,19.417744],[-99.097761,19.417557],[-99.097983,19.417297],[-99.098316,19.417083]]}},{"type":"Feature","properties":{"mode":"bus","n":6,"arr":["C22A","C22B","C22C","C22D","R43","R200"],"lines":"22A, 22B, 22C, 22D, 43, 200"},"geometry":{"type":"LineString","coordinates":[[-99.099041,19.416952],[-99.098189,19.41143],[-99.098137,19.411128],[-99.09798,19.410819],[-99.097904,19.41026],[-99.097905,19.409837],[-99.098029,19.409257],[-99.098017,19.409203],[-99.098074,19.4089],[-99.098073,19.408765],[-99.097666,19.407915],[-99.097603,19.40764],[-99.097601,19.407514],[-99.097744,19.406224],[-99.097795,19.406084],[-99.097884,19.405668],[-99.097955,19.405484],[-99.098319,19.402879]]}},{"type":"Feature","properties":{"mode":"bus","n":5,"arr":["C22A","C22C","C22D","R43","R200"],"lines":"22A, 22C, 22D, 43, 200"},"geometry":{"type":"LineString","coordinates":[[-99.099204,19.396761],[-99.099343,19.39586],[-99.099378,19.395751],[-99.099446,19.39561],[-99.099963,19.394829],[-99.10066,19.388179],[-99.100622,19.386794],[-99.100755,19.385898]]}},{"type":"Feature","properties":{"mode":"bus","n":6,"arr":["C22A","C22C","C22D","R43","R200","T9"],"lines":"22A, 22C, 22D, 43, 200, 9"},"geometry":{"type":"LineString","coordinates":[[-99.100755,19.385898],[-99.100774,19.385764]]}},{"type":"Feature","properties":{"mode":"bus","n":5,"arr":["C22A","C22C","C22D","R200","T9"],"lines":"22A, 22C, 22D, 200, 9"},"geometry":{"type":"LineString","coordinates":[[-99.100774,19.385764],[-99.101558,19.380262]]}},{"type":"Feature","properties":{"mode":"bus","n":5,"arr":["C22A","R1-D","R120","R121-A","R200"],"lines":"22A, 1-D, 120, 121-A, 200"},"geometry":{"type":"LineString","coordinates":[[-99.180604,19.367792],[-99.180588,19.367922]]}},{"type":"Feature","properties":{"mode":"bus","n":5,"arr":["C22A","R1-D","R120","R121-A","T13"],"lines":"22A, 1-D, 120, 121-A, 13"},"geometry":{"type":"LineString","coordinates":[[-99.18759,19.372205],[-99.18657,19.371528],[-99.186485,19.371437],[-99.18474,19.370252],[-99.184622,19.370195],[-99.183123,19.369229],[-99.182894,19.369103],[-99.181684,19.368295],[-99.181528,19.368174],[-99.181278,19.367925],[-99.181088,19.367674],[-99.180992,19.367625],[-99.18087,19.367611]]}},{"type":"Feature","properties":{"mode":"bus","n":6,"arr":["C23A","C23B","C23C","C23D","R57-A","R57-C"],"lines":"23A, 23B, 23C, 23D, 57-A, 57-C"},"geometry":{"type":"LineString","coordinates":[[-99.216213,19.441811],[-99.216048,19.441975]]}},{"type":"Feature","properties":{"mode":"bus","n":5,"arr":["C23A","C23B","C23C","C23D","R18"],"lines":"23A, 23B, 23C, 23D, 18"},"geometry":{"type":"LineString","coordinates":[[-99.196839,19.454407],[-99.193796,19.456532],[-99.192345,19.457477],[-99.191367,19.458215],[-99.190299,19.458951]]}},{"type":"Feature","properties":{"mode":"bus","n":10,"arr":["C24B","C25A","C25B","C25C","C25D","R39-B","R47-A","R81-A","R143","R162-D"],"lines":"24B, 25A, 25B, 25C, 25D, 39-B, 47-A, 81-A, 143, 162-D"},"geometry":{"type":"LineString","coordinates":[[-99.127419,19.285939],[-99.127676,19.285117],[-99.12769,19.284801],[-99.127658,19.284648],[-99.127595,19.284503]]}},{"type":"Feature","properties":{"mode":"bus","n":5,"arr":["C24C","CZ3C","CZ3D","CZ3E","R37"],"lines":"24C, Z3C, Z3D, Z3E, 37"},"geometry":{"type":"LineString","coordinates":[[-99.106928,19.315264],[-99.105213,19.314919],[-99.104669,19.314829],[-99.104469,19.314818],[-99.104194,19.314876],[-99.103714,19.315079],[-99.103698,19.315084],[-99.103684,19.315082],[-99.103673,19.315074],[-99.103664,19.315061],[-99.103401,19.314463],[-99.103349,19.314213],[-99.103476,19.312435],[-99.103562,19.312121],[-99.10369,19.311919],[-99.103924,19.311653],[-99.103932,19.311639],[-99.103934,19.311627],[-99.103929,19.311615],[-99.103918,19.311603],[-99.10339,19.31123],[-99.103154,19.311109],[-99.102896,19.311068],[-99.101069,19.310957]]}},{"type":"Feature","properties":{"mode":"bus","n":8,"arr":["C24C","C25A","C25B","C25C","C25D","R39-B","R81-A","R143"],"lines":"24C, 25A, 25B, 25C, 25D, 39-B, 81-A, 143"},"geometry":{"type":"LineString","coordinates":[[-99.123887,19.311344],[-99.124339,19.315223],[-99.124396,19.315337]]}},{"type":"Feature","properties":{"mode":"bus","n":5,"arr":["C24D","R17-E","R134-C","R134-D","R162-D"],"lines":"24D, 17-E, 134-C, 134-D, 162-D"},"geometry":{"type":"LineString","coordinates":[[-99.145803,19.303058],[-99.14572,19.303078],[-99.145634,19.303066],[-99.145563,19.303028],[-99.145499,19.302938],[-99.145485,19.302888],[-99.145594,19.302514],[-99.145684,19.3024],[-99.145822,19.302315],[-99.145988,19.30228],[-99.146107,19.302291],[-99.147614,19.302914],[-99.147647,19.302943],[-99.147656,19.303052],[-99.147444,19.303384],[-99.147434,19.303396],[-99.147424,19.3034],[-99.147413,19.303396],[-99.147403,19.303385],[-99.147045,19.302885],[-99.147011,19.302801],[-99.146967,19.302627],[-99.146958,19.302462],[-99.147019,19.302165]]}},{"type":"Feature","properties":{"mode":"bus","n":5,"arr":["C24D","R17-E","R134-C","R134-D","R162-D"],"lines":"24D, 17-E, 134-C, 134-D, 162-D"},"geometry":{"type":"LineString","coordinates":[[-99.152054,19.305743],[-99.152666,19.305675],[-99.152682,19.305676],[-99.152692,19.305681],[-99.152695,19.305691],[-99.152693,19.305705],[-99.152672,19.305771]]}},{"type":"Feature","properties":{"mode":"bus","n":5,"arr":["C25E","R39-B","R47-A","R142","R143"],"lines":"25E, 39-B, 47-A, 142, 143"},"geometry":{"type":"LineString","coordinates":[[-99.09937,19.251282],[-99.097271,19.250804],[-99.096458,19.250581],[-99.095076,19.250253]]}},{"type":"Feature","properties":{"mode":"bus","n":5,"arr":["C25E","R39-B","R47-A","R142","R143"],"lines":"25E, 39-B, 47-A, 142, 143"},"geometry":{"type":"LineString","coordinates":[[-99.099581,19.251355],[-99.099477,19.251307]]}},{"type":"Feature","properties":{"mode":"bus","n":5,"arr":["C25E","R39-B","R47-A","R142","R143"],"lines":"25E, 39-B, 47-A, 142, 143"},"geometry":{"type":"LineString","coordinates":[[-99.094816,19.250165],[-99.094609,19.250048]]}},{"type":"Feature","properties":{"mode":"bus","n":6,"arr":["C25A","C25E","R39-B","R47-A","R142","R143"],"lines":"25A, 25E, 39-B, 47-A, 142, 143"},"geometry":{"type":"LineString","coordinates":[[-99.099477,19.251307],[-99.09937,19.251282]]}},{"type":"Feature","properties":{"mode":"bus","n":6,"arr":["C25A","C25E","R39-B","R47-A","R142","R143"],"lines":"25A, 25E, 39-B, 47-A, 142, 143"},"geometry":{"type":"LineString","coordinates":[[-99.105122,19.255498],[-99.104081,19.254722],[-99.100634,19.252023],[-99.100146,19.251673],[-99.099821,19.251467],[-99.099581,19.251355]]}},{"type":"Feature","properties":{"mode":"bus","n":12,"arr":["C25A","C25B","CZ3A","CZ3B","CZ3C","CZ3D","CZ3E","CZ3F","CZ3G","CZ3H","R81-A","R143"],"lines":"25A, 25B, Z3A, Z3B, Z3C, Z3D, Z3E, Z3F, Z3G, Z3H, 81-A, 143"},"geometry":{"type":"LineString","coordinates":[[-99.137511,19.341103],[-99.137515,19.341227]]}},{"type":"Feature","properties":{"mode":"bus","n":6,"arr":["C25A","C25B","C25D","R39-B","R81-A","R143"],"lines":"25A, 25B, 25D, 39-B, 81-A, 143"},"geometry":{"type":"LineString","coordinates":[[-99.127218,19.28661],[-99.127192,19.286566],[-99.127201,19.28647],[-99.127419,19.285939]]}},{"type":"Feature","properties":{"mode":"bus","n":7,"arr":["C25A","C25B","C25C","C25D","R39-B","R47-A","R143"],"lines":"25A, 25B, 25C, 25D, 39-B, 47-A, 143"},"geometry":{"type":"LineString","coordinates":[[-99.11665,19.268099],[-99.11549,19.266128]]}},{"type":"Feature","properties":{"mode":"bus","n":6,"arr":["C25A","C25B","C25C","R39-B","R47-A","R143"],"lines":"25A, 25B, 25C, 39-B, 47-A, 143"},"geometry":{"type":"LineString","coordinates":[[-99.11549,19.266128],[-99.115424,19.266031]]}},{"type":"Feature","properties":{"mode":"bus","n":6,"arr":["C25B","C25E","R39-B","R47-A","R142","R143"],"lines":"25B, 25E, 39-B, 47-A, 142, 143"},"geometry":{"type":"LineString","coordinates":[[-99.095076,19.250253],[-99.094816,19.250165]]}},{"type":"Feature","properties":{"mode":"bus","n":5,"arr":["C25B","C25C","C25D","C25E","R81-A"],"lines":"25B, 25C, 25D, 25E, 81-A"},"geometry":{"type":"LineString","coordinates":[[-99.103534,19.262496],[-99.102791,19.262316],[-99.101165,19.26197],[-99.101148,19.261969],[-99.101135,19.261973],[-99.101126,19.261982],[-99.10112,19.261997],[-99.101055,19.262274]]}},{"type":"Feature","properties":{"mode":"bus","n":5,"arr":["C25C","C25E","R141","R143","R144-C"],"lines":"25C, 25E, 141, 143, 144-C"},"geometry":{"type":"LineString","coordinates":[[-99.022907,19.192791],[-99.022684,19.195658],[-99.022645,19.19653],[-99.022648,19.19655],[-99.02266,19.196564],[-99.022681,19.19657],[-99.023428,19.196656]]}},{"type":"Feature","properties":{"mode":"bus","n":5,"arr":["C25C","C25E","R141","R143","R144-C"],"lines":"25C, 25E, 141, 143, 144-C"},"geometry":{"type":"LineString","coordinates":[[-99.023514,19.196605],[-99.023457,19.196612],[-99.023444,19.196611],[-99.023435,19.196607],[-99.02343,19.196599],[-99.023429,19.196586],[-99.023741,19.192822]]}},{"type":"Feature","properties":{"mode":"bus","n":6,"arr":["C25C","C25D","C25E","R81-A","R142","R143"],"lines":"25C, 25D, 25E, 81-A, 142, 143"},"geometry":{"type":"LineString","coordinates":[[-99.065906,19.254998],[-99.065278,19.255065],[-99.064993,19.255039],[-99.06484,19.254994],[-99.063807,19.254373],[-99.063692,19.254345],[-99.062683,19.253788],[-99.062182,19.253546]]}},{"type":"Feature","properties":{"mode":"bus","n":6,"arr":["C25C","C25D","C25E","R81-A","R142","R143"],"lines":"25C, 25D, 25E, 81-A, 142, 143"},"geometry":{"type":"LineString","coordinates":[[-99.066594,19.255002],[-99.066392,19.25509],[-99.065882,19.255252]]}},{"type":"Feature","properties":{"mode":"bus","n":5,"arr":["CZ1","R23","R27-A","R103","R104"],"lines":"Z1, 23, 27-A, 103, 104"},"geometry":{"type":"LineString","coordinates":[[-99.157879,19.535328],[-99.155887,19.533927],[-99.155632,19.533684],[-99.154865,19.532861],[-99.154747,19.532686],[-99.154677,19.532471],[-99.154693,19.532299],[-99.155133,19.530513],[-99.155295,19.529644],[-99.155451,19.529073],[-99.155603,19.528923]]}},{"type":"Feature","properties":{"mode":"bus","n":5,"arr":["CZ1","R23","R27-A","R103","R104"],"lines":"Z1, 23, 27-A, 103, 104"},"geometry":{"type":"LineString","coordinates":[[-99.156392,19.528212],[-99.156113,19.528405],[-99.155581,19.52872],[-99.155404,19.528896],[-99.155326,19.529022],[-99.155242,19.529233],[-99.155001,19.5304],[-99.154651,19.531889],[-99.154567,19.532285],[-99.154556,19.532507],[-99.154632,19.53273],[-99.154763,19.532937],[-99.155613,19.533907],[-99.15579,19.534049],[-99.156437,19.534447],[-99.157794,19.535389]]}},{"type":"Feature","properties":{"mode":"bus","n":5,"arr":["CZ1","R23","R27-A","R103","R104"],"lines":"Z1, 23, 27-A, 103, 104"},"geometry":{"type":"LineString","coordinates":[[-99.157911,19.535479],[-99.157974,19.535404]]}},{"type":"Feature","properties":{"mode":"bus","n":5,"arr":["CZ1","R101-A","R101-B","R101-D","R104"],"lines":"Z1, 101-A, 101-B, 101-D, 104"},"geometry":{"type":"LineString","coordinates":[[-99.142621,19.519298],[-99.142691,19.519096]]}},{"type":"Feature","properties":{"mode":"bus","n":5,"arr":["CZ1","R101-A","R101-B","R101-D","R104"],"lines":"Z1, 101-A, 101-B, 101-D, 104"},"geometry":{"type":"LineString","coordinates":[[-99.138415,19.508571],[-99.139575,19.50976],[-99.139989,19.51011],[-99.140121,19.510281],[-99.140207,19.510554],[-99.140207,19.510898],[-99.140085,19.511441],[-99.14011,19.511738],[-99.140155,19.511852],[-99.140282,19.512041],[-99.141065,19.512647],[-99.141258,19.512839],[-99.142079,19.514222],[-99.143251,19.516041],[-99.143354,19.516245],[-99.143384,19.516426],[-99.143365,19.516639],[-99.142988,19.517833],[-99.142916,19.518004],[-99.142755,19.518634],[-99.142606,19.518929],[-99.142446,19.519104],[-99.142211,19.519307],[-99.142154,19.519385],[-99.142044,19.519625]]}},{"type":"Feature","properties":{"mode":"bus","n":5,"arr":["CZ1","R101-A","R101-B","R101-D","R104"],"lines":"Z1, 101-A, 101-B, 101-D, 104"},"geometry":{"type":"LineString","coordinates":[[-99.141973,19.519792],[-99.14193,19.519889]]}},{"type":"Feature","properties":{"mode":"bus","n":5,"arr":["CZ1","R101-A","R101-B","R101-D","R104"],"lines":"Z1, 101-A, 101-B, 101-D, 104"},"geometry":{"type":"LineString","coordinates":[[-99.142833,19.518781],[-99.143053,19.518015],[-99.14355,19.516564],[-99.143533,19.516254],[-99.143395,19.515964],[-99.142672,19.51481],[-99.142387,19.514315],[-99.141285,19.512597],[-99.140502,19.51201],[-99.140384,19.511899],[-99.140293,19.511769],[-99.140255,19.511668],[-99.14024,19.511453],[-99.140373,19.510777],[-99.140392,19.510433],[-99.140299,19.510201],[-99.14015,19.509987],[-99.140028,19.509865],[-99.139413,19.509365]]}},{"type":"Feature","properties":{"mode":"bus","n":6,"arr":["CZ1","R101-A","R101-B","R101-D","R104","R107-B"],"lines":"Z1, 101-A, 101-B, 101-D, 104, 107-B"},"geometry":{"type":"LineString","coordinates":[[-99.138492,19.50829],[-99.138374,19.50815],[-99.137348,19.507146],[-99.134624,19.504405],[-99.133834,19.50358],[-99.133538,19.503309],[-99.133404,19.503221],[-99.133264,19.503166],[-99.131708,19.502878]]}},{"type":"Feature","properties":{"mode":"bus","n":6,"arr":["CZ1","R101-A","R101-B","R101-D","R104","R107-B"],"lines":"Z1, 101-A, 101-B, 101-D, 104, 107-B"},"geometry":{"type":"LineString","coordinates":[[-99.132486,19.503206],[-99.132716,19.503278],[-99.133314,19.503386],[-99.135636,19.505761],[-99.13637,19.506466],[-99.137278,19.507425],[-99.138415,19.508571]]}},{"type":"Feature","properties":{"mode":"bus","n":6,"arr":["CZ1","R25","R101-A","R101-B","R101-D","R107-B"],"lines":"Z1, 25, 101-A, 101-B, 101-D, 107-B"},"geometry":{"type":"LineString","coordinates":[[-99.131068,19.503038],[-99.131089,19.502958]]}},{"type":"Feature","properties":{"mode":"bus","n":5,"arr":["CZ1","R101-A","R101-B","R101-D","R107-B"],"lines":"Z1, 101-A, 101-B, 101-D, 107-B"},"geometry":{"type":"LineString","coordinates":[[-99.131068,19.503038],[-99.132294,19.503216],[-99.132486,19.503206]]}},{"type":"Feature","properties":{"mode":"bus","n":8,"arr":["CZ1","R101","R101-A","R101-B","R101-D","R102","R104","R108"],"lines":"Z1, 101, 101-A, 101-B, 101-D, 102, 104, 108"},"geometry":{"type":"LineString","coordinates":[[-99.14193,19.519889],[-99.141899,19.520004]]}},{"type":"Feature","properties":{"mode":"bus","n":8,"arr":["CZ1","R101","R101-A","R101-B","R101-D","R102","R104","R108"],"lines":"Z1, 101, 101-A, 101-B, 101-D, 102, 104, 108"},"geometry":{"type":"LineString","coordinates":[[-99.140248,19.523238],[-99.140262,19.523898],[-99.140312,19.524537]]}},{"type":"Feature","properties":{"mode":"bus","n":7,"arr":["R101","R101-A","R101-B","R101-D","R102","R104","R108"],"lines":"101, 101-A, 101-B, 101-D, 102, 104, 108"},"geometry":{"type":"LineString","coordinates":[[-99.141899,19.520004],[-99.1418,19.520351],[-99.141702,19.520566],[-99.141529,19.520825],[-99.140523,19.521668],[-99.14037,19.521839],[-99.14028,19.522004],[-99.140233,19.522163],[-99.140201,19.522416],[-99.140248,19.523238]]}},{"type":"Feature","properties":{"mode":"bus","n":7,"arr":["CZ1","R101","R101-A","R101-B","R101-D","R102","R108"],"lines":"Z1, 101, 101-A, 101-B, 101-D, 102, 108"},"geometry":{"type":"LineString","coordinates":[[-99.140425,19.524533],[-99.140369,19.523743]]}},{"type":"Feature","properties":{"mode":"bus","n":5,"arr":["CZ2G","CZ2H","CZ2I","CZ2J","R124-A"],"lines":"Z2G, Z2H, Z2I, Z2J, 124-A"},"geometry":{"type":"LineString","coordinates":[[-99.224095,19.36237],[-99.224003,19.362427],[-99.223974,19.362477],[-99.223716,19.36315],[-99.223405,19.363525],[-99.223134,19.363752],[-99.221016,19.364485],[-99.220672,19.364623]]}},{"type":"Feature","properties":{"mode":"bus","n":6,"arr":["CZ2A","CZ2G","CZ2H","CZ2I","CZ2J","R124-A"],"lines":"Z2A, Z2G, Z2H, Z2I, Z2J, 124-A"},"geometry":{"type":"LineString","coordinates":[[-99.220672,19.364623],[-99.220162,19.364867],[-99.220004,19.364919],[-99.219803,19.364925],[-99.219514,19.364873],[-99.218977,19.364734],[-99.218697,19.364723],[-99.217218,19.365119],[-99.216916,19.365223],[-99.216636,19.365354],[-99.216071,19.365656],[-99.21548,19.366062]]}},{"type":"Feature","properties":{"mode":"bus","n":6,"arr":["CZ2A","CZ2G","CZ2H","CZ2I","CZ2J","R124-A"],"lines":"Z2A, Z2G, Z2H, Z2I, Z2J, 124-A"},"geometry":{"type":"LineString","coordinates":[[-99.213625,19.366652],[-99.213494,19.366613],[-99.20953,19.366504],[-99.207501,19.36642]]}},{"type":"Feature","properties":{"mode":"bus","n":7,"arr":["CZ2A","CZ2C","CZ2G","CZ2H","CZ2I","CZ2J","R124-A"],"lines":"Z2A, Z2C, Z2G, Z2H, Z2I, Z2J, 124-A"},"geometry":{"type":"LineString","coordinates":[[-99.206442,19.366527],[-99.213488,19.3667],[-99.213625,19.366652],[-99.213906,19.366638],[-99.214095,19.366602],[-99.21548,19.366062],[-99.215666,19.366017],[-99.216115,19.365732],[-99.216937,19.365315],[-99.218452,19.364864],[-99.218665,19.36484],[-99.218831,19.364846],[-99.219477,19.365013],[-99.219782,19.365027],[-99.220157,19.364957],[-99.220662,19.36472]]}},{"type":"Feature","properties":{"mode":"bus","n":8,"arr":["CZ2A","CZ2B","CZ2G","CZ2H","CZ2I","CZ2J","R124","R124-A"],"lines":"Z2A, Z2B, Z2G, Z2H, Z2I, Z2J, 124, 124-A"},"geometry":{"type":"LineString","coordinates":[[-99.207501,19.36642],[-99.207533,19.365421]]}},{"type":"Feature","properties":{"mode":"bus","n":9,"arr":["CZ2A","CZ2B","CZ2C","CZ2G","CZ2H","CZ2I","CZ2J","R124","R124-A"],"lines":"Z2A, Z2B, Z2C, Z2G, Z2H, Z2I, Z2J, 124, 124-A"},"geometry":{"type":"LineString","coordinates":[[-99.207533,19.365421],[-99.200462,19.365246],[-99.198852,19.365119],[-99.195688,19.364809],[-99.195665,19.364803],[-99.195648,19.364791],[-99.195635,19.364772],[-99.195607,19.364707],[-99.195614,19.364527],[-99.195731,19.364013]]}},{"type":"Feature","properties":{"mode":"bus","n":9,"arr":["CZ2A","CZ2B","CZ2C","CZ2G","CZ2H","CZ2I","CZ2J","R124","R124-A"],"lines":"Z2A, Z2B, Z2C, Z2G, Z2H, Z2I, Z2J, 124, 124-A"},"geometry":{"type":"LineString","coordinates":[[-99.195606,19.365862],[-99.199825,19.366257],[-99.200422,19.366296],[-99.205506,19.366441]]}},{"type":"Feature","properties":{"mode":"bus","n":9,"arr":["CZ2A","CZ2B","CZ2E","CZ2F","CZ2G","CZ2H","CZ2I","CZ2J","R115-A"],"lines":"Z2A, Z2B, Z2E, Z2F, Z2G, Z2H, Z2I, Z2J, 115-A"},"geometry":{"type":"LineString","coordinates":[[-99.19591,19.363197],[-99.195835,19.36347]]}},{"type":"Feature","properties":{"mode":"bus","n":12,"arr":["CZ2A","CZ2B","CZ2C","CZ2E","CZ2F","CZ2G","CZ2H","CZ2I","CZ2J","R115-A","R124","R124-A"],"lines":"Z2A, Z2B, Z2C, Z2E, Z2F, Z2G, Z2H, Z2I, Z2J, 115-A, 124, 124-A"},"geometry":{"type":"LineString","coordinates":[[-99.195731,19.364013],[-99.195835,19.36347]]}},{"type":"Feature","properties":{"mode":"bus","n":5,"arr":["CZ2A","CZ2D","CZ2E","CZ2F","R115-A"],"lines":"Z2A, Z2D, Z2E, Z2F, 115-A"},"geometry":{"type":"LineString","coordinates":[[-99.196101,19.362768],[-99.195949,19.363055],[-99.1958,19.36318],[-99.195468,19.363398]]}},{"type":"Feature","properties":{"mode":"bus","n":8,"arr":["CZ2A","CZ2B","CZ2C","CZ2G","CZ2H","CZ2J","R124","R124-A"],"lines":"Z2A, Z2B, Z2C, Z2G, Z2H, Z2J, 124, 124-A"},"geometry":{"type":"LineString","coordinates":[[-99.195607,19.364707],[-99.195573,19.364801],[-99.1955,19.365814],[-99.195502,19.365835],[-99.195514,19.365848],[-99.195535,19.365854],[-99.195606,19.365862]]}},{"type":"Feature","properties":{"mode":"bus","n":8,"arr":["CZ2A","CZ2C","CZ2G","CZ2H","CZ2I","CZ2J","R124","R124-A"],"lines":"Z2A, Z2C, Z2G, Z2H, Z2I, Z2J, 124, 124-A"},"geometry":{"type":"LineString","coordinates":[[-99.205506,19.366441],[-99.205587,19.366486],[-99.205673,19.366502],[-99.206442,19.366527]]}},{"type":"Feature","properties":{"mode":"bus","n":6,"arr":["CZ2C","CZ2G","CZ2H","CZ2I","CZ2J","R124-A"],"lines":"Z2C, Z2G, Z2H, Z2I, Z2J, 124-A"},"geometry":{"type":"LineString","coordinates":[[-99.220662,19.36472],[-99.220828,19.364629],[-99.223022,19.363874],[-99.223175,19.36381],[-99.223322,19.363717],[-99.223659,19.363367],[-99.223798,19.363174],[-99.224066,19.362455]]}},{"type":"Feature","properties":{"mode":"bus","n":8,"arr":["CZ2B","CZ2C","CZ2G","CZ2H","CZ2I","CZ2J","R124","R124-A"],"lines":"Z2B, Z2C, Z2G, Z2H, Z2I, Z2J, 124, 124-A"},"geometry":{"type":"LineString","coordinates":[[-99.238582,19.355943],[-99.238027,19.355853],[-99.237804,19.355891],[-99.236631,19.356571],[-99.235685,19.357187],[-99.234901,19.357654]]}},{"type":"Feature","properties":{"mode":"bus","n":8,"arr":["CZ2B","CZ2C","CZ2G","CZ2H","CZ2I","CZ2J","R124","R124-A"],"lines":"Z2B, Z2C, Z2G, Z2H, Z2I, Z2J, 124, 124-A"},"geometry":{"type":"LineString","coordinates":[[-99.224738,19.362092],[-99.22547,19.361818],[-99.227332,19.360981],[-99.228712,19.360037],[-99.228875,19.359937],[-99.229122,19.359827],[-99.22931,19.359822],[-99.230005,19.360106],[-99.230279,19.360107],[-99.230445,19.360054]]}},{"type":"Feature","properties":{"mode":"bus","n":8,"arr":["CZ2B","CZ2C","CZ2G","CZ2H","CZ2I","CZ2J","R124","R124-A"],"lines":"Z2B, Z2C, Z2G, Z2H, Z2I, Z2J, 124, 124-A"},"geometry":{"type":"LineString","coordinates":[[-99.234901,19.357654],[-99.234786,19.357667],[-99.23365,19.358327],[-99.231863,19.359141],[-99.231068,19.359525],[-99.230828,19.359693],[-99.230472,19.360029],[-99.230464,19.360038],[-99.230461,19.360045],[-99.230463,19.360049],[-99.23047,19.360052],[-99.230483,19.360052],[-99.230652,19.360043],[-99.230875,19.359976],[-99.231614,19.359467],[-99.231716,19.359343],[-99.231803,19.359284],[-99.233686,19.3584],[-99.234834,19.357733],[-99.234901,19.357654]]}},{"type":"Feature","properties":{"mode":"bus","n":8,"arr":["CZ2B","CZ2C","CZ2G","CZ2H","CZ2I","CZ2J","R124","R124-A"],"lines":"Z2B, Z2C, Z2G, Z2H, Z2I, Z2J, 124, 124-A"},"geometry":{"type":"LineString","coordinates":[[-99.195835,19.36347],[-99.195751,19.363393],[-99.19569,19.363378],[-99.195468,19.363398]]}},{"type":"Feature","properties":{"mode":"bus","n":8,"arr":["CZ2B","CZ2C","CZ2G","CZ2H","CZ2I","CZ2J","R124","R124-A"],"lines":"Z2B, Z2C, Z2G, Z2H, Z2I, Z2J, 124, 124-A"},"geometry":{"type":"LineString","coordinates":[[-99.195663,19.364301],[-99.195537,19.364127]]}},{"type":"Feature","properties":{"mode":"bus","n":7,"arr":["CZ2B","CZ2C","CZ2G","CZ2I","CZ2J","R124","R124-A"],"lines":"Z2B, Z2C, Z2G, Z2I, Z2J, 124, 124-A"},"geometry":{"type":"LineString","coordinates":[[-99.239173,19.356037],[-99.238582,19.355943]]}},{"type":"Feature","properties":{"mode":"bus","n":5,"arr":["CZ2B","CZ2C","CZ2G","R124","R124-A"],"lines":"Z2B, Z2C, Z2G, 124, 124-A"},"geometry":{"type":"LineString","coordinates":[[-99.239339,19.356071],[-99.239173,19.356037]]}},{"type":"Feature","properties":{"mode":"bus","n":7,"arr":["CZ2C","CZ2G","CZ2H","CZ2I","CZ2J","R124","R124-A"],"lines":"Z2C, Z2G, Z2H, Z2I, Z2J, 124, 124-A"},"geometry":{"type":"LineString","coordinates":[[-99.224066,19.362455],[-99.224095,19.36237],[-99.224189,19.362303],[-99.224738,19.362092]]}},{"type":"Feature","properties":{"mode":"bus","n":10,"arr":["CZ2B","CZ2C","CZ2D","CZ2E","CZ2F","CZ2G","CZ2H","R115-A","R124","R124-A"],"lines":"Z2B, Z2C, Z2D, Z2E, Z2F, Z2G, Z2H, 115-A, 124, 124-A"},"geometry":{"type":"LineString","coordinates":[[-99.191273,19.363669],[-99.190922,19.363545]]}},{"type":"Feature","properties":{"mode":"bus","n":9,"arr":["CZ2B","CZ2C","CZ2E","CZ2F","CZ2G","CZ2H","R115-A","R124","R124-A"],"lines":"Z2B, Z2C, Z2E, Z2F, Z2G, Z2H, 115-A, 124, 124-A"},"geometry":{"type":"LineString","coordinates":[[-99.191418,19.363712],[-99.191273,19.363669]]}},{"type":"Feature","properties":{"mode":"bus","n":11,"arr":["CZ2B","CZ2C","CZ2E","CZ2F","CZ2G","CZ2H","CZ2I","CZ2J","R115-A","R124","R124-A"],"lines":"Z2B, Z2C, Z2E, Z2F, Z2G, Z2H, Z2I, Z2J, 115-A, 124, 124-A"},"geometry":{"type":"LineString","coordinates":[[-99.195537,19.364127],[-99.195417,19.364105],[-99.193808,19.364121],[-99.193343,19.364105],[-99.192307,19.363916],[-99.191418,19.363712]]}},{"type":"Feature","properties":{"mode":"bus","n":5,"arr":["CZ2E","CZ2F","CZ2G","CZ2H","R124-A"],"lines":"Z2E, Z2F, Z2G, Z2H, 124-A"},"geometry":{"type":"LineString","coordinates":[[-99.188844,19.375915],[-99.189111,19.375943],[-99.18983,19.375816],[-99.191638,19.376007]]}},{"type":"Feature","properties":{"mode":"bus","n":6,"arr":["CZ2I","CZ2J","R112","R115","R118","R119"],"lines":"Z2I, Z2J, 112, 115, 118, 119"},"geometry":{"type":"LineString","coordinates":[[-99.189758,19.397865],[-99.188896,19.399443]]}},{"type":"Feature","properties":{"mode":"bus","n":6,"arr":["CZ2I","CZ2J","R112","R115","R118","R119"],"lines":"Z2I, Z2J, 112, 115, 118, 119"},"geometry":{"type":"LineString","coordinates":[[-99.188565,19.400003],[-99.18768,19.401495]]}},{"type":"Feature","properties":{"mode":"bus","n":5,"arr":["CZ2I","CZ2J","R112","R115","R118"],"lines":"Z2I, Z2J, 112, 115, 118"},"geometry":{"type":"LineString","coordinates":[[-99.188896,19.399443],[-99.188565,19.400003]]}},{"type":"Feature","properties":{"mode":"bus","n":5,"arr":["CZ3A","CZ3B","R81-A","R143","T7"],"lines":"Z3A, Z3B, 81-A, 143, 7"},"geometry":{"type":"LineString","coordinates":[[-99.137286,19.341075],[-99.137374,19.341087]]}},{"type":"Feature","properties":{"mode":"bus","n":6,"arr":["CZ3A","CZ3B","CZ3G","CZ3H","R81-A","R143"],"lines":"Z3A, Z3B, Z3G, Z3H, 81-A, 143"},"geometry":{"type":"LineString","coordinates":[[-99.137233,19.34538],[-99.137138,19.345374],[-99.137117,19.345369],[-99.137105,19.345356],[-99.137102,19.345336],[-99.137186,19.34394]]}},{"type":"Feature","properties":{"mode":"bus","n":6,"arr":["CZ3A","CZ3B","CZ3G","CZ3H","R81-A","R143"],"lines":"Z3A, Z3B, Z3G, Z3H, 81-A, 143"},"geometry":{"type":"LineString","coordinates":[[-99.140104,19.345004],[-99.140065,19.345479]]}},{"type":"Feature","properties":{"mode":"bus","n":5,"arr":["CZ3C","CZ3D","CZ3E","CZ3F","T12"],"lines":"Z3C, Z3D, Z3E, Z3F, 12"},"geometry":{"type":"LineString","coordinates":[[-99.139924,19.342419],[-99.140762,19.341888],[-99.141087,19.341713]]}},{"type":"Feature","properties":{"mode":"bus","n":5,"arr":["CZ3C","CZ3D","CZ3E","CZ3F","T12"],"lines":"Z3C, Z3D, Z3E, Z3F, 12"},"geometry":{"type":"LineString","coordinates":[[-99.140228,19.343287],[-99.140381,19.343515],[-99.140432,19.343537],[-99.140774,19.343583],[-99.141081,19.343652],[-99.142859,19.343749],[-99.143135,19.343746],[-99.143156,19.343742],[-99.14317,19.34373],[-99.143176,19.34371],[-99.143242,19.342832],[-99.14324,19.34281],[-99.14323,19.342792],[-99.143211,19.342779],[-99.143134,19.34274],[-99.142973,19.342609],[-99.142596,19.342163],[-99.142405,19.342006],[-99.142239,19.341941],[-99.141655,19.341858],[-99.141267,19.341737]]}},{"type":"Feature","properties":{"mode":"bus","n":7,"arr":["CZ3C","CZ3D","CZ3E","CZ3F","CZ3G","CZ3H","R39-B"],"lines":"Z3C, Z3D, Z3E, Z3F, Z3G, Z3H, 39-B"},"geometry":{"type":"LineString","coordinates":[[-99.120685,19.328902],[-99.122515,19.329045],[-99.124291,19.32915]]}},{"type":"Feature","properties":{"mode":"bus","n":7,"arr":["CZ3C","CZ3D","CZ3E","CZ3F","CZ3G","CZ3H","R39-B"],"lines":"Z3C, Z3D, Z3E, Z3F, Z3G, Z3H, 39-B"},"geometry":{"type":"LineString","coordinates":[[-99.124376,19.329373],[-99.120667,19.329074]]}},{"type":"Feature","properties":{"mode":"bus","n":5,"arr":["CZ3D","CZ3F","CZ3G","CZ3H","R39-B"],"lines":"Z3D, Z3F, Z3G, Z3H, 39-B"},"geometry":{"type":"LineString","coordinates":[[-99.11572,19.328506],[-99.117355,19.32864],[-99.118464,19.3287],[-99.120685,19.328902]]}},{"type":"Feature","properties":{"mode":"bus","n":5,"arr":["CZ3D","CZ3F","CZ3G","CZ3H","R39-B"],"lines":"Z3D, Z3F, Z3G, Z3H, 39-B"},"geometry":{"type":"LineString","coordinates":[[-99.11629,19.328724],[-99.115651,19.328666]]}},{"type":"Feature","properties":{"mode":"bus","n":5,"arr":["CZ3D","CZ3F","CZ3G","CZ3H","R39-B"],"lines":"Z3D, Z3F, Z3G, Z3H, 39-B"},"geometry":{"type":"LineString","coordinates":[[-99.120667,19.329074],[-99.116837,19.328774]]}},{"type":"Feature","properties":{"mode":"bus","n":5,"arr":["CZ3C","CZ3D","CZ3E","CZ3F","T7"],"lines":"Z3C, Z3D, Z3E, Z3F, 7"},"geometry":{"type":"LineString","coordinates":[[-99.137389,19.341219],[-99.137515,19.341227]]}},{"type":"Feature","properties":{"mode":"bus","n":5,"arr":["CZ3G","CZ3H","R47-A","R162","T7"],"lines":"Z3G, Z3H, 47-A, 162, 7"},"geometry":{"type":"LineString","coordinates":[[-99.075446,19.318235],[-99.075399,19.318198]]}},{"type":"Feature","properties":{"mode":"bus","n":5,"arr":["CZ3G","CZ3H","R47-A","R57-A","R57-C"],"lines":"Z3G, Z3H, 47-A, 57-A, 57-C"},"geometry":{"type":"LineString","coordinates":[[-99.073545,19.321018],[-99.073877,19.320422],[-99.075168,19.318846],[-99.07588,19.317805]]}},{"type":"Feature","properties":{"mode":"bus","n":6,"arr":["CZ3G","CZ3H","R47-A","R57-A","R57-C","R162"],"lines":"Z3G, Z3H, 47-A, 57-A, 57-C, 162"},"geometry":{"type":"LineString","coordinates":[[-99.073545,19.321018],[-99.072956,19.32181],[-99.071887,19.323074],[-99.069818,19.325641],[-99.06884,19.326889]]}},{"type":"Feature","properties":{"mode":"bus","n":5,"arr":["CZ3G","R47-A","R57-A","R57-C","R162"],"lines":"Z3G, 47-A, 57-A, 57-C, 162"},"geometry":{"type":"LineString","coordinates":[[-99.06884,19.326889],[-99.067637,19.328393]]}},{"type":"Feature","properties":{"mode":"bus","n":5,"arr":["CZ3G","R47-A","R57-A","R57-C","R162"],"lines":"Z3G, 47-A, 57-A, 57-C, 162"},"geometry":{"type":"LineString","coordinates":[[-99.067856,19.328582],[-99.070347,19.325352],[-99.071945,19.323386],[-99.073264,19.321639],[-99.074182,19.32054]]}},{"type":"Feature","properties":{"mode":"bus","n":6,"arr":["CZ4H","CZ4I","CZ4J","CZ4K","R12","R43"],"lines":"Z4H, Z4I, Z4J, Z4K, 12, 43"},"geometry":{"type":"LineString","coordinates":[[-99.078763,19.451135],[-99.079624,19.450677]]}},{"type":"Feature","properties":{"mode":"bus","n":6,"arr":["CZ4H","CZ4I","CZ4J","CZ4K","R11-A","R43"],"lines":"Z4H, Z4I, Z4J, Z4K, 11-A, 43"},"geometry":{"type":"LineString","coordinates":[[-99.07951,19.452311],[-99.079532,19.451953],[-99.079424,19.451603],[-99.078828,19.450561]]}},{"type":"Feature","properties":{"mode":"bus","n":5,"arr":["P1","P2","P3","P4","P5"],"lines":"PUMA1, PUMA2, PUMA3, PUMA4, PUMA5"},"geometry":{"type":"LineString","coordinates":[[-99.174779,19.325581],[-99.174779,19.325618]]}},{"type":"Feature","properties":{"mode":"bus","n":5,"arr":["P1","P2","P3","P4","P5"],"lines":"PUMA1, PUMA2, PUMA3, PUMA4, PUMA5"},"geometry":{"type":"LineString","coordinates":[[-99.178187,19.322374],[-99.17784,19.322441],[-99.177639,19.322531],[-99.176592,19.323625],[-99.176387,19.323924],[-99.176261,19.324262],[-99.176095,19.324458],[-99.175548,19.324876],[-99.175406,19.325023],[-99.175303,19.325162],[-99.175067,19.325672]]}},{"type":"Feature","properties":{"mode":"bus","n":5,"arr":["P1","P2","P3","P4","P5"],"lines":"PUMA1, PUMA2, PUMA3, PUMA4, PUMA5"},"geometry":{"type":"LineString","coordinates":[[-99.177055,19.322407],[-99.177403,19.322228],[-99.177621,19.322157],[-99.177881,19.322113],[-99.178126,19.322103]]}},{"type":"Feature","properties":{"mode":"bus","n":5,"arr":["P1","P5","P7","P9","P13"],"lines":"PUMA1, PUMA5, PUMA7, PUMA9, PUMA13"},"geometry":{"type":"LineString","coordinates":[[-99.18938,19.334475],[-99.189194,19.33453],[-99.187602,19.334727],[-99.182906,19.335262],[-99.182659,19.335152],[-99.182349,19.335063],[-99.181682,19.335033],[-99.179293,19.334278],[-99.178989,19.334174],[-99.178884,19.334106],[-99.178769,19.333934],[-99.178697,19.333756],[-99.178684,19.333625],[-99.17875,19.332327],[-99.178802,19.331908]]}},{"type":"Feature","properties":{"mode":"bus","n":7,"arr":["P1","P6","P7","P8","P9","P11","P13"],"lines":"PUMA1, PUMA6, PUMA7, PUMA8, PUMA9, PUMA11, PUMA13"},"geometry":{"type":"LineString","coordinates":[[-99.189122,19.330604],[-99.189183,19.331038]]}},{"type":"Feature","properties":{"mode":"bus","n":6,"arr":["P2","P4","P6","P8","P9","P13"],"lines":"PUMA2, PUMA4, PUMA6, PUMA8, PUMA9, PUMA13"},"geometry":{"type":"LineString","coordinates":[[-99.182592,19.325065],[-99.182178,19.325464]]}},{"type":"Feature","properties":{"mode":"bus","n":6,"arr":["P2","P4","P6","P8","P9","P13"],"lines":"PUMA2, PUMA4, PUMA6, PUMA8, PUMA9, PUMA13"},"geometry":{"type":"LineString","coordinates":[[-99.182844,19.324823],[-99.18304,19.32463]]}},{"type":"Feature","properties":{"mode":"bus","n":6,"arr":["P2","P4","P6","P8","P9","P13"],"lines":"PUMA2, PUMA4, PUMA6, PUMA8, PUMA9, PUMA13"},"geometry":{"type":"LineString","coordinates":[[-99.183228,19.324455],[-99.183464,19.324252],[-99.183814,19.324049],[-99.185575,19.323145],[-99.185695,19.323108],[-99.186007,19.323089],[-99.186314,19.323138],[-99.187282,19.323404]]}},{"type":"Feature","properties":{"mode":"bus","n":5,"arr":["P2","P4","P8","P9","P13"],"lines":"PUMA2, PUMA4, PUMA8, PUMA9, PUMA13"},"geometry":{"type":"LineString","coordinates":[[-99.182592,19.325065],[-99.182844,19.324823]]}},{"type":"Feature","properties":{"mode":"bus","n":7,"arr":["P2","P4","P6","P8","P9","P11","P13"],"lines":"PUMA2, PUMA4, PUMA6, PUMA8, PUMA9, PUMA11, PUMA13"},"geometry":{"type":"LineString","coordinates":[[-99.187282,19.323404],[-99.187451,19.323511],[-99.187597,19.323658],[-99.187707,19.323911],[-99.187751,19.324128]]}},{"type":"Feature","properties":{"mode":"bus","n":6,"arr":["P4","P6","P8","P9","P11","P13"],"lines":"PUMA4, PUMA6, PUMA8, PUMA9, PUMA11, PUMA13"},"geometry":{"type":"LineString","coordinates":[[-99.187751,19.324128],[-99.18816,19.327039]]}},{"type":"Feature","properties":{"mode":"bus","n":5,"arr":["P4","P6","P10","P11","P13"],"lines":"PUMA4, PUMA6, PUMA10, PUMA11, PUMA13"},"geometry":{"type":"LineString","coordinates":[[-99.189452,19.32493],[-99.189176,19.325073]]}},{"type":"Feature","properties":{"mode":"bus","n":5,"arr":["P6","P8","P9","P11","P13"],"lines":"PUMA6, PUMA8, PUMA9, PUMA11, PUMA13"},"geometry":{"type":"LineString","coordinates":[[-99.18816,19.327039],[-99.188197,19.32734],[-99.18827,19.327536],[-99.188488,19.32783]]}},{"type":"Feature","properties":{"mode":"bus","n":5,"arr":["P6","P8","P9","P11","P13"],"lines":"PUMA6, PUMA8, PUMA9, PUMA11, PUMA13"},"geometry":{"type":"LineString","coordinates":[[-99.188834,19.328325],[-99.188891,19.328486],[-99.188885,19.328664],[-99.189122,19.330604]]}},{"type":"Feature","properties":{"mode":"bus","n":8,"arr":["R1-D","R52-C","R162-B","R163","R163-A","R164","R166","R167"],"lines":"1-D, 52-C, 162-B, 163, 163-A, 164, 166, 167"},"geometry":{"type":"LineString","coordinates":[[-99.008957,19.355038],[-99.00336,19.357263]]}},{"type":"Feature","properties":{"mode":"bus","n":8,"arr":["R1-D","R52-C","R162-B","R163","R163-A","R164","R166","R167"],"lines":"1-D, 52-C, 162-B, 163, 163-A, 164, 166, 167"},"geometry":{"type":"LineString","coordinates":[[-99.008868,19.354832],[-99.007539,19.355371],[-99.006819,19.355695],[-99.004527,19.356608],[-99.003106,19.35716],[-99.002583,19.357329]]}},{"type":"Feature","properties":{"mode":"bus","n":6,"arr":["R1-D","R52-C","R162-B","R163-A","R164","R166"],"lines":"1-D, 52-C, 162-B, 163-A, 164, 166"},"geometry":{"type":"LineString","coordinates":[[-99.01263,19.353522],[-99.008957,19.355038]]}},{"type":"Feature","properties":{"mode":"bus","n":6,"arr":["R1-D","R52-C","R162-B","R163-A","R164","R166"],"lines":"1-D, 52-C, 162-B, 163-A, 164, 166"},"geometry":{"type":"LineString","coordinates":[[-99.012558,19.353328],[-99.009698,19.354523],[-99.008868,19.354832]]}},{"type":"Feature","properties":{"mode":"bus","n":5,"arr":["R1-D","R52-C","R159","R161","R161-C"],"lines":"1-D, 52-C, 159, 161, 161-C"},"geometry":{"type":"LineString","coordinates":[[-99.031725,19.344225],[-99.02536,19.34483]]}},{"type":"Feature","properties":{"mode":"bus","n":5,"arr":["R1-D","R52-C","R159","R161","R161-C"],"lines":"1-D, 52-C, 159, 161, 161-C"},"geometry":{"type":"LineString","coordinates":[[-99.025442,19.3446],[-99.02994,19.344179],[-99.033265,19.34384],[-99.034102,19.343782]]}},{"type":"Feature","properties":{"mode":"bus","n":8,"arr":["R1-D","R52-C","R159","R161","R161-C","R161-D","R161-E","R161-F"],"lines":"1-D, 52-C, 159, 161, 161-C, 161-D, 161-E, 161-F"},"geometry":{"type":"LineString","coordinates":[[-99.049492,19.342534],[-99.052042,19.34228],[-99.053408,19.342187],[-99.053914,19.342186],[-99.054412,19.342214],[-99.055465,19.342415],[-99.05642,19.342772],[-99.058472,19.343662],[-99.060789,19.344753]]}},{"type":"Feature","properties":{"mode":"bus","n":8,"arr":["R1-D","R52-C","R159","R161","R161-C","R161-D","R161-E","R161-F"],"lines":"1-D, 52-C, 159, 161, 161-C, 161-D, 161-E, 161-F"},"geometry":{"type":"LineString","coordinates":[[-99.049104,19.342265],[-99.052995,19.341917],[-99.053979,19.34191],[-99.054477,19.341949],[-99.055041,19.342042],[-99.05555,19.34215],[-99.05635,19.342436],[-99.057281,19.342829],[-99.059948,19.344018],[-99.060813,19.344333]]}},{"type":"Feature","properties":{"mode":"bus","n":11,"arr":["R1-D","R52-C","R57-A","R57-C","R159","R161","R161-C","R161-D","R161-E","R161-F","R162"],"lines":"1-D, 52-C, 57-A, 57-C, 159, 161, 161-C, 161-D, 161-E, 161-F, 162"},"geometry":{"type":"LineString","coordinates":[[-99.060789,19.344753],[-99.060892,19.344802]]}},{"type":"Feature","properties":{"mode":"bus","n":12,"arr":["R1-D","R52-C","R57-A","R57-C","R159","R161","R161-C","R161-D","R161-E","R161-F","R162","T13"],"lines":"1-D, 52-C, 57-A, 57-C, 159, 161, 161-C, 161-D, 161-E, 161-F, 162, 13"},"geometry":{"type":"LineString","coordinates":[[-99.060892,19.344802],[-99.061538,19.345095]]}},{"type":"Feature","properties":{"mode":"bus","n":6,"arr":["R1-D","R116","R119-B","R124","T3","T13"],"lines":"1-D, 116, 119-B, 124, 3, 13"},"geometry":{"type":"LineString","coordinates":[[-99.186765,19.375707],[-99.187725,19.375975],[-99.187776,19.37604],[-99.187839,19.376077]]}},{"type":"Feature","properties":{"mode":"bus","n":5,"arr":["R1-D","R116","R124","T3","T13"],"lines":"1-D, 116, 124, 3, 13"},"geometry":{"type":"LineString","coordinates":[[-99.187839,19.376077],[-99.18792,19.376093]]}},{"type":"Feature","properties":{"mode":"bus","n":5,"arr":["R1-D","R116","R124","R124-A","T13"],"lines":"1-D, 116, 124, 124-A, 13"},"geometry":{"type":"LineString","coordinates":[[-99.188844,19.375915],[-99.188786,19.375744],[-99.188686,19.375655],[-99.188512,19.375632],[-99.188003,19.375663]]}},{"type":"Feature","properties":{"mode":"bus","n":6,"arr":["R1-D","R116","R119-B","R124","R124-A","T13"],"lines":"1-D, 116, 119-B, 124, 124-A, 13"},"geometry":{"type":"LineString","coordinates":[[-99.188003,19.375663],[-99.187972,19.375659]]}},{"type":"Feature","properties":{"mode":"bus","n":7,"arr":["R1-D","R116","R119-B","R124","R124-A","T3","T13"],"lines":"1-D, 116, 119-B, 124, 124-A, 3, 13"},"geometry":{"type":"LineString","coordinates":[[-99.187972,19.375659],[-99.187893,19.375622],[-99.187781,19.3755]]}},{"type":"Feature","properties":{"mode":"bus","n":5,"arr":["R1-D","R52-C","R120","R121-A","T13"],"lines":"1-D, 52-C, 120, 121-A, 13"},"geometry":{"type":"LineString","coordinates":[[-99.167455,19.366423],[-99.167526,19.366309]]}},{"type":"Feature","properties":{"mode":"bus","n":9,"arr":["R1-D","R52-C","R57-A","R57-C","R161-D","R161-E","R161-F","R162","T13"],"lines":"1-D, 52-C, 57-A, 57-C, 161-D, 161-E, 161-F, 162, 13"},"geometry":{"type":"LineString","coordinates":[[-99.065019,19.346312],[-99.065104,19.346361]]}},{"type":"Feature","properties":{"mode":"bus","n":13,"arr":["R1-D","R52-C","R57-A","R57-C","R159","R161","R161-C","R161-D","R161-E","R161-F","R162","R165-A","T13"],"lines":"1-D, 52-C, 57-A, 57-C, 159, 161, 161-C, 161-D, 161-E, 161-F, 162, 165-A, 13"},"geometry":{"type":"LineString","coordinates":[[-99.064547,19.346092],[-99.065019,19.346312]]}},{"type":"Feature","properties":{"mode":"bus","n":13,"arr":["R1-D","R52-C","R57-A","R57-C","R159","R161","R161-C","R161-D","R161-E","R161-F","R162","R165-A","T13"],"lines":"1-D, 52-C, 57-A, 57-C, 159, 161, 161-C, 161-D, 161-E, 161-F, 162, 165-A, 13"},"geometry":{"type":"LineString","coordinates":[[-99.060813,19.344333],[-99.062085,19.344914],[-99.062929,19.34534]]}},{"type":"Feature","properties":{"mode":"bus","n":12,"arr":["R1-D","R52-C","R57-A","R57-C","R159","R161","R161-C","R161-D","R161-E","R161-F","R162","R165-A"],"lines":"1-D, 52-C, 57-A, 57-C, 159, 161, 161-C, 161-D, 161-E, 161-F, 162, 165-A"},"geometry":{"type":"LineString","coordinates":[[-99.062929,19.34534],[-99.064547,19.346092]]}},{"type":"Feature","properties":{"mode":"bus","n":6,"arr":["R1-D","R52-C","R159","R161","R161-C","R161-F"],"lines":"1-D, 52-C, 159, 161, 161-C, 161-F"},"geometry":{"type":"LineString","coordinates":[[-99.034102,19.343782],[-99.035745,19.343598],[-99.037834,19.343417],[-99.042051,19.342977],[-99.042781,19.342929],[-99.045168,19.342709],[-99.047549,19.34246],[-99.049104,19.342265]]}},{"type":"Feature","properties":{"mode":"bus","n":7,"arr":["R1-D","R52-C","R161","R162-B","R163-A","R164","R166"],"lines":"1-D, 52-C, 161, 162-B, 163-A, 164, 166"},"geometry":{"type":"LineString","coordinates":[[-99.014754,19.3524],[-99.012558,19.353328]]}},{"type":"Feature","properties":{"mode":"bus","n":9,"arr":["R1-D","R52-C","R162-B","R163","R163-A","R163-B","R164","R166","R167"],"lines":"1-D, 52-C, 162-B, 163, 163-A, 163-B, 164, 166, 167"},"geometry":{"type":"LineString","coordinates":[[-99.002583,19.357329],[-98.999573,19.358493],[-98.99876,19.358915],[-98.998422,19.359041],[-98.998154,19.359121],[-98.997934,19.359159],[-98.997649,19.359154],[-98.997373,19.359073]]}},{"type":"Feature","properties":{"mode":"bus","n":5,"arr":["R9-C","R76","R76-A","R115","R118"],"lines":"9-C, 76, 76-A, 115, 118"},"geometry":{"type":"LineString","coordinates":[[-99.275722,19.362283],[-99.274662,19.362613],[-99.272917,19.363229],[-99.271176,19.364081],[-99.269112,19.365041],[-99.268622,19.365233],[-99.267565,19.365547],[-99.265702,19.366053],[-99.265249,19.366222],[-99.264844,19.366435],[-99.264532,19.366674],[-99.264253,19.366938],[-99.263541,19.367683],[-99.262982,19.368187],[-99.261972,19.369274]]}},{"type":"Feature","properties":{"mode":"bus","n":5,"arr":["R9-C","R76","R76-A","R115","R118"],"lines":"9-C, 76, 76-A, 115, 118"},"geometry":{"type":"LineString","coordinates":[[-99.27578,19.362434],[-99.273994,19.362986],[-99.273206,19.363257],[-99.270852,19.364355],[-99.269012,19.365282]]}},{"type":"Feature","properties":{"mode":"bus","n":6,"arr":["R9-C","R34-A","R34-B","R115","R118","R300-B"],"lines":"9-C, 34-A, 34-B, 115, 118, 300-B"},"geometry":{"type":"LineString","coordinates":[[-99.260814,19.367398],[-99.262024,19.366152],[-99.263398,19.364968],[-99.263865,19.364459],[-99.26417,19.364013],[-99.264423,19.363689],[-99.264979,19.363174]]}},{"type":"Feature","properties":{"mode":"bus","n":6,"arr":["R9-C","R34-A","R34-B","R115","R118","R300-B"],"lines":"9-C, 34-A, 34-B, 115, 118, 300-B"},"geometry":{"type":"LineString","coordinates":[[-99.259626,19.365217],[-99.258998,19.365964],[-99.25822,19.366768],[-99.257609,19.367057],[-99.257212,19.367173],[-99.256932,19.367335],[-99.256754,19.367508],[-99.256717,19.36772],[-99.256923,19.368186],[-99.25709,19.368425],[-99.25729,19.368641],[-99.257466,19.368755],[-99.25765,19.368842],[-99.257999,19.368918],[-99.258374,19.368897],[-99.258682,19.368831],[-99.259528,19.368565],[-99.259811,19.368387],[-99.260194,19.368055]]}},{"type":"Feature","properties":{"mode":"bus","n":6,"arr":["R9-C","R34-A","R34-B","R115","R118","R300-B"],"lines":"9-C, 34-A, 34-B, 115, 118, 300-B"},"geometry":{"type":"LineString","coordinates":[[-99.263319,19.362197],[-99.265005,19.362703]]}},{"type":"Feature","properties":{"mode":"bus","n":6,"arr":["R9-C","R34-A","R34-B","R115","R118","R300-B"],"lines":"9-C, 34-A, 34-B, 115, 118, 300-B"},"geometry":{"type":"LineString","coordinates":[[-99.261754,19.362151],[-99.261167,19.363132],[-99.260715,19.363827],[-99.259947,19.364808]]}},{"type":"Feature","properties":{"mode":"bus","n":6,"arr":["R9-C","R34-A","R76","R76-A","R115","R118"],"lines":"9-C, 34-A, 76, 76-A, 115, 118"},"geometry":{"type":"LineString","coordinates":[[-99.261045,19.370536],[-99.260327,19.37153],[-99.2597,19.37225],[-99.259154,19.372823]]}},{"type":"Feature","properties":{"mode":"bus","n":6,"arr":["R13-A","R34-B","R123-A","R125","R126","R128"],"lines":"13-A, 34-B, 123-A, 125, 126, 128"},"geometry":{"type":"LineString","coordinates":[[-99.199595,19.333836],[-99.199172,19.334325],[-99.198765,19.334911],[-99.198641,19.335048],[-99.198299,19.335317],[-99.197976,19.335469],[-99.195675,19.335983],[-99.193809,19.336464],[-99.193181,19.3366],[-99.191556,19.336845],[-99.191354,19.336826],[-99.191095,19.33673]]}},{"type":"Feature","properties":{"mode":"bus","n":5,"arr":["R34-B","R123-A","R125","R126","R128"],"lines":"34-B, 123-A, 125, 126, 128"},"geometry":{"type":"LineString","coordinates":[[-99.191095,19.33673],[-99.190972,19.336671],[-99.190799,19.336694],[-99.190468,19.336619],[-99.189913,19.33663]]}},{"type":"Feature","properties":{"mode":"bus","n":5,"arr":["R34-B","R123-A","R125","R126","R128"],"lines":"34-B, 123-A, 125, 126, 128"},"geometry":{"type":"LineString","coordinates":[[-99.189935,19.338528],[-99.190471,19.338724],[-99.190627,19.338755],[-99.191842,19.338739],[-99.192058,19.338702],[-99.192199,19.338649]]}},{"type":"Feature","properties":{"mode":"bus","n":10,"arr":["R17-E","R69","R111-A","R131","R132","R134","R134-A","R134-B","R134-C","R134-D"],"lines":"17-E, 69, 111-A, 131, 132, 134, 134-A, 134-B, 134-C, 134-D"},"geometry":{"type":"LineString","coordinates":[[-99.165134,19.274328],[-99.166833,19.277556]]}},{"type":"Feature","properties":{"mode":"bus","n":5,"arr":["R19","R19-A","R59","R59-A","R107"],"lines":"19, 19-A, 59, 59-A, 107"},"geometry":{"type":"LineString","coordinates":[[-99.200854,19.503872],[-99.200987,19.503455],[-99.200989,19.503423],[-99.200973,19.503394],[-99.200808,19.50322],[-99.200792,19.503191],[-99.200794,19.503159],[-99.201347,19.50145],[-99.201319,19.501348],[-99.201251,19.501247],[-99.20118,19.50119]]}},{"type":"Feature","properties":{"mode":"bus","n":5,"arr":["R23","R27-A","R103","R104","R108"],"lines":"23, 27-A, 103, 104, 108"},"geometry":{"type":"LineString","coordinates":[[-99.1539,19.540309],[-99.153943,19.540235]]}},{"type":"Feature","properties":{"mode":"bus","n":5,"arr":["R23","R27-A","R103","R104","R108"],"lines":"23, 27-A, 103, 104, 108"},"geometry":{"type":"LineString","coordinates":[[-99.153742,19.540098],[-99.152759,19.539457]]}},{"type":"Feature","properties":{"mode":"bus","n":5,"arr":["R34-A","R110","R110-B","R110-C","R113-B"],"lines":"34-A, 110, 110-B, 110-C, 113-B"},"geometry":{"type":"LineString","coordinates":[[-99.213189,19.399514],[-99.213938,19.399139],[-99.215024,19.398697],[-99.2181,19.397689],[-99.221664,19.39661],[-99.222599,19.39624],[-99.223571,19.395903],[-99.224231,19.395775],[-99.225016,19.395692],[-99.225662,19.395711],[-99.226881,19.395862],[-99.227389,19.395836],[-99.229818,19.395347],[-99.231049,19.39495],[-99.231247,19.394917],[-99.232269,19.394978],[-99.232563,19.39496],[-99.233054,19.3948],[-99.233659,19.394528],[-99.235712,19.393713],[-99.236038,19.39362],[-99.236266,19.393606],[-99.237218,19.393645],[-99.237527,19.393614],[-99.238011,19.393508],[-99.238342,19.393358],[-99.23857,19.393206],[-99.238845,19.392976]]}},{"type":"Feature","properties":{"mode":"bus","n":5,"arr":["R34-A","R110","R110-B","R110-C","R113-B"],"lines":"34-A, 110, 110-B, 110-C, 113-B"},"geometry":{"type":"LineString","coordinates":[[-99.237905,19.393392],[-99.237649,19.393499],[-99.237332,19.393544],[-99.236994,19.393537],[-99.236417,19.393482],[-99.235996,19.393513],[-99.235597,19.393631],[-99.233037,19.394692],[-99.232656,19.394825],[-99.232391,19.394866],[-99.23143,19.394805],[-99.231038,19.394832],[-99.230872,19.394866],[-99.229799,19.395238],[-99.227392,19.395735],[-99.226977,19.395766],[-99.2259,19.395636],[-99.225116,19.395598],[-99.224422,19.395641],[-99.223429,19.395813],[-99.220903,19.396713],[-99.219515,19.397103],[-99.216653,19.398019],[-99.214948,19.398591],[-99.21398,19.399005],[-99.212398,19.399818]]}},{"type":"Feature","properties":{"mode":"bus","n":5,"arr":["R34-A","R76","R76-A","R115","R118"],"lines":"34-A, 76, 76-A, 115, 118"},"geometry":{"type":"LineString","coordinates":[[-99.259154,19.372823],[-99.259091,19.372892]]}},{"type":"Feature","properties":{"mode":"bus","n":6,"arr":["R34-B","R123-A","R125","R126","R128","T7"],"lines":"34-B, 123-A, 125, 126, 128, 7"},"geometry":{"type":"LineString","coordinates":[[-99.189488,19.336653],[-99.187327,19.336847],[-99.184959,19.337126],[-99.184212,19.337267],[-99.183869,19.337382]]}},{"type":"Feature","properties":{"mode":"bus","n":6,"arr":["R34-B","R123-A","R125","R126","R128","T7"],"lines":"34-B, 123-A, 125, 126, 128, 7"},"geometry":{"type":"LineString","coordinates":[[-99.184092,19.337519],[-99.184402,19.337541],[-99.184971,19.337725],[-99.186114,19.337945],[-99.189935,19.338528]]}},{"type":"Feature","properties":{"mode":"bus","n":5,"arr":["R34-B","R123-A","R125","R128","T7"],"lines":"34-B, 123-A, 125, 128, 7"},"geometry":{"type":"LineString","coordinates":[[-99.183869,19.337545],[-99.184092,19.337519]]}},{"type":"Feature","properties":{"mode":"bus","n":5,"arr":["R46-C","R162-B","R163-A","R164","R166"],"lines":"46-C, 162-B, 163-A, 164, 166"},"geometry":{"type":"LineString","coordinates":[[-99.011845,19.351168],[-99.008459,19.350494],[-99.006986,19.350254],[-99.006378,19.350112],[-99.005171,19.349879]]}},{"type":"Feature","properties":{"mode":"bus","n":6,"arr":["R46-C","R161","R162-B","R163-A","R164","R166"],"lines":"46-C, 161, 162-B, 163-A, 164, 166"},"geometry":{"type":"LineString","coordinates":[[-99.014754,19.3524],[-99.012806,19.351381],[-99.012503,19.351286],[-99.011845,19.351168]]}},{"type":"Feature","properties":{"mode":"bus","n":9,"arr":["R57-A","R57-C","R159","R161","R161-C","R161-E","R161-F","R162","T13"],"lines":"57-A, 57-C, 159, 161, 161-C, 161-E, 161-F, 162, 13"},"geometry":{"type":"LineString","coordinates":[[-99.061869,19.345395],[-99.061799,19.345301],[-99.061538,19.345095]]}},{"type":"Feature","properties":{"mode":"bus","n":8,"arr":["R57-A","R57-C","R159","R161","R161-C","R161-E","R161-F","R162"],"lines":"57-A, 57-C, 159, 161, 161-C, 161-E, 161-F, 162"},"geometry":{"type":"LineString","coordinates":[[-99.061139,19.345204],[-99.061135,19.345576],[-99.06116,19.345679],[-99.06128,19.345835],[-99.061407,19.345895],[-99.061506,19.345903],[-99.061637,19.345881],[-99.061804,19.345791],[-99.061867,19.345713],[-99.0619,19.345619],[-99.061902,19.345517],[-99.061869,19.345395]]}},{"type":"Feature","properties":{"mode":"bus","n":5,"arr":["R57-A","R57-C","R161-F","R162","T13"],"lines":"57-A, 57-C, 161-F, 162, 13"},"geometry":{"type":"LineString","coordinates":[[-99.061869,19.345395],[-99.061899,19.345416]]}},{"type":"Feature","properties":{"mode":"bus","n":9,"arr":["R57-A","R57-C","R159","R161","R161-C","R161-E","R161-F","R162","R165-A"],"lines":"57-A, 57-C, 159, 161, 161-C, 161-E, 161-F, 162, 165-A"},"geometry":{"type":"LineString","coordinates":[[-99.06243,19.344283],[-99.062277,19.343913],[-99.062225,19.343836],[-99.062097,19.343744],[-99.061918,19.343702],[-99.061737,19.343727],[-99.061601,19.343801],[-99.061543,19.343869],[-99.061437,19.344109],[-99.061364,19.3442]]}},{"type":"Feature","properties":{"mode":"bus","n":8,"arr":["R57-A","R57-C","R159","R161","R161-C","R161-E","R162","R165-A"],"lines":"57-A, 57-C, 159, 161, 161-C, 161-E, 162, 165-A"},"geometry":{"type":"LineString","coordinates":[[-99.065008,19.346098],[-99.063887,19.345596],[-99.063868,19.345584],[-99.063857,19.345567],[-99.063853,19.345545],[-99.063855,19.345389]]}},{"type":"Feature","properties":{"mode":"bus","n":5,"arr":["R57-A","R57-C","R162","R165-A","T13"],"lines":"57-A, 57-C, 162, 165-A, 13"},"geometry":{"type":"LineString","coordinates":[[-99.061234,19.344192],[-99.061236,19.343845],[-99.061169,19.343678],[-99.061092,19.343608],[-99.060989,19.343559],[-99.060875,19.343544],[-99.060739,19.343571],[-99.060613,19.343649],[-99.060552,19.343728],[-99.060514,19.343836],[-99.060512,19.343952],[-99.060595,19.344133],[-99.060813,19.344333]]}},{"type":"Feature","properties":{"mode":"bus","n":5,"arr":["R69","R134-A","R134-B","R134-D","R146"],"lines":"69, 134-A, 134-B, 134-D, 146"},"geometry":{"type":"LineString","coordinates":[[-99.154525,19.211723],[-99.154666,19.211868]]}},{"type":"Feature","properties":{"mode":"bus","n":7,"arr":["R69","R132","R134","R134-A","R134-B","R134-C","R134-D"],"lines":"69, 132, 134, 134-A, 134-B, 134-C, 134-D"},"geometry":{"type":"LineString","coordinates":[[-99.172448,19.263939],[-99.172319,19.263791],[-99.172307,19.26378],[-99.172295,19.263777],[-99.172283,19.263781],[-99.172272,19.263792],[-99.172142,19.263951],[-99.171635,19.264735],[-99.171627,19.264755],[-99.171631,19.264771],[-99.171647,19.264785],[-99.171749,19.264847]]}},{"type":"Feature","properties":{"mode":"bus","n":7,"arr":["R69","R132","R134","R134-A","R134-B","R134-C","R134-D"],"lines":"69, 132, 134, 134-A, 134-B, 134-C, 134-D"},"geometry":{"type":"LineString","coordinates":[[-99.171619,19.265055],[-99.171731,19.265099]]}},{"type":"Feature","properties":{"mode":"bus","n":7,"arr":["R69","R132","R134","R134-A","R134-B","R134-C","R134-D"],"lines":"69, 132, 134, 134-A, 134-B, 134-C, 134-D"},"geometry":{"type":"LineString","coordinates":[[-99.173866,19.26274],[-99.174012,19.2626],[-99.174179,19.262113],[-99.17423,19.261848],[-99.174204,19.261478],[-99.174151,19.261324],[-99.173949,19.260915],[-99.173936,19.260898],[-99.173919,19.260891],[-99.173897,19.260895],[-99.173811,19.260926]]}},{"type":"Feature","properties":{"mode":"bus","n":7,"arr":["R69","R132","R134","R134-A","R134-B","R134-C","R134-D"],"lines":"69, 132, 134, 134-A, 134-B, 134-C, 134-D"},"geometry":{"type":"LineString","coordinates":[[-99.173913,19.257907],[-99.173808,19.25787]]}},{"type":"Feature","properties":{"mode":"bus","n":6,"arr":["R69","R131","R132","R134","R134-A","R134-B"],"lines":"69, 131, 132, 134, 134-A, 134-B"},"geometry":{"type":"LineString","coordinates":[[-99.147707,19.300646],[-99.147531,19.300632],[-99.147457,19.300594]]}},{"type":"Feature","properties":{"mode":"bus","n":6,"arr":["R69","R131","R132","R134","R134-A","R134-B"],"lines":"69, 131, 132, 134, 134-A, 134-B"},"geometry":{"type":"LineString","coordinates":[[-99.147681,19.300308],[-99.147763,19.300414],[-99.147798,19.300574]]}},{"type":"Feature","properties":{"mode":"bus","n":6,"arr":["R101","R101-A","R101-B","R101-D","R102","R103"],"lines":"101, 101-A, 101-B, 101-D, 102, 103"},"geometry":{"type":"LineString","coordinates":[[-99.130049,19.558032],[-99.129757,19.558559],[-99.129751,19.558579],[-99.129756,19.558595],[-99.129773,19.558608],[-99.132009,19.559731],[-99.133451,19.560416],[-99.133467,19.560421],[-99.133481,19.56042],[-99.133492,19.560413],[-99.133502,19.5604],[-99.133795,19.559845],[-99.13424,19.558874],[-99.134883,19.557643],[-99.135075,19.5573],[-99.135258,19.557099],[-99.135392,19.556908],[-99.13546,19.556763],[-99.136347,19.554128],[-99.136488,19.553304],[-99.13655,19.552727],[-99.136866,19.548814],[-99.137275,19.547891],[-99.137549,19.546935],[-99.137919,19.546067],[-99.13824,19.5454],[-99.138861,19.543819],[-99.139974,19.541298],[-99.140142,19.54096],[-99.141355,19.537724],[-99.141621,19.537148],[-99.141987,19.536608],[-99.142134,19.536336],[-99.14217,19.53614],[-99.142175,19.534404],[-99.142082,19.528916]]}},{"type":"Feature","properties":{"mode":"bus","n":6,"arr":["R101","R101-A","R101-B","R101-D","R102","R103"],"lines":"101, 101-A, 101-B, 101-D, 102, 103"},"geometry":{"type":"LineString","coordinates":[[-99.1421,19.530403],[-99.14183,19.531097],[-99.141718,19.531508],[-99.141711,19.53162],[-99.141793,19.532686],[-99.141801,19.533321],[-99.141764,19.53363],[-99.141721,19.534429],[-99.14177,19.534685],[-99.142023,19.5356],[-99.142035,19.536039],[-99.142007,19.536255],[-99.141809,19.536617],[-99.141748,19.53669],[-99.140981,19.537457],[-99.140847,19.537627],[-99.140206,19.539219],[-99.139479,19.541114],[-99.138691,19.54263],[-99.138563,19.542835],[-99.138064,19.543814],[-99.137107,19.545416],[-99.136451,19.54645],[-99.13542,19.548324],[-99.135063,19.548882],[-99.133619,19.551409],[-99.132056,19.554224],[-99.130658,19.556876],[-99.13034,19.557424],[-99.1301,19.557925]]}},{"type":"Feature","properties":{"mode":"bus","n":5,"arr":["R101","R101-A","R101-B","R103","R108"],"lines":"101, 101-A, 101-B, 103, 108"},"geometry":{"type":"LineString","coordinates":[[-99.142103,19.528942],[-99.142082,19.528916]]}},{"type":"Feature","properties":{"mode":"bus","n":6,"arr":["R101","R101-A","R101-B","R101-D","R102","R108"],"lines":"101, 101-A, 101-B, 101-D, 102, 108"},"geometry":{"type":"LineString","coordinates":[[-99.142082,19.528916],[-99.140793,19.52687],[-99.140606,19.526503],[-99.140425,19.524533]]}},{"type":"Feature","properties":{"mode":"bus","n":6,"arr":["R101","R101-A","R101-B","R101-D","R102","R108"],"lines":"101, 101-A, 101-B, 101-D, 102, 108"},"geometry":{"type":"LineString","coordinates":[[-99.140369,19.523743],[-99.140298,19.522739],[-99.140287,19.522264],[-99.140384,19.521971],[-99.140431,19.521885],[-99.140577,19.521728],[-99.141907,19.520616],[-99.142186,19.520232],[-99.142288,19.520031]]}},{"type":"Feature","properties":{"mode":"bus","n":6,"arr":["R101","R101-A","R101-B","R101-D","R102","R108"],"lines":"101, 101-A, 101-B, 101-D, 102, 108"},"geometry":{"type":"LineString","coordinates":[[-99.140312,19.524537],[-99.140463,19.526257],[-99.140545,19.526631],[-99.140691,19.526895],[-99.14186,19.528736],[-99.142085,19.529019]]}},{"type":"Feature","properties":{"mode":"bus","n":6,"arr":["R101","R101-A","R101-B","R101-D","R107-B","R108"],"lines":"101, 101-A, 101-B, 101-D, 107-B, 108"},"geometry":{"type":"LineString","coordinates":[[-99.12198,19.494613],[-99.121311,19.493548]]}},{"type":"Feature","properties":{"mode":"bus","n":7,"arr":["R101","R101-A","R101-B","R101-D","R102","R107-B","R108"],"lines":"101, 101-A, 101-B, 101-D, 102, 107-B, 108"},"geometry":{"type":"LineString","coordinates":[[-99.12692,19.502088],[-99.126041,19.500837],[-99.125227,19.499749],[-99.124546,19.498789],[-99.12198,19.494613]]}},{"type":"Feature","properties":{"mode":"bus","n":5,"arr":["R101","R101-A","R101-B","R102","R103"],"lines":"101, 101-A, 101-B, 102, 103"},"geometry":{"type":"LineString","coordinates":[[-99.1301,19.557925],[-99.130049,19.558032]]}},{"type":"Feature","properties":{"mode":"bus","n":5,"arr":["R101-A","R101-B","R101-D","R107-B","T5"],"lines":"101-A, 101-B, 101-D, 107-B, 5"},"geometry":{"type":"LineString","coordinates":[[-99.114366,19.482485],[-99.114635,19.481736]]}},{"type":"Feature","properties":{"mode":"bus","n":5,"arr":["R110","R110-B","R110-C","R113-B","RL1"],"lines":"110, 110-B, 110-C, 113-B, L1"},"geometry":{"type":"LineString","coordinates":[[-99.200375,19.401989],[-99.198431,19.4028],[-99.198048,19.402923],[-99.197584,19.403016],[-99.196733,19.403152],[-99.195218,19.403355],[-99.19204,19.403747],[-99.190873,19.403855]]}},{"type":"Feature","properties":{"mode":"bus","n":5,"arr":["R110","R110-B","R110-C","R113-B","RL1"],"lines":"110, 110-B, 110-C, 113-B, L1"},"geometry":{"type":"LineString","coordinates":[[-99.187034,19.403895],[-99.187974,19.403898],[-99.188986,19.403931],[-99.189602,19.404012],[-99.190916,19.403949],[-99.194008,19.403593],[-99.195181,19.403431],[-99.197491,19.403155],[-99.198299,19.402982],[-99.199051,19.402679]]}},{"type":"Feature","properties":{"mode":"bus","n":5,"arr":["R132","R134","R134-A","R134-C","R134-D"],"lines":"132, 134, 134-A, 134-C, 134-D"},"geometry":{"type":"LineString","coordinates":[[-99.177366,19.257199],[-99.177277,19.257138]]}},{"type":"Feature","properties":{"mode":"bus","n":5,"arr":["R134","R134-A","R134-B","R134-C","R134-D"],"lines":"134, 134-A, 134-B, 134-C, 134-D"},"geometry":{"type":"LineString","coordinates":[[-99.176263,19.253011],[-99.176361,19.252985]]}},{"type":"Feature","properties":{"mode":"bus","n":5,"arr":["R162-B","R163-B","R164","R166","R167"],"lines":"162-B, 163-B, 164, 166, 167"},"geometry":{"type":"LineString","coordinates":[[-99.08123,19.412635],[-99.082574,19.413389],[-99.082608,19.413399],[-99.082642,19.413393],[-99.082834,19.413319],[-99.083023,19.413302],[-99.083208,19.413248],[-99.083255,19.413214],[-99.083457,19.412943],[-99.083483,19.412921],[-99.083517,19.412912],[-99.083679,19.412902]]}},{"type":"Feature","properties":{"mode":"bus","n":8,"arr":["R162-B","R163","R163-A","R163-B","R164","R166","R167","T2"],"lines":"162-B, 163, 163-A, 163-B, 164, 166, 167, 2"},"geometry":{"type":"LineString","coordinates":[[-99.077482,19.408711],[-99.07739,19.408658]]}},{"type":"Feature","properties":{"mode":"bus","n":6,"arr":["R163","R163-A","R163-B","R164","R166","R167"],"lines":"163, 163-A, 163-B, 164, 166, 167"},"geometry":{"type":"LineString","coordinates":[[-99.012147,19.369358],[-99.010045,19.367765],[-99.008656,19.366632]]}},{"type":"Feature","properties":{"mode":"bus","n":6,"arr":["R162-B","R163","R163-A","R164","R166","R167"],"lines":"162-B, 163, 163-A, 164, 166, 167"},"geometry":{"type":"LineString","coordinates":[[-99.003343,19.357338],[-99.00336,19.357263]]}}]}